{
  "dctx_email": {
    "quota": 393.33,
    "used": 906.67,
    "timestamp": 1762915419.9477482
  },
  "ljq_email": {
    "quota": 1099.33,
    "used": 100.43,
    "timestamp": 1762915437.8680928
  },
  "zc_email": {
    "quota": 957.54,
    "used": 242.46,
    "timestamp": 1762915454.7750213
  }
}