{
  "dctx_email": {
    "quota": 574.06,
    "used": 1150.94,
    "timestamp": 1764376972.745696
  },
  "ljq_email": {
    "quota": 954.76,
    "used": 670.0,
    "timestamp": 1764376993.501539
  },
  "zc_email": {
    "quota": 1370.13,
    "used": 254.87,
    "timestamp": 1764377014.5254953
  },
  "zj_email": {
    "quota": 575.0,
    "used": 0.0,
    "timestamp": 1764377035.4219394
  },
  "fks_email": {
    "quota": 575.0,
    "used": 0.0,
    "timestamp": 1764377058.1001105
  },
  "dxh_email": {
    "quota": 575.0,
    "used": 0.0,
    "timestamp": 1764377081.3006139
  },
  "zhb_email": {
    "quota": 575.0,
    "used": 0.0,
    "timestamp": 1764377103.500455
  },
  "linuxdo_84404_cookies": {
    "quota": 200.06,
    "used": 1149.94,
    "timestamp": 1764377112.286922
  },
  "linux_chuang_cookies": {
    "quota": 1050.0,
    "used": 0.0,
    "timestamp": 1764377119.5634713
  },
  "linux_bwj_cookies": {
    "quota": 1075.0,
    "used": 0.0,
    "timestamp": 1764377128.3725939
  },
  "linux_devbai_cookies": {
    "quota": 1025.0,
    "used": 0.0,
    "timestamp": 1764377136.8659866
  },
  "linux_Yeahnet_cookies": {
    "quota": 1025.0,
    "used": 0.0,
    "timestamp": 1764377145.375639
  }
}