{
  "dctx_email": {
    "quota": 429.7,
    "used": 3095.3,
    "timestamp": 1770598965.7556753
  },
  "ljq_email": {
    "quota": 1703.06,
    "used": 1722.03,
    "timestamp": 1770598988.6014838
  },
  "zc_email": {
    "quota": 1178.26,
    "used": 2233.7,
    "timestamp": 1770599011.5124166
  },
  "zj_email": {
    "quota": 2375.0,
    "used": 0.0,
    "timestamp": 1770599081.4456923
  },
  "fks_email": {
    "quota": 2375.0,
    "used": 0.0,
    "timestamp": 1770599104.279144
  },
  "dxh_email": {
    "quota": 2375.0,
    "used": 0.0,
    "timestamp": 1770599128.9664729
  },
  "zhb_email": {
    "quota": 2375.0,
    "used": 0.0,
    "timestamp": 1770599152.5720387
  },
  "linuxdo_84404_cookies": {
    "quota": 993.32,
    "used": 2006.68,
    "timestamp": 1770599020.5812798
  },
  "linux_chuang_cookies": {
    "quota": 2500.44,
    "used": 199.56,
    "timestamp": 1770599028.9718494
  },
  "linux_bwj_cookies": {
    "quota": 800.04,
    "used": 1849.08,
    "timestamp": 1770599038.5795727
  },
  "linux_devbai_cookies": {
    "quota": 760.41,
    "used": 1914.59,
    "timestamp": 1770599049.4130905
  },
  "linux_Yeahnet_cookies": {
    "quota": 888.26,
    "used": 1786.74,
    "timestamp": 1770599058.5842426
  }
}