{
  "dctx_email": {
    "quota": 1066.54,
    "used": 3108.75,
    "timestamp": 1772886030.0335827
  },
  "ljq_email": {
    "quota": 125.15,
    "used": 3949.93,
    "timestamp": 1772886052.297038
  },
  "zc_email": {
    "quota": 1796.16,
    "used": 2278.84,
    "timestamp": 1772886074.0360322
  },
  "zj_email": {
    "quota": 3025.0,
    "used": 0.0,
    "timestamp": 1772886139.9531453
  },
  "fks_email": {
    "quota": 3025.0,
    "used": 0.0,
    "timestamp": 1772886162.2378285
  },
  "dxh_email": {
    "quota": 3025.0,
    "used": 0.0,
    "timestamp": 1772886184.027829
  },
  "zhb_email": {
    "quota": 3025.0,
    "used": 0.0,
    "timestamp": 1772886206.194056
  },
  "linuxdo_84404_cookies": {
    "quota": 543.53,
    "used": 3006.47,
    "timestamp": 1772886083.1327488
  },
  "linux_chuang_cookies": {
    "quota": 1797.19,
    "used": 1552.81,
    "timestamp": 1772886091.083666
  },
  "linux_bwj_cookies": {
    "quota": 961.3,
    "used": 2213.7,
    "timestamp": 1772886099.8484547
  },
  "linux_devbai_cookies": {
    "quota": 1410.41,
    "used": 1914.59,
    "timestamp": 1772886109.0226977
  },
  "linux_Yeahnet_cookies": {
    "quota": 1520.95,
    "used": 1804.05,
    "timestamp": 1772886118.3115916
  }
}