{
  "dctx_email": {
    "quota": 386.94,
    "used": 3063.06,
    "timestamp": 1770380973.7038605
  },
  "ljq_email": {
    "quota": 1628.06,
    "used": 1722.03,
    "timestamp": 1770380994.1666873
  },
  "zc_email": {
    "quota": 1103.26,
    "used": 2233.7,
    "timestamp": 1770381016.4822073
  },
  "zj_email": {
    "quota": 2300.0,
    "used": 0.0,
    "timestamp": 1770381080.6504223
  },
  "fks_email": {
    "quota": 2300.0,
    "used": 0.0,
    "timestamp": 1770381103.8006284
  },
  "dxh_email": {
    "quota": 2300.0,
    "used": 0.0,
    "timestamp": 1770381127.0159295
  },
  "zhb_email": {
    "quota": 2300.0,
    "used": 0.0,
    "timestamp": 1770381149.4289818
  },
  "linuxdo_84404_cookies": {
    "quota": 1418.12,
    "used": 1506.88,
    "timestamp": 1770381024.6066813
  },
  "linux_chuang_cookies": {
    "quota": 2425.44,
    "used": 199.56,
    "timestamp": 1770381032.6946187
  },
  "linux_bwj_cookies": {
    "quota": 725.04,
    "used": 1849.08,
    "timestamp": 1770381041.5963347
  },
  "linux_devbai_cookies": {
    "quota": 685.41,
    "used": 1914.59,
    "timestamp": 1770381050.1175957
  },
  "linux_Yeahnet_cookies": {
    "quota": 813.26,
    "used": 1786.74,
    "timestamp": 1770381058.0325499
  }
}