{
  "dctx_email": {
    "quota": 199.34,
    "used": 1150.66,
    "timestamp": 1763110484.3984222
  },
  "ljq_email": {
    "quota": 1149.33,
    "used": 100.43,
    "timestamp": 1763110504.9266505
  },
  "zc_email": {
    "quota": 995.42,
    "used": 254.58,
    "timestamp": 1763110524.8017292
  },
  "zj_email": {
    "quota": 200.0,
    "used": 0.0,
    "timestamp": 1763110891.4795454
  },
  "fks_email": {
    "quota": 200.0,
    "used": 0.0,
    "timestamp": 1763110912.299336
  },
  "dxh_email": {
    "quota": 200.0,
    "used": 0.0,
    "timestamp": 1763110931.5523002
  },
  "zhb_email": {
    "quota": 200.0,
    "used": 0.0,
    "timestamp": 1763110952.5466356
  }
}