{
  "dctx_email": {
    "quota": 766.54,
    "used": 3108.75,
    "timestamp": 1771829481.931248
  },
  "ljq_email": {
    "quota": 774.03,
    "used": 3001.06,
    "timestamp": 1771829502.8212595
  },
  "zc_email": {
    "quota": 1541.13,
    "used": 2233.87,
    "timestamp": 1771829525.1047575
  },
  "zj_email": {
    "quota": 2725.0,
    "used": 0.0,
    "timestamp": 1771829586.8455126
  },
  "fks_email": {
    "quota": 2725.0,
    "used": 0.0,
    "timestamp": 1771829610.2590349
  },
  "dxh_email": {
    "quota": 2725.0,
    "used": 0.0,
    "timestamp": 1771829632.8037624
  },
  "zhb_email": {
    "quota": 2725.0,
    "used": 0.0,
    "timestamp": 1771829655.160297
  },
  "linuxdo_84404_cookies": {
    "quota": 243.53,
    "used": 3006.47,
    "timestamp": 1771829532.795578
  },
  "linux_chuang_cookies": {
    "quota": 2850.44,
    "used": 199.56,
    "timestamp": 1771829540.0906334
  },
  "linux_bwj_cookies": {
    "quota": 1025.92,
    "used": 1849.08,
    "timestamp": 1771829548.9946525
  },
  "linux_devbai_cookies": {
    "quota": 1110.41,
    "used": 1914.59,
    "timestamp": 1771829556.4563317
  },
  "linux_Yeahnet_cookies": {
    "quota": 1238.26,
    "used": 1786.74,
    "timestamp": 1771829564.7544723
  }
}