{
  "dctx_email": {
    "quota": 649.06,
    "used": 1150.94,
    "timestamp": 1764677996.0671847
  },
  "ljq_email": {
    "quota": 281.53,
    "used": 1418.55,
    "timestamp": 1764678019.3905208
  },
  "zc_email": {
    "quota": 1440.04,
    "used": 259.96,
    "timestamp": 1764678043.2319875
  },
  "zj_email": {
    "quota": 650.0,
    "used": 0.0,
    "timestamp": 1764678068.1747658
  },
  "fks_email": {
    "quota": 650.0,
    "used": 0.0,
    "timestamp": 1764678093.6416705
  },
  "dxh_email": {
    "quota": 650.0,
    "used": 0.0,
    "timestamp": 1764678117.4458513
  },
  "zhb_email": {
    "quota": 650.0,
    "used": 0.0,
    "timestamp": 1764678140.9219182
  },
  "linuxdo_84404_cookies": {
    "quota": 275.06,
    "used": 1149.94,
    "timestamp": 1764678152.600075
  },
  "linux_chuang_cookies": {
    "quota": 1125.0,
    "used": 0.0,
    "timestamp": 1764678163.620922
  },
  "linux_bwj_cookies": {
    "quota": 1150.0,
    "used": 0.0,
    "timestamp": 1764678174.109589
  },
  "linux_devbai_cookies": {
    "quota": 1100.0,
    "used": 0.0,
    "timestamp": 1764678185.1355364
  },
  "linux_Yeahnet_cookies": {
    "quota": 1100.0,
    "used": 0.0,
    "timestamp": 1764678196.782512
  }
}