{
  "dctx_email": {
    "quota": 898.45,
    "used": 1151.55,
    "timestamp": 1765541957.922772
  },
  "ljq_email": {
    "quota": 228.06,
    "used": 1722.03,
    "timestamp": 1765541978.8831532
  },
  "zc_email": {
    "quota": 1108.29,
    "used": 841.71,
    "timestamp": 1765541999.9297838
  },
  "zj_email": {
    "quota": 900.0,
    "used": 0.0,
    "timestamp": 1765542021.21921
  },
  "fks_email": {
    "quota": 900.0,
    "used": 0.0,
    "timestamp": 1765542044.0513926
  },
  "dxh_email": {
    "quota": 900.0,
    "used": 0.0,
    "timestamp": 1765542066.754804
  },
  "zhb_email": {
    "quota": 900.0,
    "used": 0.0,
    "timestamp": 1765542090.2004614
  },
  "linuxdo_84404_cookies": {
    "quota": 522.62,
    "used": 1152.38,
    "timestamp": 1765542098.588087
  },
  "linux_chuang_cookies": {
    "quota": 1372.68,
    "used": 2.32,
    "timestamp": 1765542106.2510717
  },
  "linux_bwj_cookies": {
    "quota": 1350.0,
    "used": 0.0,
    "timestamp": 1765327756.8106296
  },
  "linux_devbai_cookies": {
    "quota": 1350.0,
    "used": 0.0,
    "timestamp": 1765542127.5671883
  },
  "linux_Yeahnet_cookies": {
    "quota": 1350.0,
    "used": 0.0,
    "timestamp": 1765542135.657668
  }
}