{
  "dctx_email": {
    "quota": 390.58,
    "used": 909.42,
    "timestamp": 1762922738.5641735
  },
  "ljq_email": {
    "quota": 1099.33,
    "used": 100.43,
    "timestamp": 1762922756.2369874
  },
  "zc_email": {
    "quota": 957.54,
    "used": 242.46,
    "timestamp": 1762922772.122255
  },
  "zj_email": {
    "quota": 150.0,
    "used": 0.0,
    "timestamp": 1762923387.306895
  },
  "fks_email": {
    "quota": 150.0,
    "used": 0.0,
    "timestamp": 1762923404.9899244
  },
  "dxh_email": {
    "quota": 150.0,
    "used": 0.0,
    "timestamp": 1762923422.126274
  },
  "zhb_email": {
    "quota": 150.0,
    "used": 0.0,
    "timestamp": 1762923437.9938784
  }
}