{
  "dctx_email": {
    "quota": 411.37,
    "used": 2113.63,
    "timestamp": 1767204914.232651
  },
  "ljq_email": {
    "quota": 703.06,
    "used": 1722.03,
    "timestamp": 1767204935.7669685
  },
  "zc_email": {
    "quota": 218.58,
    "used": 2193.38,
    "timestamp": 1767204957.6455858
  },
  "zj_email": {
    "quota": 1375.0,
    "used": 0.0,
    "timestamp": 1767205022.1725404
  },
  "fks_email": {
    "quota": 1375.0,
    "used": 0.0,
    "timestamp": 1767205045.5107763
  },
  "dxh_email": {
    "quota": 1375.0,
    "used": 0.0,
    "timestamp": 1767205069.1368818
  },
  "zhb_email": {
    "quota": 1375.0,
    "used": 0.0,
    "timestamp": 1767205090.3884656
  },
  "linuxdo_84404_cookies": {
    "quota": 947.62,
    "used": 1152.38,
    "timestamp": 1767204965.5631092
  },
  "linux_chuang_cookies": {
    "quota": 1837.86,
    "used": 12.14,
    "timestamp": 1767204974.2967236
  },
  "linux_bwj_cookies": {
    "quota": 69.25,
    "used": 1754.87,
    "timestamp": 1767204983.6610527
  },
  "linux_devbai_cookies": {
    "quota": 1825.0,
    "used": 0.0,
    "timestamp": 1767204991.2425597
  },
  "linux_Yeahnet_cookies": {
    "quota": 1825.0,
    "used": 0.0,
    "timestamp": 1767205000.308012
  }
}