{
  "dctx_email": {
    "quota": 836.37,
    "used": 2113.63,
    "timestamp": 1768673673.4337769
  },
  "ljq_email": {
    "quota": 1128.06,
    "used": 1722.03,
    "timestamp": 1768673694.6827242
  },
  "zc_email": {
    "quota": 603.26,
    "used": 2233.7,
    "timestamp": 1768673715.432925
  },
  "zj_email": {
    "quota": 1800.0,
    "used": 0.0,
    "timestamp": 1768673792.37332
  },
  "fks_email": {
    "quota": 1800.0,
    "used": 0.0,
    "timestamp": 1768673814.2830782
  },
  "dxh_email": {
    "quota": 1800.0,
    "used": 0.0,
    "timestamp": 1768673835.8988523
  },
  "zhb_email": {
    "quota": 1800.0,
    "used": 0.0,
    "timestamp": 1768673858.8187757
  },
  "linuxdo_84404_cookies": {
    "quota": 1322.62,
    "used": 1152.38,
    "timestamp": 1768437995.669237
  },
  "linux_chuang_cookies": {
    "quota": 2216.99,
    "used": 58.01,
    "timestamp": 1768673737.3834188
  },
  "linux_bwj_cookies": {
    "quota": 275.04,
    "used": 1849.08,
    "timestamp": 1768198878.508116
  },
  "linux_devbai_cookies": {
    "quota": 335.41,
    "used": 1914.59,
    "timestamp": 1768673760.0004292
  },
  "linux_Yeahnet_cookies": {
    "quota": 463.26,
    "used": 1786.74,
    "timestamp": 1768673769.1717575
  }
}