{
  "dctx_email": {
    "quota": 741.54,
    "used": 3108.75,
    "timestamp": 1771741999.1959317
  },
  "ljq_email": {
    "quota": 749.03,
    "used": 3001.06,
    "timestamp": 1771742021.0036619
  },
  "zc_email": {
    "quota": 1516.13,
    "used": 2233.87,
    "timestamp": 1771742041.7728674
  },
  "zj_email": {
    "quota": 2700.0,
    "used": 0.0,
    "timestamp": 1771742106.6000798
  },
  "fks_email": {
    "quota": 2700.0,
    "used": 0.0,
    "timestamp": 1771742129.9290805
  },
  "dxh_email": {
    "quota": 2700.0,
    "used": 0.0,
    "timestamp": 1771742152.7827365
  },
  "zhb_email": {
    "quota": 2700.0,
    "used": 0.0,
    "timestamp": 1771742173.4700372
  },
  "linuxdo_84404_cookies": {
    "quota": 218.69,
    "used": 3006.31,
    "timestamp": 1771742050.4396608
  },
  "linux_chuang_cookies": {
    "quota": 2825.44,
    "used": 199.56,
    "timestamp": 1771742058.827561
  },
  "linux_bwj_cookies": {
    "quota": 1000.92,
    "used": 1849.08,
    "timestamp": 1771742067.1247585
  },
  "linux_devbai_cookies": {
    "quota": 1085.41,
    "used": 1914.59,
    "timestamp": 1771742075.7804093
  },
  "linux_Yeahnet_cookies": {
    "quota": 1213.26,
    "used": 1786.74,
    "timestamp": 1771742084.9344058
  }
}