{
  "dctx_email": {
    "quota": 473.0,
    "used": 1877.0,
    "timestamp": 1766537183.443396
  },
  "ljq_email": {
    "quota": 528.06,
    "used": 1722.03,
    "timestamp": 1766537206.3133101
  },
  "zc_email": {
    "quota": 97.89,
    "used": 2139.07,
    "timestamp": 1766537229.6580944
  },
  "zj_email": {
    "quota": 1200.0,
    "used": 0.0,
    "timestamp": 1766537297.9443424
  },
  "fks_email": {
    "quota": 1200.0,
    "used": 0.0,
    "timestamp": 1766537320.6316736
  },
  "dxh_email": {
    "quota": 1200.0,
    "used": 0.0,
    "timestamp": 1766537344.6572406
  },
  "zhb_email": {
    "quota": 1200.0,
    "used": 0.0,
    "timestamp": 1766537367.5092156
  },
  "linuxdo_84404_cookies": {
    "quota": 772.62,
    "used": 1152.38,
    "timestamp": 1766537239.7817502
  },
  "linux_chuang_cookies": {
    "quota": 1664.5,
    "used": 10.5,
    "timestamp": 1766537247.5948188
  },
  "linux_bwj_cookies": {
    "quota": 1650.0,
    "used": 0.0,
    "timestamp": 1766537256.7230308
  },
  "linux_devbai_cookies": {
    "quota": 1650.0,
    "used": 0.0,
    "timestamp": 1766537266.4527636
  },
  "linux_Yeahnet_cookies": {
    "quota": 1650.0,
    "used": 0.0,
    "timestamp": 1766537275.2989628
  }
}