{
  "dctx_email": {
    "quota": 886.37,
    "used": 2113.63,
    "timestamp": 1768803735.19405
  },
  "ljq_email": {
    "quota": 1178.06,
    "used": 1722.03,
    "timestamp": 1768803758.925071
  },
  "zc_email": {
    "quota": 653.26,
    "used": 2233.7,
    "timestamp": 1768803780.525113
  },
  "zj_email": {
    "quota": 1850.0,
    "used": 0.0,
    "timestamp": 1768803858.743976
  },
  "fks_email": {
    "quota": 1850.0,
    "used": 0.0,
    "timestamp": 1768803881.275563
  },
  "dxh_email": {
    "quota": 1850.0,
    "used": 0.0,
    "timestamp": 1768803904.0011368
  },
  "zhb_email": {
    "quota": 1850.0,
    "used": 0.0,
    "timestamp": 1768803927.3199248
  },
  "linuxdo_84404_cookies": {
    "quota": 1322.62,
    "used": 1152.38,
    "timestamp": 1768437995.669237
  },
  "linux_chuang_cookies": {
    "quota": 2266.86,
    "used": 58.14,
    "timestamp": 1768803804.212988
  },
  "linux_bwj_cookies": {
    "quota": 275.04,
    "used": 1849.08,
    "timestamp": 1768198878.508116
  },
  "linux_devbai_cookies": {
    "quota": 385.41,
    "used": 1914.59,
    "timestamp": 1768803826.3065674
  },
  "linux_Yeahnet_cookies": {
    "quota": 513.26,
    "used": 1786.74,
    "timestamp": 1768803835.4862366
  }
}