{
  "dctx_email": {
    "quota": 591.54,
    "used": 3108.75,
    "timestamp": 1771203735.1757307
  },
  "ljq_email": {
    "quota": 1111.86,
    "used": 2488.22,
    "timestamp": 1771203757.998334
  },
  "zc_email": {
    "quota": 1366.3,
    "used": 2233.7,
    "timestamp": 1771203779.6388063
  },
  "zj_email": {
    "quota": 2550.0,
    "used": 0.0,
    "timestamp": 1771203853.7495282
  },
  "fks_email": {
    "quota": 2550.0,
    "used": 0.0,
    "timestamp": 1771203875.9137137
  },
  "dxh_email": {
    "quota": 2550.0,
    "used": 0.0,
    "timestamp": 1771203898.391261
  },
  "zhb_email": {
    "quota": 2550.0,
    "used": 0.0,
    "timestamp": 1771203922.4153297
  },
  "linuxdo_84404_cookies": {
    "quota": 1118.32,
    "used": 2006.68,
    "timestamp": 1771050641.8473558
  },
  "linux_chuang_cookies": {
    "quota": 2675.44,
    "used": 199.56,
    "timestamp": 1771203801.3266215
  },
  "linux_bwj_cookies": {
    "quota": 925.92,
    "used": 1849.08,
    "timestamp": 1771050659.1261163
  },
  "linux_devbai_cookies": {
    "quota": 935.41,
    "used": 1914.59,
    "timestamp": 1771203822.3135667
  },
  "linux_Yeahnet_cookies": {
    "quota": 1063.26,
    "used": 1786.74,
    "timestamp": 1771203830.7379785
  }
}