{
  "dctx_email": {
    "quota": 411.37,
    "used": 2113.63,
    "timestamp": 1767183551.4154956
  },
  "ljq_email": {
    "quota": 703.06,
    "used": 1722.03,
    "timestamp": 1767183573.5894876
  },
  "zc_email": {
    "quota": 218.58,
    "used": 2193.38,
    "timestamp": 1767183595.6247025
  },
  "zj_email": {
    "quota": 1375.0,
    "used": 0.0,
    "timestamp": 1767183664.196906
  },
  "fks_email": {
    "quota": 1375.0,
    "used": 0.0,
    "timestamp": 1767183685.548419
  },
  "dxh_email": {
    "quota": 1375.0,
    "used": 0.0,
    "timestamp": 1767183708.068422
  },
  "zhb_email": {
    "quota": 1375.0,
    "used": 0.0,
    "timestamp": 1767183730.7987905
  },
  "linuxdo_84404_cookies": {
    "quota": 947.62,
    "used": 1152.38,
    "timestamp": 1767183604.1410313
  },
  "linux_chuang_cookies": {
    "quota": 1837.86,
    "used": 12.14,
    "timestamp": 1767183613.0157719
  },
  "linux_bwj_cookies": {
    "quota": 208.65,
    "used": 1616.35,
    "timestamp": 1767183623.2152572
  },
  "linux_devbai_cookies": {
    "quota": 1825.0,
    "used": 0.0,
    "timestamp": 1767183632.4036036
  },
  "linux_Yeahnet_cookies": {
    "quota": 1825.0,
    "used": 0.0,
    "timestamp": 1767183640.7053843
  }
}