{
  "dctx_email": {
    "quota": 973.45,
    "used": 1151.55,
    "timestamp": 1765759784.9183629
  },
  "ljq_email": {
    "quota": 303.06,
    "used": 1722.03,
    "timestamp": 1765759807.297685
  },
  "zc_email": {
    "quota": 767.86,
    "used": 1244.1,
    "timestamp": 1765759828.631223
  },
  "zj_email": {
    "quota": 975.0,
    "used": 0.0,
    "timestamp": 1765759900.0014489
  },
  "fks_email": {
    "quota": 975.0,
    "used": 0.0,
    "timestamp": 1765759922.5874572
  },
  "dxh_email": {
    "quota": 975.0,
    "used": 0.0,
    "timestamp": 1765759945.3447285
  },
  "zhb_email": {
    "quota": 975.0,
    "used": 0.0,
    "timestamp": 1765759967.7468302
  },
  "linuxdo_84404_cookies": {
    "quota": 547.62,
    "used": 1152.38,
    "timestamp": 1765606643.1339786
  },
  "linux_chuang_cookies": {
    "quota": 1447.68,
    "used": 2.32,
    "timestamp": 1765759851.647724
  },
  "linux_bwj_cookies": {
    "quota": 1425.0,
    "used": 0.0,
    "timestamp": 1765759859.7284806
  },
  "linux_devbai_cookies": {
    "quota": 1425.0,
    "used": 0.0,
    "timestamp": 1765759867.7680836
  },
  "linux_Yeahnet_cookies": {
    "quota": 1425.0,
    "used": 0.0,
    "timestamp": 1765759876.6124508
  }
}