{
  "dctx_email": {
    "quota": 749.06,
    "used": 1150.94,
    "timestamp": 1764981791.4955404
  },
  "ljq_email": {
    "quota": 78.06,
    "used": 1722.03,
    "timestamp": 1764981814.1627522
  },
  "zc_email": {
    "quota": 1520.11,
    "used": 279.89,
    "timestamp": 1764981835.9702675
  },
  "zj_email": {
    "quota": 750.0,
    "used": 0.0,
    "timestamp": 1764981859.449169
  },
  "fks_email": {
    "quota": 750.0,
    "used": 0.0,
    "timestamp": 1764981882.1403947
  },
  "dxh_email": {
    "quota": 750.0,
    "used": 0.0,
    "timestamp": 1764981904.4257755
  },
  "zhb_email": {
    "quota": 750.0,
    "used": 0.0,
    "timestamp": 1764981926.9359465
  },
  "linuxdo_84404_cookies": {
    "quota": 372.62,
    "used": 1152.38,
    "timestamp": 1764981936.837893
  },
  "linux_chuang_cookies": {
    "quota": 1225.0,
    "used": 0.0,
    "timestamp": 1764981945.3290577
  },
  "linux_bwj_cookies": {
    "quota": 1250.0,
    "used": 0.0,
    "timestamp": 1764981953.5053778
  },
  "linux_devbai_cookies": {
    "quota": 1200.0,
    "used": 0.0,
    "timestamp": 1764981963.2648432
  },
  "linux_Yeahnet_cookies": {
    "quota": 1200.0,
    "used": 0.0,
    "timestamp": 1764981971.9560242
  }
}