{
  "dctx_email": {
    "quota": 824.06,
    "used": 1150.94,
    "timestamp": 1765282779.8572476
  },
  "ljq_email": {
    "quota": 153.06,
    "used": 1722.03,
    "timestamp": 1765282801.6404068
  },
  "zc_email": {
    "quota": 1349.34,
    "used": 525.66,
    "timestamp": 1765282823.4493089
  },
  "zj_email": {
    "quota": 825.0,
    "used": 0.0,
    "timestamp": 1765282847.4799652
  },
  "fks_email": {
    "quota": 825.0,
    "used": 0.0,
    "timestamp": 1765282870.99246
  },
  "dxh_email": {
    "quota": 825.0,
    "used": 0.0,
    "timestamp": 1765282894.0849376
  },
  "zhb_email": {
    "quota": 825.0,
    "used": 0.0,
    "timestamp": 1765282916.852862
  },
  "linuxdo_84404_cookies": {
    "quota": 447.62,
    "used": 1152.38,
    "timestamp": 1765282925.6070714
  },
  "linux_chuang_cookies": {
    "quota": 1300.0,
    "used": 0.0,
    "timestamp": 1765282934.7889814
  },
  "linux_bwj_cookies": {
    "quota": 1325.0,
    "used": 0.0,
    "timestamp": 1765282943.4980454
  },
  "linux_devbai_cookies": {
    "quota": 1275.0,
    "used": 0.0,
    "timestamp": 1765282954.1012902
  },
  "linux_Yeahnet_cookies": {
    "quota": 1275.0,
    "used": 0.0,
    "timestamp": 1765282963.100382
  }
}