{
  "dctx_email": {
    "quota": 349.06,
    "used": 1150.94,
    "timestamp": 1763662515.030063
  },
  "ljq_email": {
    "quota": 1299.33,
    "used": 100.43,
    "timestamp": 1763662537.4313602
  },
  "zc_email": {
    "quota": 1145.42,
    "used": 254.58,
    "timestamp": 1763662560.671369
  },
  "zj_email": {
    "quota": 350.0,
    "used": 0.0,
    "timestamp": 1763662599.97464
  },
  "fks_email": {
    "quota": 350.0,
    "used": 0.0,
    "timestamp": 1763662622.7732203
  },
  "dxh_email": {
    "quota": 350.0,
    "used": 0.0,
    "timestamp": 1763662645.2548485
  },
  "zhb_email": {
    "quota": 350.0,
    "used": 0.0,
    "timestamp": 1763662668.7861505
  }
}