{
  "dctx_email": {
    "quota": 799.06,
    "used": 1150.94,
    "timestamp": 1765154773.3554065
  },
  "ljq_email": {
    "quota": 128.06,
    "used": 1722.03,
    "timestamp": 1765154794.246114
  },
  "zc_email": {
    "quota": 1526.32,
    "used": 323.68,
    "timestamp": 1765154817.1614375
  },
  "zj_email": {
    "quota": 800.0,
    "used": 0.0,
    "timestamp": 1765154839.9133403
  },
  "fks_email": {
    "quota": 800.0,
    "used": 0.0,
    "timestamp": 1765154864.16767
  },
  "dxh_email": {
    "quota": 800.0,
    "used": 0.0,
    "timestamp": 1765154888.9856663
  },
  "zhb_email": {
    "quota": 800.0,
    "used": 0.0,
    "timestamp": 1765154911.1202624
  },
  "linuxdo_84404_cookies": {
    "quota": 422.62,
    "used": 1152.38,
    "timestamp": 1765154919.259803
  },
  "linux_chuang_cookies": {
    "quota": 1275.0,
    "used": 0.0,
    "timestamp": 1765154927.8532214
  },
  "linux_bwj_cookies": {
    "quota": 1300.0,
    "used": 0.0,
    "timestamp": 1765154935.716047
  },
  "linux_devbai_cookies": {
    "quota": 1250.0,
    "used": 0.0,
    "timestamp": 1765154945.879994
  },
  "linux_Yeahnet_cookies": {
    "quota": 1250.0,
    "used": 0.0,
    "timestamp": 1765154955.1301928
  }
}