{
  "dctx_email": {
    "quota": 1041.54,
    "used": 3108.75,
    "timestamp": 1772778756.8961189
  },
  "ljq_email": {
    "quota": 100.15,
    "used": 3949.93,
    "timestamp": 1772778779.6305578
  },
  "zc_email": {
    "quota": 1779.07,
    "used": 2270.93,
    "timestamp": 1772778801.1177754
  },
  "zj_email": {
    "quota": 3000.0,
    "used": 0.0,
    "timestamp": 1772778866.4155784
  },
  "fks_email": {
    "quota": 3000.0,
    "used": 0.0,
    "timestamp": 1772778888.4924023
  },
  "dxh_email": {
    "quota": 3000.0,
    "used": 0.0,
    "timestamp": 1772778910.9069107
  },
  "zhb_email": {
    "quota": 3000.0,
    "used": 0.0,
    "timestamp": 1772778932.6909196
  },
  "linuxdo_84404_cookies": {
    "quota": 518.53,
    "used": 3006.47,
    "timestamp": 1772778810.4858918
  },
  "linux_chuang_cookies": {
    "quota": 2541.29,
    "used": 783.71,
    "timestamp": 1772778818.2791002
  },
  "linux_bwj_cookies": {
    "quota": 936.76,
    "used": 2213.24,
    "timestamp": 1772778826.7022462
  },
  "linux_devbai_cookies": {
    "quota": 1385.41,
    "used": 1914.59,
    "timestamp": 1772778834.4712172
  },
  "linux_Yeahnet_cookies": {
    "quota": 1508.77,
    "used": 1791.23,
    "timestamp": 1772778844.376933
  }
}