{
  "dctx_email": {
    "quota": 666.54,
    "used": 3108.75,
    "timestamp": 1771504441.854794
  },
  "ljq_email": {
    "quota": 1038.72,
    "used": 2636.37,
    "timestamp": 1771504463.2800286
  },
  "zc_email": {
    "quota": 1441.3,
    "used": 2233.7,
    "timestamp": 1771504485.8462026
  },
  "zj_email": {
    "quota": 2625.0,
    "used": 0.0,
    "timestamp": 1771504564.0089772
  },
  "fks_email": {
    "quota": 2625.0,
    "used": 0.0,
    "timestamp": 1771504587.5328472
  },
  "dxh_email": {
    "quota": 2625.0,
    "used": 0.0,
    "timestamp": 1771504610.5422792
  },
  "zhb_email": {
    "quota": 2625.0,
    "used": 0.0,
    "timestamp": 1771504633.0525804
  },
  "linuxdo_84404_cookies": {
    "quota": 1118.32,
    "used": 2006.68,
    "timestamp": 1771050641.8473558
  },
  "linux_chuang_cookies": {
    "quota": 2750.44,
    "used": 199.56,
    "timestamp": 1771504509.542692
  },
  "linux_bwj_cookies": {
    "quota": 925.92,
    "used": 1849.08,
    "timestamp": 1771050659.1261163
  },
  "linux_devbai_cookies": {
    "quota": 1010.41,
    "used": 1914.59,
    "timestamp": 1771504531.4568682
  },
  "linux_Yeahnet_cookies": {
    "quota": 1138.26,
    "used": 1786.74,
    "timestamp": 1771504540.2661064
  }
}