{
  "dctx_email": {
    "quota": 265.42,
    "used": 1059.58,
    "timestamp": 1762996827.3353982
  },
  "ljq_email": {
    "quota": 1124.33,
    "used": 100.43,
    "timestamp": 1762996846.761294
  },
  "zc_email": {
    "quota": 982.54,
    "used": 242.46,
    "timestamp": 1762996867.7778776
  },
  "zj_email": {
    "quota": 175.0,
    "used": 0.0,
    "timestamp": 1762997493.994174
  },
  "fks_email": {
    "quota": 175.0,
    "used": 0.0,
    "timestamp": 1762997516.194277
  },
  "dxh_email": {
    "quota": 175.0,
    "used": 0.0,
    "timestamp": 1762997536.2144709
  },
  "zhb_email": {
    "quota": 175.0,
    "used": 0.0,
    "timestamp": 1762997557.5156138
  }
}