{
  "dctx_email": {
    "quota": 455.45,
    "used": 1869.55,
    "timestamp": 1766513749.6194518
  },
  "ljq_email": {
    "quota": 503.06,
    "used": 1722.03,
    "timestamp": 1766513772.451288
  },
  "zc_email": {
    "quota": 73.63,
    "used": 2138.34,
    "timestamp": 1766513792.601741
  },
  "zj_email": {
    "quota": 1175.0,
    "used": 0.0,
    "timestamp": 1766513855.4703171
  },
  "fks_email": {
    "quota": 1175.0,
    "used": 0.0,
    "timestamp": 1766513877.5542367
  },
  "dxh_email": {
    "quota": 1175.0,
    "used": 0.0,
    "timestamp": 1766513899.3636525
  },
  "zhb_email": {
    "quota": 1175.0,
    "used": 0.0,
    "timestamp": 1766513921.583407
  },
  "linuxdo_84404_cookies": {
    "quota": 747.62,
    "used": 1152.38,
    "timestamp": 1766513801.2459753
  },
  "linux_chuang_cookies": {
    "quota": 1639.5,
    "used": 10.5,
    "timestamp": 1766513809.4177022
  },
  "linux_bwj_cookies": {
    "quota": 1625.0,
    "used": 0.0,
    "timestamp": 1766513817.2032514
  },
  "linux_devbai_cookies": {
    "quota": 1625.0,
    "used": 0.0,
    "timestamp": 1766513825.0650957
  },
  "linux_Yeahnet_cookies": {
    "quota": 1625.0,
    "used": 0.0,
    "timestamp": 1766513833.8429523
  }
}