{
  "dctx_email": {
    "quota": 786.37,
    "used": 2113.63,
    "timestamp": 1768437942.7887888
  },
  "ljq_email": {
    "quota": 1078.06,
    "used": 1722.03,
    "timestamp": 1768437964.6131496
  },
  "zc_email": {
    "quota": 553.26,
    "used": 2233.7,
    "timestamp": 1768437986.2438166
  },
  "zj_email": {
    "quota": 1750.0,
    "used": 0.0,
    "timestamp": 1768438056.863218
  },
  "fks_email": {
    "quota": 1750.0,
    "used": 0.0,
    "timestamp": 1768438078.5882888
  },
  "dxh_email": {
    "quota": 1750.0,
    "used": 0.0,
    "timestamp": 1768438101.6081078
  },
  "zhb_email": {
    "quota": 1750.0,
    "used": 0.0,
    "timestamp": 1768438123.766215
  },
  "linuxdo_84404_cookies": {
    "quota": 1322.62,
    "used": 1152.38,
    "timestamp": 1768437995.669237
  },
  "linux_chuang_cookies": {
    "quota": 2167.16,
    "used": 57.84,
    "timestamp": 1768438004.6863546
  },
  "linux_bwj_cookies": {
    "quota": 275.04,
    "used": 1849.08,
    "timestamp": 1768198878.508116
  },
  "linux_devbai_cookies": {
    "quota": 285.41,
    "used": 1914.59,
    "timestamp": 1768438025.9373488
  },
  "linux_Yeahnet_cookies": {
    "quota": 448.03,
    "used": 1751.97,
    "timestamp": 1768438034.4204667
  }
}