{
  "dctx_email": {
    "quota": 516.54,
    "used": 3108.75,
    "timestamp": 1770944711.4549346
  },
  "ljq_email": {
    "quota": 1258.26,
    "used": 2266.83,
    "timestamp": 1770944733.9978426
  },
  "zc_email": {
    "quota": 1291.3,
    "used": 2233.7,
    "timestamp": 1770944755.6980383
  },
  "zj_email": {
    "quota": 2475.0,
    "used": 0.0,
    "timestamp": 1770944823.7259822
  },
  "fks_email": {
    "quota": 2475.0,
    "used": 0.0,
    "timestamp": 1770944846.808382
  },
  "dxh_email": {
    "quota": 2475.0,
    "used": 0.0,
    "timestamp": 1770944868.8097038
  },
  "zhb_email": {
    "quota": 2475.0,
    "used": 0.0,
    "timestamp": 1770944892.674148
  },
  "linuxdo_84404_cookies": {
    "quota": 1093.32,
    "used": 2006.68,
    "timestamp": 1770944765.2491872
  },
  "linux_chuang_cookies": {
    "quota": 2600.44,
    "used": 199.56,
    "timestamp": 1770944772.823683
  },
  "linux_bwj_cookies": {
    "quota": 900.92,
    "used": 1849.08,
    "timestamp": 1770944781.9989784
  },
  "linux_devbai_cookies": {
    "quota": 860.41,
    "used": 1914.59,
    "timestamp": 1770944791.7927918
  },
  "linux_Yeahnet_cookies": {
    "quota": 988.26,
    "used": 1786.74,
    "timestamp": 1770944800.5410607
  }
}