{
  "dctx_email": {
    "quota": 369.35,
    "used": 905.65,
    "timestamp": 1762884168.8473005
  },
  "ljq_email": {
    "quota": 1074.33,
    "used": 100.43,
    "timestamp": 1762884185.5824175
  },
  "zc_email": {
    "quota": 932.54,
    "used": 242.46,
    "timestamp": 1762884202.2417755
  }
}