{
  "dctx_email": {
    "quota": 761.37,
    "used": 2113.63,
    "timestamp": 1768414651.3906043
  },
  "ljq_email": {
    "quota": 1053.06,
    "used": 1722.03,
    "timestamp": 1768414673.9003959
  },
  "zc_email": {
    "quota": 528.26,
    "used": 2233.7,
    "timestamp": 1768414695.2977824
  },
  "zj_email": {
    "quota": 1725.0,
    "used": 0.0,
    "timestamp": 1768414765.72825
  },
  "fks_email": {
    "quota": 1725.0,
    "used": 0.0,
    "timestamp": 1768414788.6338782
  },
  "dxh_email": {
    "quota": 1725.0,
    "used": 0.0,
    "timestamp": 1768414811.0702434
  },
  "zhb_email": {
    "quota": 1725.0,
    "used": 0.0,
    "timestamp": 1768414833.7476044
  },
  "linuxdo_84404_cookies": {
    "quota": 1297.62,
    "used": 1152.38,
    "timestamp": 1768414703.1610641
  },
  "linux_chuang_cookies": {
    "quota": 2142.16,
    "used": 57.84,
    "timestamp": 1768414712.2280178
  },
  "linux_bwj_cookies": {
    "quota": 275.04,
    "used": 1849.08,
    "timestamp": 1768198878.508116
  },
  "linux_devbai_cookies": {
    "quota": 260.41,
    "used": 1914.59,
    "timestamp": 1768414735.4552495
  },
  "linux_Yeahnet_cookies": {
    "quota": 423.03,
    "used": 1751.97,
    "timestamp": 1768414744.3211937
  }
}