{
  "dctx_email": {
    "quota": 991.54,
    "used": 3108.75,
    "timestamp": 1772649093.042782
  },
  "ljq_email": {
    "quota": 50.15,
    "used": 3949.93,
    "timestamp": 1772649124.6593525
  },
  "zc_email": {
    "quota": 1738.34,
    "used": 2261.66,
    "timestamp": 1772649160.272144
  },
  "zj_email": {
    "quota": 2950.0,
    "used": 0.0,
    "timestamp": 1772649327.3931699
  },
  "fks_email": {
    "quota": 2950.0,
    "used": 0.0,
    "timestamp": 1772649354.7085223
  },
  "dxh_email": {
    "quota": 2950.0,
    "used": 0.0,
    "timestamp": 1772649377.5259733
  },
  "zhb_email": {
    "quota": 2950.0,
    "used": 0.0,
    "timestamp": 1772649401.0816057
  },
  "linuxdo_84404_cookies": {
    "quota": 468.53,
    "used": 3006.47,
    "timestamp": 1772649186.091468
  },
  "linux_chuang_cookies": {
    "quota": 2848.31,
    "used": 426.69,
    "timestamp": 1772649212.4633715
  },
  "linux_bwj_cookies": {
    "quota": 887.23,
    "used": 2212.77,
    "timestamp": 1772649240.4111378
  },
  "linux_devbai_cookies": {
    "quota": 1335.41,
    "used": 1914.59,
    "timestamp": 1772649267.2877367
  },
  "linux_Yeahnet_cookies": {
    "quota": 1458.77,
    "used": 1791.23,
    "timestamp": 1772649289.9820266
  }
}