{
  "dctx_email": {
    "quota": 524.06,
    "used": 1150.94,
    "timestamp": 1764204213.5970597
  },
  "ljq_email": {
    "quota": 1239.68,
    "used": 335.08,
    "timestamp": 1764204236.2628126
  },
  "zc_email": {
    "quota": 1320.42,
    "used": 254.58,
    "timestamp": 1764204258.9443507
  },
  "zj_email": {
    "quota": 525.0,
    "used": 0.0,
    "timestamp": 1764204283.1960957
  },
  "fks_email": {
    "quota": 525.0,
    "used": 0.0,
    "timestamp": 1764204306.7265968
  },
  "dxh_email": {
    "quota": 525.0,
    "used": 0.0,
    "timestamp": 1764204330.9760137
  },
  "zhb_email": {
    "quota": 525.0,
    "used": 0.0,
    "timestamp": 1764204355.67235
  },
  "linuxdo_84404_cookies": {
    "quota": 150.09,
    "used": 1149.91,
    "timestamp": 1764204365.5978148
  },
  "linux_chuang_cookies": {
    "quota": 1000.0,
    "used": 0.0,
    "timestamp": 1764204375.500294
  },
  "linux_bwj_cookies": {
    "quota": 1025.0,
    "used": 0.0,
    "timestamp": 1764204385.8773887
  },
  "linux_devbai_cookies": {
    "quota": 975.0,
    "used": 0.0,
    "timestamp": 1764204394.443466
  },
  "linux_Yeahnet_cookies": {
    "quota": 975.0,
    "used": 0.0,
    "timestamp": 1764204404.8854146
  }
}