{
  "dctx_email": {
    "quota": 591.54,
    "used": 3108.75,
    "timestamp": 1771224621.009811
  },
  "ljq_email": {
    "quota": 1097.64,
    "used": 2502.44,
    "timestamp": 1771224643.533896
  },
  "zc_email": {
    "quota": 1366.3,
    "used": 2233.7,
    "timestamp": 1771224664.3855894
  },
  "zj_email": {
    "quota": 2550.0,
    "used": 0.0,
    "timestamp": 1771224737.7458954
  },
  "fks_email": {
    "quota": 2550.0,
    "used": 0.0,
    "timestamp": 1771224760.2079387
  },
  "dxh_email": {
    "quota": 2550.0,
    "used": 0.0,
    "timestamp": 1771224782.2533267
  },
  "zhb_email": {
    "quota": 2550.0,
    "used": 0.0,
    "timestamp": 1771224806.8423326
  },
  "linuxdo_84404_cookies": {
    "quota": 1118.32,
    "used": 2006.68,
    "timestamp": 1771050641.8473558
  },
  "linux_chuang_cookies": {
    "quota": 2675.44,
    "used": 199.56,
    "timestamp": 1771224685.2803054
  },
  "linux_bwj_cookies": {
    "quota": 925.92,
    "used": 1849.08,
    "timestamp": 1771050659.1261163
  },
  "linux_devbai_cookies": {
    "quota": 935.41,
    "used": 1914.59,
    "timestamp": 1771224706.404347
  },
  "linux_Yeahnet_cookies": {
    "quota": 1063.26,
    "used": 1786.74,
    "timestamp": 1771224715.713548
  }
}