{
  "dctx_email": {
    "quota": 742.89,
    "used": 1532.11,
    "timestamp": 1766340866.128843
  },
  "ljq_email": {
    "quota": 453.06,
    "used": 1722.03,
    "timestamp": 1766340887.6738298
  },
  "zc_email": {
    "quota": 75.22,
    "used": 2086.74,
    "timestamp": 1766340908.06122
  },
  "zj_email": {
    "quota": 1125.0,
    "used": 0.0,
    "timestamp": 1766340989.2062557
  },
  "fks_email": {
    "quota": 1125.0,
    "used": 0.0,
    "timestamp": 1766341010.6860528
  },
  "dxh_email": {
    "quota": 1125.0,
    "used": 0.0,
    "timestamp": 1766341033.4620357
  },
  "zhb_email": {
    "quota": 1125.0,
    "used": 0.0,
    "timestamp": 1766341055.4662466
  },
  "linuxdo_84404_cookies": {
    "quota": 697.62,
    "used": 1152.38,
    "timestamp": 1766340916.9934075
  },
  "linux_chuang_cookies": {
    "quota": 1597.68,
    "used": 2.32,
    "timestamp": 1766297787.716851
  },
  "linux_bwj_cookies": {
    "quota": 1575.0,
    "used": 0.0,
    "timestamp": 1766340939.7514532
  },
  "linux_devbai_cookies": {
    "quota": 1575.0,
    "used": 0.0,
    "timestamp": 1766297805.8223367
  },
  "linux_Yeahnet_cookies": {
    "quota": 1575.0,
    "used": 0.0,
    "timestamp": 1766297814.7642128
  }
}