{
  "dctx_email": {
    "quota": 736.37,
    "used": 2113.63,
    "timestamp": 1768306861.4352646
  },
  "ljq_email": {
    "quota": 1028.06,
    "used": 1722.03,
    "timestamp": 1768306882.7512944
  },
  "zc_email": {
    "quota": 503.26,
    "used": 2233.7,
    "timestamp": 1768306904.3989298
  },
  "zj_email": {
    "quota": 1700.0,
    "used": 0.0,
    "timestamp": 1768306975.048627
  },
  "fks_email": {
    "quota": 1700.0,
    "used": 0.0,
    "timestamp": 1768306997.7271051
  },
  "dxh_email": {
    "quota": 1700.0,
    "used": 0.0,
    "timestamp": 1768307021.034675
  },
  "zhb_email": {
    "quota": 1700.0,
    "used": 0.0,
    "timestamp": 1768307044.2546816
  },
  "linuxdo_84404_cookies": {
    "quota": 1272.62,
    "used": 1152.38,
    "timestamp": 1768306912.5681262
  },
  "linux_chuang_cookies": {
    "quota": 2132.38,
    "used": 42.62,
    "timestamp": 1768306920.428358
  },
  "linux_bwj_cookies": {
    "quota": 275.04,
    "used": 1849.08,
    "timestamp": 1768198878.508116
  },
  "linux_devbai_cookies": {
    "quota": 235.41,
    "used": 1914.59,
    "timestamp": 1768306943.6179142
  },
  "linux_Yeahnet_cookies": {
    "quota": 446.92,
    "used": 1703.08,
    "timestamp": 1768306951.9346998
  }
}