{
  "dctx_email": {
    "quota": 873.45,
    "used": 1151.55,
    "timestamp": 1765455649.459471
  },
  "ljq_email": {
    "quota": 203.06,
    "used": 1722.03,
    "timestamp": 1765455670.5140364
  },
  "zc_email": {
    "quota": 1142.74,
    "used": 782.26,
    "timestamp": 1765455692.413942
  },
  "zj_email": {
    "quota": 875.0,
    "used": 0.0,
    "timestamp": 1765455714.9839525
  },
  "fks_email": {
    "quota": 875.0,
    "used": 0.0,
    "timestamp": 1765455738.1735945
  },
  "dxh_email": {
    "quota": 875.0,
    "used": 0.0,
    "timestamp": 1765455758.8755186
  },
  "zhb_email": {
    "quota": 875.0,
    "used": 0.0,
    "timestamp": 1765455780.6765819
  },
  "linuxdo_84404_cookies": {
    "quota": 497.62,
    "used": 1152.38,
    "timestamp": 1765455788.3157427
  },
  "linux_chuang_cookies": {
    "quota": 1350.0,
    "used": 0.0,
    "timestamp": 1765455795.3117461
  },
  "linux_bwj_cookies": {
    "quota": 1350.0,
    "used": 0.0,
    "timestamp": 1765327756.8106296
  },
  "linux_devbai_cookies": {
    "quota": 1325.0,
    "used": 0.0,
    "timestamp": 1765455817.9743662
  },
  "linux_Yeahnet_cookies": {
    "quota": 1325.0,
    "used": 0.0,
    "timestamp": 1765455826.7114305
  }
}