{
  "dctx_email": {
    "quota": 624.06,
    "used": 1150.94,
    "timestamp": 1764612989.712496
  },
  "ljq_email": {
    "quota": 549.26,
    "used": 1125.82,
    "timestamp": 1764613013.1863217
  },
  "zc_email": {
    "quota": 1418.95,
    "used": 256.05,
    "timestamp": 1764613035.41609
  },
  "zj_email": {
    "quota": 625.0,
    "used": 0.0,
    "timestamp": 1764613059.1055145
  },
  "fks_email": {
    "quota": 625.0,
    "used": 0.0,
    "timestamp": 1764613081.7211704
  },
  "dxh_email": {
    "quota": 625.0,
    "used": 0.0,
    "timestamp": 1764613103.8960643
  },
  "zhb_email": {
    "quota": 625.0,
    "used": 0.0,
    "timestamp": 1764613127.4663155
  },
  "linuxdo_84404_cookies": {
    "quota": 250.06,
    "used": 1149.94,
    "timestamp": 1764613137.2242844
  },
  "linux_chuang_cookies": {
    "quota": 1100.0,
    "used": 0.0,
    "timestamp": 1764613147.3037047
  },
  "linux_bwj_cookies": {
    "quota": 1125.0,
    "used": 0.0,
    "timestamp": 1764613156.8328261
  },
  "linux_devbai_cookies": {
    "quota": 1075.0,
    "used": 0.0,
    "timestamp": 1764613167.0233326
  },
  "linux_Yeahnet_cookies": {
    "quota": 1075.0,
    "used": 0.0,
    "timestamp": 1764613177.2012389
  }
}