{
  "dctx_email": {
    "quota": 636.37,
    "used": 2113.63,
    "timestamp": 1767961204.2280197
  },
  "ljq_email": {
    "quota": 928.06,
    "used": 1722.03,
    "timestamp": 1767961225.168693
  },
  "zc_email": {
    "quota": 405.09,
    "used": 2231.87,
    "timestamp": 1767961245.6666808
  },
  "zj_email": {
    "quota": 1600.0,
    "used": 0.0,
    "timestamp": 1767961310.0595002
  },
  "fks_email": {
    "quota": 1600.0,
    "used": 0.0,
    "timestamp": 1767961332.1382387
  },
  "dxh_email": {
    "quota": 1600.0,
    "used": 0.0,
    "timestamp": 1767961354.6348333
  },
  "zhb_email": {
    "quota": 1600.0,
    "used": 0.0,
    "timestamp": 1767961377.5509746
  },
  "linuxdo_84404_cookies": {
    "quota": 1172.62,
    "used": 1152.38,
    "timestamp": 1767961253.509321
  },
  "linux_chuang_cookies": {
    "quota": 2033.99,
    "used": 41.01,
    "timestamp": 1767961261.840348
  },
  "linux_bwj_cookies": {
    "quota": 200.04,
    "used": 1849.08,
    "timestamp": 1767961270.6240833
  },
  "linux_devbai_cookies": {
    "quota": 135.41,
    "used": 1914.59,
    "timestamp": 1767961279.5790544
  },
  "linux_Yeahnet_cookies": {
    "quota": 1978.67,
    "used": 71.33,
    "timestamp": 1767961288.148057
  }
}