{
  "dctx_email": {
    "quota": 875.11,
    "used": 1374.89,
    "timestamp": 1766233008.5125513
  },
  "ljq_email": {
    "quota": 428.06,
    "used": 1722.03,
    "timestamp": 1766233030.1613297
  },
  "zc_email": {
    "quota": 50.22,
    "used": 2086.74,
    "timestamp": 1766233052.3653045
  },
  "zj_email": {
    "quota": 1100.0,
    "used": 0.0,
    "timestamp": 1766233116.2853134
  },
  "fks_email": {
    "quota": 1100.0,
    "used": 0.0,
    "timestamp": 1766233138.1620274
  },
  "dxh_email": {
    "quota": 1100.0,
    "used": 0.0,
    "timestamp": 1766233159.7733748
  },
  "zhb_email": {
    "quota": 1100.0,
    "used": 0.0,
    "timestamp": 1766233182.0215676
  },
  "linuxdo_84404_cookies": {
    "quota": 672.62,
    "used": 1152.38,
    "timestamp": 1766233060.5512397
  },
  "linux_chuang_cookies": {
    "quota": 1572.68,
    "used": 2.32,
    "timestamp": 1766233067.974683
  },
  "linux_bwj_cookies": {
    "quota": 1550.0,
    "used": 0.0,
    "timestamp": 1766233075.7068937
  },
  "linux_devbai_cookies": {
    "quota": 1550.0,
    "used": 0.0,
    "timestamp": 1766233086.2367399
  },
  "linux_Yeahnet_cookies": {
    "quota": 1550.0,
    "used": 0.0,
    "timestamp": 1766233094.6678948
  }
}