{
  "dctx_email": {
    "quota": 249.18,
    "used": 1150.82,
    "timestamp": 1763273669.5062127
  },
  "ljq_email": {
    "quota": 1199.33,
    "used": 100.43,
    "timestamp": 1763273690.3490725
  },
  "zc_email": {
    "quota": 1045.42,
    "used": 254.58,
    "timestamp": 1763273710.416987
  },
  "zj_email": {
    "quota": 250.0,
    "used": 0.0,
    "timestamp": 1763274067.3804665
  },
  "fks_email": {
    "quota": 250.0,
    "used": 0.0,
    "timestamp": 1763274088.5751896
  },
  "dxh_email": {
    "quota": 250.0,
    "used": 0.0,
    "timestamp": 1763274108.8051455
  },
  "zhb_email": {
    "quota": 250.0,
    "used": 0.0,
    "timestamp": 1763274128.5241616
  }
}