{
  "dctx_email": {
    "quota": 586.37,
    "used": 2113.63,
    "timestamp": 1767766661.850353
  },
  "ljq_email": {
    "quota": 878.06,
    "used": 1722.03,
    "timestamp": 1767766682.552797
  },
  "zc_email": {
    "quota": 363.27,
    "used": 2223.7,
    "timestamp": 1767766704.7668488
  },
  "zj_email": {
    "quota": 1550.0,
    "used": 0.0,
    "timestamp": 1767766769.1542344
  },
  "fks_email": {
    "quota": 1550.0,
    "used": 0.0,
    "timestamp": 1767766792.7744753
  },
  "dxh_email": {
    "quota": 1550.0,
    "used": 0.0,
    "timestamp": 1767766814.1669908
  },
  "zhb_email": {
    "quota": 1550.0,
    "used": 0.0,
    "timestamp": 1767766836.8847682
  },
  "linuxdo_84404_cookies": {
    "quota": 1122.62,
    "used": 1152.38,
    "timestamp": 1767766713.5466938
  },
  "linux_chuang_cookies": {
    "quota": 1983.99,
    "used": 41.01,
    "timestamp": 1767766722.4065368
  },
  "linux_bwj_cookies": {
    "quota": 150.04,
    "used": 1849.08,
    "timestamp": 1767766730.4251385
  },
  "linux_devbai_cookies": {
    "quota": 541.92,
    "used": 1458.08,
    "timestamp": 1767766738.585627
  },
  "linux_Yeahnet_cookies": {
    "quota": 2000.0,
    "used": 0.0,
    "timestamp": 1767766747.6204252
  }
}