{
  "dctx_email": {
    "quota": 936.37,
    "used": 2113.63,
    "timestamp": 1768956585.885712
  },
  "ljq_email": {
    "quota": 1228.06,
    "used": 1722.03,
    "timestamp": 1768956607.79817
  },
  "zc_email": {
    "quota": 703.26,
    "used": 2233.7,
    "timestamp": 1768956629.7379067
  },
  "zj_email": {
    "quota": 1900.0,
    "used": 0.0,
    "timestamp": 1768956705.3365865
  },
  "fks_email": {
    "quota": 1900.0,
    "used": 0.0,
    "timestamp": 1768956728.1334972
  },
  "dxh_email": {
    "quota": 1900.0,
    "used": 0.0,
    "timestamp": 1768956750.5084805
  },
  "zhb_email": {
    "quota": 1900.0,
    "used": 0.0,
    "timestamp": 1768956773.9087996
  },
  "linuxdo_84404_cookies": {
    "quota": 1322.62,
    "used": 1152.38,
    "timestamp": 1768437995.669237
  },
  "linux_chuang_cookies": {
    "quota": 2316.86,
    "used": 58.14,
    "timestamp": 1768956651.9067826
  },
  "linux_bwj_cookies": {
    "quota": 275.04,
    "used": 1849.08,
    "timestamp": 1768198878.508116
  },
  "linux_devbai_cookies": {
    "quota": 435.41,
    "used": 1914.59,
    "timestamp": 1768956673.6893485
  },
  "linux_Yeahnet_cookies": {
    "quota": 563.26,
    "used": 1786.74,
    "timestamp": 1768956682.919833
  }
}