{
  "dctx_email": {
    "quota": 891.54,
    "used": 3108.75,
    "timestamp": 1772239989.425248
  },
  "ljq_email": {
    "quota": 866.96,
    "used": 3033.12,
    "timestamp": 1772240011.6332555
  },
  "zc_email": {
    "quota": 1666.13,
    "used": 2233.87,
    "timestamp": 1772240032.9663706
  },
  "zj_email": {
    "quota": 2850.0,
    "used": 0.0,
    "timestamp": 1772240113.1983469
  },
  "fks_email": {
    "quota": 2850.0,
    "used": 0.0,
    "timestamp": 1772240136.3430498
  },
  "dxh_email": {
    "quota": 2850.0,
    "used": 0.0,
    "timestamp": 1772240158.8327427
  },
  "zhb_email": {
    "quota": 2850.0,
    "used": 0.0,
    "timestamp": 1772240182.6383119
  },
  "linuxdo_84404_cookies": {
    "quota": 368.53,
    "used": 3006.47,
    "timestamp": 1772240042.6453428
  },
  "linux_chuang_cookies": {
    "quota": 2950.44,
    "used": 199.56,
    "timestamp": 1772195462.5777462
  },
  "linux_bwj_cookies": {
    "quota": 980.91,
    "used": 2019.09,
    "timestamp": 1772240064.4887445
  },
  "linux_devbai_cookies": {
    "quota": 1210.41,
    "used": 1914.59,
    "timestamp": 1772195479.6772537
  },
  "linux_Yeahnet_cookies": {
    "quota": 1338.26,
    "used": 1786.74,
    "timestamp": 1772195488.6796803
  }
}