{
  "dctx_email": {
    "quota": 181.47,
    "used": 1143.53,
    "timestamp": 1763056955.4943416
  },
  "ljq_email": {
    "quota": 1124.33,
    "used": 100.43,
    "timestamp": 1763056980.9004247
  },
  "zc_email": {
    "quota": 970.42,
    "used": 254.58,
    "timestamp": 1763057002.8062654
  },
  "zj_email": {
    "quota": 175.0,
    "used": 0.0,
    "timestamp": 1763057625.512297
  },
  "fks_email": {
    "quota": 175.0,
    "used": 0.0,
    "timestamp": 1763057647.99671
  },
  "dxh_email": {
    "quota": 175.0,
    "used": 0.0,
    "timestamp": 1763057668.1130016
  },
  "zhb_email": {
    "quota": 175.0,
    "used": 0.0,
    "timestamp": 1763057688.413051
  }
}