{
  "dctx_email": {
    "quota": 991.54,
    "used": 3108.75,
    "timestamp": 1772585892.6235018
  },
  "ljq_email": {
    "quota": 50.15,
    "used": 3949.93,
    "timestamp": 1772585914.7678049
  },
  "zc_email": {
    "quota": 1766.13,
    "used": 2233.87,
    "timestamp": 1772585937.38941
  },
  "zj_email": {
    "quota": 2950.0,
    "used": 0.0,
    "timestamp": 1772586003.8326714
  },
  "fks_email": {
    "quota": 2950.0,
    "used": 0.0,
    "timestamp": 1772586025.187264
  },
  "dxh_email": {
    "quota": 2950.0,
    "used": 0.0,
    "timestamp": 1772586048.0721402
  },
  "zhb_email": {
    "quota": 2950.0,
    "used": 0.0,
    "timestamp": 1772586070.727552
  },
  "linuxdo_84404_cookies": {
    "quota": 468.53,
    "used": 3006.47,
    "timestamp": 1772585946.493415
  },
  "linux_chuang_cookies": {
    "quota": 2848.31,
    "used": 426.69,
    "timestamp": 1772585955.926414
  },
  "linux_bwj_cookies": {
    "quota": 959.22,
    "used": 2140.78,
    "timestamp": 1772585964.2670963
  },
  "linux_devbai_cookies": {
    "quota": 1335.41,
    "used": 1914.59,
    "timestamp": 1772585971.9579666
  },
  "linux_Yeahnet_cookies": {
    "quota": 1458.77,
    "used": 1791.23,
    "timestamp": 1772585981.3180747
  }
}