{
  "dctx_email": {
    "quota": 286.37,
    "used": 2113.63,
    "timestamp": 1766772913.5298448
  },
  "ljq_email": {
    "quota": 578.06,
    "used": 1722.03,
    "timestamp": 1766772936.4308808
  },
  "zc_email": {
    "quota": 121.74,
    "used": 2165.22,
    "timestamp": 1766772959.0663075
  },
  "zj_email": {
    "quota": 1250.0,
    "used": 0.0,
    "timestamp": 1766773026.7069497
  },
  "fks_email": {
    "quota": 1250.0,
    "used": 0.0,
    "timestamp": 1766773049.4089022
  },
  "dxh_email": {
    "quota": 1250.0,
    "used": 0.0,
    "timestamp": 1766773071.7967153
  },
  "zhb_email": {
    "quota": 1250.0,
    "used": 0.0,
    "timestamp": 1766773095.326
  },
  "linuxdo_84404_cookies": {
    "quota": 822.62,
    "used": 1152.38,
    "timestamp": 1766772968.344034
  },
  "linux_chuang_cookies": {
    "quota": 1714.5,
    "used": 10.5,
    "timestamp": 1766772978.149817
  },
  "linux_bwj_cookies": {
    "quota": 1479.49,
    "used": 220.51,
    "timestamp": 1766772986.4059527
  },
  "linux_devbai_cookies": {
    "quota": 1700.0,
    "used": 0.0,
    "timestamp": 1766772996.2292635
  },
  "linux_Yeahnet_cookies": {
    "quota": 1700.0,
    "used": 0.0,
    "timestamp": 1766773004.0288258
  }
}