{
  "dctx_email": {
    "quota": 699.84,
    "used": 1600.16,
    "timestamp": 1766388870.0286255
  },
  "ljq_email": {
    "quota": 478.06,
    "used": 1722.03,
    "timestamp": 1766388890.7262306
  },
  "zc_email": {
    "quota": 89.51,
    "used": 2097.45,
    "timestamp": 1766388912.6633515
  },
  "zj_email": {
    "quota": 1150.0,
    "used": 0.0,
    "timestamp": 1766388975.8744097
  },
  "fks_email": {
    "quota": 1150.0,
    "used": 0.0,
    "timestamp": 1766388998.5070016
  },
  "dxh_email": {
    "quota": 1150.0,
    "used": 0.0,
    "timestamp": 1766389019.853879
  },
  "zhb_email": {
    "quota": 1150.0,
    "used": 0.0,
    "timestamp": 1766389042.131325
  },
  "linuxdo_84404_cookies": {
    "quota": 722.62,
    "used": 1152.38,
    "timestamp": 1766388920.01536
  },
  "linux_chuang_cookies": {
    "quota": 1622.68,
    "used": 2.32,
    "timestamp": 1766388928.8304775
  },
  "linux_bwj_cookies": {
    "quota": 1600.0,
    "used": 0.0,
    "timestamp": 1766388936.4272854
  },
  "linux_devbai_cookies": {
    "quota": 1600.0,
    "used": 0.0,
    "timestamp": 1766388945.6403468
  },
  "linux_Yeahnet_cookies": {
    "quota": 1600.0,
    "used": 0.0,
    "timestamp": 1766388953.6158042
  }
}