{
  "dctx_email": {
    "quota": 897.3,
    "used": 1302.7,
    "timestamp": 1766081784.3726857
  },
  "ljq_email": {
    "quota": 378.06,
    "used": 1722.03,
    "timestamp": 1766081806.5342257
  },
  "zc_email": {
    "quota": 0.22,
    "used": 2086.74,
    "timestamp": 1766081828.0422337
  },
  "zj_email": {
    "quota": 1050.0,
    "used": 0.0,
    "timestamp": 1766081893.535049
  },
  "fks_email": {
    "quota": 1050.0,
    "used": 0.0,
    "timestamp": 1766081917.5923972
  },
  "dxh_email": {
    "quota": 1050.0,
    "used": 0.0,
    "timestamp": 1766081940.8206422
  },
  "zhb_email": {
    "quota": 1050.0,
    "used": 0.0,
    "timestamp": 1766081964.1948671
  },
  "linuxdo_84404_cookies": {
    "quota": 622.62,
    "used": 1152.38,
    "timestamp": 1766081837.0270073
  },
  "linux_chuang_cookies": {
    "quota": 1522.68,
    "used": 2.32,
    "timestamp": 1766081846.259619
  },
  "linux_bwj_cookies": {
    "quota": 1500.0,
    "used": 0.0,
    "timestamp": 1766081854.7842374
  },
  "linux_devbai_cookies": {
    "quota": 1500.0,
    "used": 0.0,
    "timestamp": 1766081863.6646066
  },
  "linux_Yeahnet_cookies": {
    "quota": 1500.0,
    "used": 0.0,
    "timestamp": 1766081871.6174498
  }
}