{
  "dctx_email": {
    "quota": 246.62,
    "used": 2103.38,
    "timestamp": 1766600128.8317955
  },
  "ljq_email": {
    "quota": 528.06,
    "used": 1722.03,
    "timestamp": 1766600150.2260969
  },
  "zc_email": {
    "quota": 97.48,
    "used": 2139.48,
    "timestamp": 1766600171.626136
  },
  "zj_email": {
    "quota": 1200.0,
    "used": 0.0,
    "timestamp": 1766600240.8190033
  },
  "fks_email": {
    "quota": 1200.0,
    "used": 0.0,
    "timestamp": 1766600263.158441
  },
  "dxh_email": {
    "quota": 1200.0,
    "used": 0.0,
    "timestamp": 1766600284.5878487
  },
  "zhb_email": {
    "quota": 1200.0,
    "used": 0.0,
    "timestamp": 1766600307.050165
  },
  "linuxdo_84404_cookies": {
    "quota": 772.62,
    "used": 1152.38,
    "timestamp": 1766600180.9714508
  },
  "linux_chuang_cookies": {
    "quota": 1664.5,
    "used": 10.5,
    "timestamp": 1766600190.9308388
  },
  "linux_bwj_cookies": {
    "quota": 1617.15,
    "used": 32.85,
    "timestamp": 1766600200.2791412
  },
  "linux_devbai_cookies": {
    "quota": 1650.0,
    "used": 0.0,
    "timestamp": 1766600209.2062488
  },
  "linux_Yeahnet_cookies": {
    "quota": 1650.0,
    "used": 0.0,
    "timestamp": 1766600217.7063158
  }
}