{
  "dctx_email": {
    "quota": 424.06,
    "used": 1150.94,
    "timestamp": 1763921611.5920086
  },
  "ljq_email": {
    "quota": 1283.99,
    "used": 190.78,
    "timestamp": 1763921633.2274637
  },
  "zc_email": {
    "quota": 1220.42,
    "used": 254.58,
    "timestamp": 1763921655.085558
  },
  "zj_email": {
    "quota": 425.0,
    "used": 0.0,
    "timestamp": 1763921677.1581771
  },
  "fks_email": {
    "quota": 425.0,
    "used": 0.0,
    "timestamp": 1763921699.668621
  },
  "dxh_email": {
    "quota": 425.0,
    "used": 0.0,
    "timestamp": 1763921721.7644162
  },
  "zhb_email": {
    "quota": 425.0,
    "used": 0.0,
    "timestamp": 1763921745.469698
  },
  "linuxdo_84404_cookies": {
    "quota": 50.09,
    "used": 1149.91,
    "timestamp": 1763921754.0439458
  },
  "linux_chuang_cookies": {
    "quota": 900.0,
    "used": 0.0,
    "timestamp": 1763921763.86526
  },
  "linux_bwj_cookies": {
    "quota": 925.0,
    "used": 0.0,
    "timestamp": 1763921772.6396508
  },
  "linux_devbai_cookies": {
    "quota": 875.0,
    "used": 0.0,
    "timestamp": 1763921781.5294292
  },
  "linux_Yeahnet_cookies": {
    "quota": 875.0,
    "used": 0.0,
    "timestamp": 1763921790.7030845
  }
}