{
  "dctx_email": {
    "quota": 649.06,
    "used": 1150.94,
    "timestamp": 1764636345.0782695
  },
  "ljq_email": {
    "quota": 560.57,
    "used": 1139.51,
    "timestamp": 1764636365.9299333
  },
  "zc_email": {
    "quota": 1443.83,
    "used": 256.17,
    "timestamp": 1764636391.4021857
  },
  "zj_email": {
    "quota": 650.0,
    "used": 0.0,
    "timestamp": 1764636413.9047625
  },
  "fks_email": {
    "quota": 650.0,
    "used": 0.0,
    "timestamp": 1764636436.3384628
  },
  "dxh_email": {
    "quota": 650.0,
    "used": 0.0,
    "timestamp": 1764636458.5948758
  },
  "zhb_email": {
    "quota": 650.0,
    "used": 0.0,
    "timestamp": 1764636481.1858113
  },
  "linuxdo_84404_cookies": {
    "quota": 275.06,
    "used": 1149.94,
    "timestamp": 1764636489.5726287
  },
  "linux_chuang_cookies": {
    "quota": 1125.0,
    "used": 0.0,
    "timestamp": 1764636496.9543781
  },
  "linux_bwj_cookies": {
    "quota": 1150.0,
    "used": 0.0,
    "timestamp": 1764636504.8828182
  },
  "linux_devbai_cookies": {
    "quota": 1100.0,
    "used": 0.0,
    "timestamp": 1764636512.949191
  },
  "linux_Yeahnet_cookies": {
    "quota": 1100.0,
    "used": 0.0,
    "timestamp": 1764636520.5111616
  }
}