{
  "dctx_email": {
    "quota": 461.37,
    "used": 2113.63,
    "timestamp": 1767377715.1849148
  },
  "ljq_email": {
    "quota": 753.06,
    "used": 1722.03,
    "timestamp": 1767377734.861357
  },
  "zc_email": {
    "quota": 265.52,
    "used": 2196.44,
    "timestamp": 1767377757.6772387
  },
  "zj_email": {
    "quota": 1425.0,
    "used": 0.0,
    "timestamp": 1767377825.3666215
  },
  "fks_email": {
    "quota": 1425.0,
    "used": 0.0,
    "timestamp": 1767377848.8768134
  },
  "dxh_email": {
    "quota": 1425.0,
    "used": 0.0,
    "timestamp": 1767377871.2962792
  },
  "zhb_email": {
    "quota": 1425.0,
    "used": 0.0,
    "timestamp": 1767377893.9413514
  },
  "linuxdo_84404_cookies": {
    "quota": 997.62,
    "used": 1152.38,
    "timestamp": 1767377766.4327648
  },
  "linux_chuang_cookies": {
    "quota": 1858.99,
    "used": 41.01,
    "timestamp": 1767377776.0508947
  },
  "linux_bwj_cookies": {
    "quota": 25.04,
    "used": 1849.08,
    "timestamp": 1767377785.1604972
  },
  "linux_devbai_cookies": {
    "quota": 1533.36,
    "used": 341.64,
    "timestamp": 1767377794.3001745
  },
  "linux_Yeahnet_cookies": {
    "quota": 1875.0,
    "used": 0.0,
    "timestamp": 1767377803.8083334
  }
}