{
  "dctx_email": {
    "quota": 661.37,
    "used": 2113.63,
    "timestamp": 1768047445.8916886
  },
  "ljq_email": {
    "quota": 953.06,
    "used": 1722.03,
    "timestamp": 1768047466.7036812
  },
  "zc_email": {
    "quota": 428.26,
    "used": 2233.7,
    "timestamp": 1768047488.8869965
  },
  "zj_email": {
    "quota": 1625.0,
    "used": 0.0,
    "timestamp": 1768047550.8263354
  },
  "fks_email": {
    "quota": 1625.0,
    "used": 0.0,
    "timestamp": 1768047572.4315126
  },
  "dxh_email": {
    "quota": 1625.0,
    "used": 0.0,
    "timestamp": 1768047594.3309996
  },
  "zhb_email": {
    "quota": 1625.0,
    "used": 0.0,
    "timestamp": 1768047617.170291
  },
  "linuxdo_84404_cookies": {
    "quota": 1197.62,
    "used": 1152.38,
    "timestamp": 1768047497.5056832
  },
  "linux_chuang_cookies": {
    "quota": 2058.99,
    "used": 41.01,
    "timestamp": 1768047504.8512745
  },
  "linux_bwj_cookies": {
    "quota": 225.04,
    "used": 1849.08,
    "timestamp": 1768047512.4527972
  },
  "linux_devbai_cookies": {
    "quota": 160.41,
    "used": 1914.59,
    "timestamp": 1768047520.8231905
  },
  "linux_Yeahnet_cookies": {
    "quota": 1458.08,
    "used": 616.92,
    "timestamp": 1768047529.6863394
  }
}