{
  "dctx_email": {
    "quota": 966.54,
    "used": 3108.75,
    "timestamp": 1772562720.5013165
  },
  "ljq_email": {
    "quota": 25.15,
    "used": 3949.93,
    "timestamp": 1772562742.9484074
  },
  "zc_email": {
    "quota": 1741.13,
    "used": 2233.87,
    "timestamp": 1772562764.0106676
  },
  "zj_email": {
    "quota": 2925.0,
    "used": 0.0,
    "timestamp": 1772562836.5768278
  },
  "fks_email": {
    "quota": 2925.0,
    "used": 0.0,
    "timestamp": 1772562858.5832808
  },
  "dxh_email": {
    "quota": 2925.0,
    "used": 0.0,
    "timestamp": 1772562880.9939415
  },
  "zhb_email": {
    "quota": 2925.0,
    "used": 0.0,
    "timestamp": 1772562905.7283094
  },
  "linuxdo_84404_cookies": {
    "quota": 443.53,
    "used": 3006.47,
    "timestamp": 1772562778.0045934
  },
  "linux_chuang_cookies": {
    "quota": 2823.31,
    "used": 426.69,
    "timestamp": 1772562787.6482453
  },
  "linux_bwj_cookies": {
    "quota": 934.22,
    "used": 2140.78,
    "timestamp": 1772562797.0113995
  },
  "linux_devbai_cookies": {
    "quota": 1310.41,
    "used": 1914.59,
    "timestamp": 1772562804.8646746
  },
  "linux_Yeahnet_cookies": {
    "quota": 1433.77,
    "used": 1791.23,
    "timestamp": 1772562814.245776
  }
}