{
  "dctx_email": {
    "quota": 811.37,
    "used": 2113.63,
    "timestamp": 1768587405.590195
  },
  "ljq_email": {
    "quota": 1103.06,
    "used": 1722.03,
    "timestamp": 1768587428.0875952
  },
  "zc_email": {
    "quota": 578.26,
    "used": 2233.7,
    "timestamp": 1768587448.6476343
  },
  "zj_email": {
    "quota": 1775.0,
    "used": 0.0,
    "timestamp": 1768587526.3369231
  },
  "fks_email": {
    "quota": 1775.0,
    "used": 0.0,
    "timestamp": 1768587548.922963
  },
  "dxh_email": {
    "quota": 1775.0,
    "used": 0.0,
    "timestamp": 1768587571.1248477
  },
  "zhb_email": {
    "quota": 1775.0,
    "used": 0.0,
    "timestamp": 1768587594.1313565
  },
  "linuxdo_84404_cookies": {
    "quota": 1322.62,
    "used": 1152.38,
    "timestamp": 1768437995.669237
  },
  "linux_chuang_cookies": {
    "quota": 2191.99,
    "used": 58.01,
    "timestamp": 1768587472.8948116
  },
  "linux_bwj_cookies": {
    "quota": 275.04,
    "used": 1849.08,
    "timestamp": 1768198878.508116
  },
  "linux_devbai_cookies": {
    "quota": 310.41,
    "used": 1914.59,
    "timestamp": 1768587493.7581933
  },
  "linux_Yeahnet_cookies": {
    "quota": 438.26,
    "used": 1786.74,
    "timestamp": 1768587503.339972
  }
}