{
  "dctx_email": {
    "quota": 941.54,
    "used": 3108.75,
    "timestamp": 1772476214.8775897
  },
  "ljq_email": {
    "quota": 44.57,
    "used": 3905.51,
    "timestamp": 1772476236.0962474
  },
  "zc_email": {
    "quota": 1716.13,
    "used": 2233.87,
    "timestamp": 1772476257.5859005
  },
  "zj_email": {
    "quota": 2900.0,
    "used": 0.0,
    "timestamp": 1772476321.5931685
  },
  "fks_email": {
    "quota": 2900.0,
    "used": 0.0,
    "timestamp": 1772476344.8999946
  },
  "dxh_email": {
    "quota": 2900.0,
    "used": 0.0,
    "timestamp": 1772476365.9891214
  },
  "zhb_email": {
    "quota": 2900.0,
    "used": 0.0,
    "timestamp": 1772476387.9666963
  },
  "linuxdo_84404_cookies": {
    "quota": 418.53,
    "used": 3006.47,
    "timestamp": 1772476265.0220973
  },
  "linux_chuang_cookies": {
    "quota": 3025.44,
    "used": 199.56,
    "timestamp": 1772476273.8320951
  },
  "linux_bwj_cookies": {
    "quota": 917.13,
    "used": 2132.87,
    "timestamp": 1772476282.6721492
  },
  "linux_devbai_cookies": {
    "quota": 1285.41,
    "used": 1914.59,
    "timestamp": 1772476291.0101576
  },
  "linux_Yeahnet_cookies": {
    "quota": 1413.26,
    "used": 1786.74,
    "timestamp": 1772476298.7248714
  }
}