{
  "dctx_email": {
    "quota": 848.45,
    "used": 1151.55,
    "timestamp": 1765390605.685162
  },
  "ljq_email": {
    "quota": 178.06,
    "used": 1722.03,
    "timestamp": 1765390627.2447867
  },
  "zc_email": {
    "quota": 1117.74,
    "used": 782.26,
    "timestamp": 1765390649.647218
  },
  "zj_email": {
    "quota": 850.0,
    "used": 0.0,
    "timestamp": 1765390673.2259705
  },
  "fks_email": {
    "quota": 850.0,
    "used": 0.0,
    "timestamp": 1765390695.7327585
  },
  "dxh_email": {
    "quota": 850.0,
    "used": 0.0,
    "timestamp": 1765390717.554689
  },
  "zhb_email": {
    "quota": 850.0,
    "used": 0.0,
    "timestamp": 1765390741.3582153
  },
  "linuxdo_84404_cookies": {
    "quota": 472.62,
    "used": 1152.38,
    "timestamp": 1765390750.322841
  },
  "linux_chuang_cookies": {
    "quota": 1325.0,
    "used": 0.0,
    "timestamp": 1765390758.2423103
  },
  "linux_bwj_cookies": {
    "quota": 1350.0,
    "used": 0.0,
    "timestamp": 1765327756.8106296
  },
  "linux_devbai_cookies": {
    "quota": 1300.0,
    "used": 0.0,
    "timestamp": 1765390781.3723783
  },
  "linux_Yeahnet_cookies": {
    "quota": 1300.0,
    "used": 0.0,
    "timestamp": 1765390790.5190976
  }
}