{
  "dctx_email": {
    "quota": 724.06,
    "used": 1150.94,
    "timestamp": 1764915405.4712322
  },
  "ljq_email": {
    "quota": 87.43,
    "used": 1687.65,
    "timestamp": 1764915425.9289155
  },
  "zc_email": {
    "quota": 1503.85,
    "used": 271.15,
    "timestamp": 1764915448.256048
  },
  "zj_email": {
    "quota": 725.0,
    "used": 0.0,
    "timestamp": 1764915469.8093908
  },
  "fks_email": {
    "quota": 725.0,
    "used": 0.0,
    "timestamp": 1764915492.3341103
  },
  "dxh_email": {
    "quota": 725.0,
    "used": 0.0,
    "timestamp": 1764915515.2723298
  },
  "zhb_email": {
    "quota": 725.0,
    "used": 0.0,
    "timestamp": 1764915537.398279
  },
  "linuxdo_84404_cookies": {
    "quota": 347.62,
    "used": 1152.38,
    "timestamp": 1764915545.8606663
  },
  "linux_chuang_cookies": {
    "quota": 1200.0,
    "used": 0.0,
    "timestamp": 1764915553.6443186
  },
  "linux_bwj_cookies": {
    "quota": 1225.0,
    "used": 0.0,
    "timestamp": 1764915561.4934845
  },
  "linux_devbai_cookies": {
    "quota": 1175.0,
    "used": 0.0,
    "timestamp": 1764915570.3423154
  },
  "linux_Yeahnet_cookies": {
    "quota": 1175.0,
    "used": 0.0,
    "timestamp": 1764915579.2377543
  }
}