{
  "dctx_email": {
    "quota": 374.06,
    "used": 1150.94,
    "timestamp": 1763730459.174096
  },
  "ljq_email": {
    "quota": 1293.74,
    "used": 131.02,
    "timestamp": 1763730480.8628438
  },
  "zc_email": {
    "quota": 1170.42,
    "used": 254.58,
    "timestamp": 1763730504.4960253
  },
  "zj_email": {
    "quota": 375.0,
    "used": 0.0,
    "timestamp": 1763730526.844349
  },
  "fks_email": {
    "quota": 375.0,
    "used": 0.0,
    "timestamp": 1763730550.5392778
  },
  "dxh_email": {
    "quota": 375.0,
    "used": 0.0,
    "timestamp": 1763730575.0555007
  },
  "zhb_email": {
    "quota": 375.0,
    "used": 0.0,
    "timestamp": 1763730597.952237
  },
  "linuxdo_84404_cookies": {
    "quota": 0.09,
    "used": 1149.91,
    "timestamp": 1763730606.2674477
  },
  "linux_chuang_cookies": {
    "quota": 850.0,
    "used": 0.0,
    "timestamp": 1763730614.7477117
  },
  "linux_bwj_cookies": {
    "quota": 875.0,
    "used": 0.0,
    "timestamp": 1763730624.01893
  },
  "linux_devbai_cookies": {
    "quota": 825.0,
    "used": 0.0,
    "timestamp": 1763730631.6785028
  },
  "linux_Yeahnet_cookies": {
    "quota": 825.0,
    "used": 0.0,
    "timestamp": 1763730642.4985015
  }
}