{
  "dctx_email": {
    "quota": 524.06,
    "used": 1150.94,
    "timestamp": 1764245914.3719733
  },
  "ljq_email": {
    "quota": 1195.49,
    "used": 379.28,
    "timestamp": 1764245936.8161547
  },
  "zc_email": {
    "quota": 1320.42,
    "used": 254.58,
    "timestamp": 1764245959.939148
  },
  "zj_email": {
    "quota": 525.0,
    "used": 0.0,
    "timestamp": 1764245983.365103
  },
  "fks_email": {
    "quota": 525.0,
    "used": 0.0,
    "timestamp": 1764246006.1957788
  },
  "dxh_email": {
    "quota": 525.0,
    "used": 0.0,
    "timestamp": 1764246031.3607838
  },
  "zhb_email": {
    "quota": 525.0,
    "used": 0.0,
    "timestamp": 1764246053.3453338
  },
  "linuxdo_84404_cookies": {
    "quota": 150.06,
    "used": 1149.94,
    "timestamp": 1764246062.0424635
  },
  "linux_chuang_cookies": {
    "quota": 1000.0,
    "used": 0.0,
    "timestamp": 1764246072.3528926
  },
  "linux_bwj_cookies": {
    "quota": 1025.0,
    "used": 0.0,
    "timestamp": 1764246082.0269837
  },
  "linux_devbai_cookies": {
    "quota": 975.0,
    "used": 0.0,
    "timestamp": 1764246091.861185
  },
  "linux_Yeahnet_cookies": {
    "quota": 975.0,
    "used": 0.0,
    "timestamp": 1764246099.8065753
  }
}