{
  "dctx_email": {
    "quota": 641.54,
    "used": 3108.75,
    "timestamp": 1771376572.33758
  },
  "ljq_email": {
    "quota": 1127.87,
    "used": 2522.22,
    "timestamp": 1771376594.8685033
  },
  "zc_email": {
    "quota": 1416.3,
    "used": 2233.7,
    "timestamp": 1771376617.4282942
  },
  "zj_email": {
    "quota": 2600.0,
    "used": 0.0,
    "timestamp": 1771376693.3214219
  },
  "fks_email": {
    "quota": 2600.0,
    "used": 0.0,
    "timestamp": 1771376715.0632522
  },
  "dxh_email": {
    "quota": 2600.0,
    "used": 0.0,
    "timestamp": 1771376737.1079404
  },
  "zhb_email": {
    "quota": 2600.0,
    "used": 0.0,
    "timestamp": 1771376760.314199
  },
  "linuxdo_84404_cookies": {
    "quota": 1118.32,
    "used": 2006.68,
    "timestamp": 1771050641.8473558
  },
  "linux_chuang_cookies": {
    "quota": 2725.44,
    "used": 199.56,
    "timestamp": 1771376640.1557841
  },
  "linux_bwj_cookies": {
    "quota": 925.92,
    "used": 1849.08,
    "timestamp": 1771050659.1261163
  },
  "linux_devbai_cookies": {
    "quota": 985.41,
    "used": 1914.59,
    "timestamp": 1771376661.3974612
  },
  "linux_Yeahnet_cookies": {
    "quota": 1113.26,
    "used": 1786.74,
    "timestamp": 1771376669.634886
  }
}