{
  "dctx_email": {
    "quota": 461.37,
    "used": 2113.63,
    "timestamp": 1767314891.379836
  },
  "ljq_email": {
    "quota": 753.06,
    "used": 1722.03,
    "timestamp": 1767314914.314634
  },
  "zc_email": {
    "quota": 268.58,
    "used": 2193.38,
    "timestamp": 1767314937.5839381
  },
  "zj_email": {
    "quota": 1425.0,
    "used": 0.0,
    "timestamp": 1767315008.6672215
  },
  "fks_email": {
    "quota": 1425.0,
    "used": 0.0,
    "timestamp": 1767315031.6616793
  },
  "dxh_email": {
    "quota": 1425.0,
    "used": 0.0,
    "timestamp": 1767315054.6355956
  },
  "zhb_email": {
    "quota": 1425.0,
    "used": 0.0,
    "timestamp": 1767315079.5394917
  },
  "linuxdo_84404_cookies": {
    "quota": 997.62,
    "used": 1152.38,
    "timestamp": 1767314947.821124
  },
  "linux_chuang_cookies": {
    "quota": 1878.73,
    "used": 21.27,
    "timestamp": 1767314956.7741532
  },
  "linux_bwj_cookies": {
    "quota": 25.04,
    "used": 1849.08,
    "timestamp": 1767314965.2651563
  },
  "linux_devbai_cookies": {
    "quota": 1802.05,
    "used": 72.95,
    "timestamp": 1767314975.6412969
  },
  "linux_Yeahnet_cookies": {
    "quota": 1875.0,
    "used": 0.0,
    "timestamp": 1767314984.489054
  }
}