{
  "dctx_email": {
    "quota": 991.18,
    "used": 2258.82,
    "timestamp": 1769689671.831854
  },
  "ljq_email": {
    "quota": 1428.06,
    "used": 1722.03,
    "timestamp": 1769689694.4566362
  },
  "zc_email": {
    "quota": 903.26,
    "used": 2233.7,
    "timestamp": 1769689715.342077
  },
  "zj_email": {
    "quota": 2100.0,
    "used": 0.0,
    "timestamp": 1769689782.6585226
  },
  "fks_email": {
    "quota": 2100.0,
    "used": 0.0,
    "timestamp": 1769689805.08042
  },
  "dxh_email": {
    "quota": 2100.0,
    "used": 0.0,
    "timestamp": 1769689826.8286653
  },
  "zhb_email": {
    "quota": 2100.0,
    "used": 0.0,
    "timestamp": 1769689849.1688218
  },
  "linuxdo_84404_cookies": {
    "quota": 1218.12,
    "used": 1506.88,
    "timestamp": 1769689724.8495166
  },
  "linux_chuang_cookies": {
    "quota": 2225.44,
    "used": 199.56,
    "timestamp": 1769689732.4831023
  },
  "linux_bwj_cookies": {
    "quota": 525.04,
    "used": 1849.08,
    "timestamp": 1769689741.6242895
  },
  "linux_devbai_cookies": {
    "quota": 485.41,
    "used": 1914.59,
    "timestamp": 1769689750.6579852
  },
  "linux_Yeahnet_cookies": {
    "quota": 613.26,
    "used": 1786.74,
    "timestamp": 1769689760.2700858
  }
}