{
  "dctx_email": {
    "quota": 486.37,
    "used": 2113.63,
    "timestamp": 1767464056.5204687
  },
  "ljq_email": {
    "quota": 778.06,
    "used": 1722.03,
    "timestamp": 1767464077.766248
  },
  "zc_email": {
    "quota": 290.52,
    "used": 2196.44,
    "timestamp": 1767464099.9078364
  },
  "zj_email": {
    "quota": 1450.0,
    "used": 0.0,
    "timestamp": 1767464163.9387083
  },
  "fks_email": {
    "quota": 1450.0,
    "used": 0.0,
    "timestamp": 1767464291.9157286
  },
  "dxh_email": {
    "quota": 1450.0,
    "used": 0.0,
    "timestamp": 1767464315.3668456
  },
  "zhb_email": {
    "quota": 1450.0,
    "used": 0.0,
    "timestamp": 1767464337.54034
  },
  "linuxdo_84404_cookies": {
    "quota": 1022.62,
    "used": 1152.38,
    "timestamp": 1767464108.660272
  },
  "linux_chuang_cookies": {
    "quota": 1883.99,
    "used": 41.01,
    "timestamp": 1767464116.6399915
  },
  "linux_bwj_cookies": {
    "quota": 50.04,
    "used": 1849.08,
    "timestamp": 1767464125.1043928
  },
  "linux_devbai_cookies": {
    "quota": 1331.01,
    "used": 568.99,
    "timestamp": 1767464133.631018
  },
  "linux_Yeahnet_cookies": {
    "quota": 1900.0,
    "used": 0.0,
    "timestamp": 1767464142.5954964
  }
}