{
  "dctx_email": {
    "quota": 436.37,
    "used": 2113.63,
    "timestamp": 1767269997.8838995
  },
  "ljq_email": {
    "quota": 728.06,
    "used": 1722.03,
    "timestamp": 1767270020.9263165
  },
  "zc_email": {
    "quota": 243.58,
    "used": 2193.38,
    "timestamp": 1767270043.060422
  },
  "zj_email": {
    "quota": 1400.0,
    "used": 0.0,
    "timestamp": 1767270112.3887699
  },
  "fks_email": {
    "quota": 1400.0,
    "used": 0.0,
    "timestamp": 1767270132.9926388
  },
  "dxh_email": {
    "quota": 1400.0,
    "used": 0.0,
    "timestamp": 1767270154.6750386
  },
  "zhb_email": {
    "quota": 1400.0,
    "used": 0.0,
    "timestamp": 1767270177.5852387
  },
  "linuxdo_84404_cookies": {
    "quota": 972.62,
    "used": 1152.38,
    "timestamp": 1767270052.258913
  },
  "linux_chuang_cookies": {
    "quota": 1853.73,
    "used": 21.27,
    "timestamp": 1767270060.6032503
  },
  "linux_bwj_cookies": {
    "quota": 0.04,
    "used": 1849.08,
    "timestamp": 1767270070.9972541
  },
  "linux_devbai_cookies": {
    "quota": 1845.5,
    "used": 4.5,
    "timestamp": 1767270079.5832655
  },
  "linux_Yeahnet_cookies": {
    "quota": 1850.0,
    "used": 0.0,
    "timestamp": 1767270089.427915
  }
}