{
  "dctx_email": {
    "quota": 716.54,
    "used": 3108.75,
    "timestamp": 1771635408.4182434
  },
  "ljq_email": {
    "quota": 755.65,
    "used": 2969.44,
    "timestamp": 1771635429.8224165
  },
  "zc_email": {
    "quota": 1491.3,
    "used": 2233.7,
    "timestamp": 1771635451.8403776
  },
  "zj_email": {
    "quota": 2675.0,
    "used": 0.0,
    "timestamp": 1771635517.0686228
  },
  "fks_email": {
    "quota": 2675.0,
    "used": 0.0,
    "timestamp": 1771635540.0312154
  },
  "dxh_email": {
    "quota": 2675.0,
    "used": 0.0,
    "timestamp": 1771635562.538361
  },
  "zhb_email": {
    "quota": 2675.0,
    "used": 0.0,
    "timestamp": 1771635586.6878886
  },
  "linuxdo_84404_cookies": {
    "quota": 193.69,
    "used": 3006.31,
    "timestamp": 1771635460.1687355
  },
  "linux_chuang_cookies": {
    "quota": 2800.44,
    "used": 199.56,
    "timestamp": 1771635468.179021
  },
  "linux_bwj_cookies": {
    "quota": 975.92,
    "used": 1849.08,
    "timestamp": 1771635476.6586514
  },
  "linux_devbai_cookies": {
    "quota": 1060.41,
    "used": 1914.59,
    "timestamp": 1771635485.2764132
  },
  "linux_Yeahnet_cookies": {
    "quota": 1188.26,
    "used": 1786.74,
    "timestamp": 1771635494.5106537
  }
}