{
  "dctx_email": {
    "quota": 624.06,
    "used": 1150.94,
    "timestamp": 1764591586.7355387
  },
  "ljq_email": {
    "quota": 693.72,
    "used": 981.36,
    "timestamp": 1764591608.7862139
  },
  "zc_email": {
    "quota": 1420.11,
    "used": 254.89,
    "timestamp": 1764591637.1558075
  },
  "zj_email": {
    "quota": 625.0,
    "used": 0.0,
    "timestamp": 1764591664.0369165
  },
  "fks_email": {
    "quota": 625.0,
    "used": 0.0,
    "timestamp": 1764591685.690583
  },
  "dxh_email": {
    "quota": 625.0,
    "used": 0.0,
    "timestamp": 1764591708.484068
  },
  "zhb_email": {
    "quota": 625.0,
    "used": 0.0,
    "timestamp": 1764591732.8109112
  },
  "linuxdo_84404_cookies": {
    "quota": 250.06,
    "used": 1149.94,
    "timestamp": 1764591741.5775218
  },
  "linux_chuang_cookies": {
    "quota": 1100.0,
    "used": 0.0,
    "timestamp": 1764591751.9800727
  },
  "linux_bwj_cookies": {
    "quota": 1125.0,
    "used": 0.0,
    "timestamp": 1764591764.099208
  },
  "linux_devbai_cookies": {
    "quota": 1075.0,
    "used": 0.0,
    "timestamp": 1764591774.2848043
  },
  "linux_Yeahnet_cookies": {
    "quota": 1075.0,
    "used": 0.0,
    "timestamp": 1764591784.6594622
  }
}