{
  "dctx_email": {
    "quota": 361.37,
    "used": 2113.63,
    "timestamp": 1767010823.992417
  },
  "ljq_email": {
    "quota": 653.06,
    "used": 1722.03,
    "timestamp": 1767010845.645665
  },
  "zc_email": {
    "quota": 187.93,
    "used": 2174.03,
    "timestamp": 1767010868.234162
  },
  "zj_email": {
    "quota": 1325.0,
    "used": 0.0,
    "timestamp": 1767010934.9318056
  },
  "fks_email": {
    "quota": 1325.0,
    "used": 0.0,
    "timestamp": 1767010958.3131683
  },
  "dxh_email": {
    "quota": 1325.0,
    "used": 0.0,
    "timestamp": 1767010979.3604074
  },
  "zhb_email": {
    "quota": 1325.0,
    "used": 0.0,
    "timestamp": 1767011002.8216243
  },
  "linuxdo_84404_cookies": {
    "quota": 897.62,
    "used": 1152.38,
    "timestamp": 1767010877.2147155
  },
  "linux_chuang_cookies": {
    "quota": 1787.86,
    "used": 12.14,
    "timestamp": 1767010885.3709052
  },
  "linux_bwj_cookies": {
    "quota": 534.01,
    "used": 1240.99,
    "timestamp": 1767010893.5781534
  },
  "linux_devbai_cookies": {
    "quota": 1775.0,
    "used": 0.0,
    "timestamp": 1767010903.6866674
  },
  "linux_Yeahnet_cookies": {
    "quota": 1775.0,
    "used": 0.0,
    "timestamp": 1767010913.283432
  }
}