{
  "dctx_email": {
    "quota": 802.02,
    "used": 2622.98,
    "timestamp": 1770253181.5185316
  },
  "ljq_email": {
    "quota": 1603.06,
    "used": 1722.03,
    "timestamp": 1770253203.5869162
  },
  "zc_email": {
    "quota": 1078.26,
    "used": 2233.7,
    "timestamp": 1770253225.714987
  },
  "zj_email": {
    "quota": 2275.0,
    "used": 0.0,
    "timestamp": 1770253298.304559
  },
  "fks_email": {
    "quota": 2275.0,
    "used": 0.0,
    "timestamp": 1770253320.5074391
  },
  "dxh_email": {
    "quota": 2275.0,
    "used": 0.0,
    "timestamp": 1770253344.4939966
  },
  "zhb_email": {
    "quota": 2275.0,
    "used": 0.0,
    "timestamp": 1770253374.1469414
  },
  "linuxdo_84404_cookies": {
    "quota": 1393.12,
    "used": 1506.88,
    "timestamp": 1770253234.7947547
  },
  "linux_chuang_cookies": {
    "quota": 2400.44,
    "used": 199.56,
    "timestamp": 1770253245.4534698
  },
  "linux_bwj_cookies": {
    "quota": 700.04,
    "used": 1849.08,
    "timestamp": 1770253256.6197684
  },
  "linux_devbai_cookies": {
    "quota": 660.41,
    "used": 1914.59,
    "timestamp": 1770253265.2867513
  },
  "linux_Yeahnet_cookies": {
    "quota": 788.26,
    "used": 1786.74,
    "timestamp": 1770253277.3007383
  }
}