{
  "dctx_email": {
    "quota": 561.37,
    "used": 2113.63,
    "timestamp": 1767701992.711645
  },
  "ljq_email": {
    "quota": 853.06,
    "used": 1722.03,
    "timestamp": 1767702013.4796393
  },
  "zc_email": {
    "quota": 338.27,
    "used": 2223.7,
    "timestamp": 1767702034.1810977
  },
  "zj_email": {
    "quota": 1525.0,
    "used": 0.0,
    "timestamp": 1767702099.6289818
  },
  "fks_email": {
    "quota": 1525.0,
    "used": 0.0,
    "timestamp": 1767702123.0123816
  },
  "dxh_email": {
    "quota": 1525.0,
    "used": 0.0,
    "timestamp": 1767702146.4124775
  },
  "zhb_email": {
    "quota": 1525.0,
    "used": 0.0,
    "timestamp": 1767702169.208006
  },
  "linuxdo_84404_cookies": {
    "quota": 1097.62,
    "used": 1152.38,
    "timestamp": 1767702043.1497812
  },
  "linux_chuang_cookies": {
    "quota": 1958.99,
    "used": 41.01,
    "timestamp": 1767702052.18208
  },
  "linux_bwj_cookies": {
    "quota": 125.04,
    "used": 1849.08,
    "timestamp": 1767702060.103253
  },
  "linux_devbai_cookies": {
    "quota": 828.56,
    "used": 1146.44,
    "timestamp": 1767702067.3645267
  },
  "linux_Yeahnet_cookies": {
    "quota": 1975.0,
    "used": 0.0,
    "timestamp": 1767702076.049817
  }
}