{
  "dctx_email": {
    "quota": 774.06,
    "used": 1150.94,
    "timestamp": 1765131217.3425713
  },
  "ljq_email": {
    "quota": 103.06,
    "used": 1722.03,
    "timestamp": 1765131238.5284839
  },
  "zc_email": {
    "quota": 1501.32,
    "used": 323.68,
    "timestamp": 1765131260.3888693
  },
  "zj_email": {
    "quota": 775.0,
    "used": 0.0,
    "timestamp": 1765131281.3945465
  },
  "fks_email": {
    "quota": 775.0,
    "used": 0.0,
    "timestamp": 1765131304.1038742
  },
  "dxh_email": {
    "quota": 775.0,
    "used": 0.0,
    "timestamp": 1765131327.9230406
  },
  "zhb_email": {
    "quota": 775.0,
    "used": 0.0,
    "timestamp": 1765131350.8883443
  },
  "linuxdo_84404_cookies": {
    "quota": 397.62,
    "used": 1152.38,
    "timestamp": 1765131360.1186087
  },
  "linux_chuang_cookies": {
    "quota": 1250.0,
    "used": 0.0,
    "timestamp": 1765131371.3214846
  },
  "linux_bwj_cookies": {
    "quota": 1275.0,
    "used": 0.0,
    "timestamp": 1765131379.557355
  },
  "linux_devbai_cookies": {
    "quota": 1225.0,
    "used": 0.0,
    "timestamp": 1765131388.1611745
  },
  "linux_Yeahnet_cookies": {
    "quota": 1225.0,
    "used": 0.0,
    "timestamp": 1765131396.9748385
  }
}