{
  "dctx_email": {
    "quota": 436.37,
    "used": 2113.63,
    "timestamp": 1767248265.5681682
  },
  "ljq_email": {
    "quota": 728.06,
    "used": 1722.03,
    "timestamp": 1767248288.1050732
  },
  "zc_email": {
    "quota": 243.58,
    "used": 2193.38,
    "timestamp": 1767248309.3362923
  },
  "zj_email": {
    "quota": 1400.0,
    "used": 0.0,
    "timestamp": 1767248376.6738913
  },
  "fks_email": {
    "quota": 1400.0,
    "used": 0.0,
    "timestamp": 1767248400.1286285
  },
  "dxh_email": {
    "quota": 1400.0,
    "used": 0.0,
    "timestamp": 1767248422.498483
  },
  "zhb_email": {
    "quota": 1400.0,
    "used": 0.0,
    "timestamp": 1767248444.651739
  },
  "linuxdo_84404_cookies": {
    "quota": 972.62,
    "used": 1152.38,
    "timestamp": 1767248318.2953594
  },
  "linux_chuang_cookies": {
    "quota": 1853.73,
    "used": 21.27,
    "timestamp": 1767248326.9500413
  },
  "linux_bwj_cookies": {
    "quota": 29.34,
    "used": 1819.78,
    "timestamp": 1767248335.1166165
  },
  "linux_devbai_cookies": {
    "quota": 1850.0,
    "used": 0.0,
    "timestamp": 1767248344.635669
  },
  "linux_Yeahnet_cookies": {
    "quota": 1850.0,
    "used": 0.0,
    "timestamp": 1767248354.0597692
  }
}