{
  "dctx_email": {
    "quota": 666.54,
    "used": 3108.75,
    "timestamp": 1771526218.8926592
  },
  "ljq_email": {
    "quota": 1022.21,
    "used": 2652.88,
    "timestamp": 1771526240.649127
  },
  "zc_email": {
    "quota": 1441.3,
    "used": 2233.7,
    "timestamp": 1771526260.4778988
  },
  "zj_email": {
    "quota": 2625.0,
    "used": 0.0,
    "timestamp": 1771526331.660067
  },
  "fks_email": {
    "quota": 2625.0,
    "used": 0.0,
    "timestamp": 1771526354.3257656
  },
  "dxh_email": {
    "quota": 2625.0,
    "used": 0.0,
    "timestamp": 1771526377.8532498
  },
  "zhb_email": {
    "quota": 2625.0,
    "used": 0.0,
    "timestamp": 1771526401.369948
  },
  "linuxdo_84404_cookies": {
    "quota": 1118.32,
    "used": 2006.68,
    "timestamp": 1771050641.8473558
  },
  "linux_chuang_cookies": {
    "quota": 2750.44,
    "used": 199.56,
    "timestamp": 1771526281.084763
  },
  "linux_bwj_cookies": {
    "quota": 925.92,
    "used": 1849.08,
    "timestamp": 1771050659.1261163
  },
  "linux_devbai_cookies": {
    "quota": 1010.41,
    "used": 1914.59,
    "timestamp": 1771526302.2822518
  },
  "linux_Yeahnet_cookies": {
    "quota": 1138.26,
    "used": 1786.74,
    "timestamp": 1771526310.782451
  }
}