{
  "dctx_email": {
    "quota": 1066.54,
    "used": 3108.75,
    "timestamp": 1772864617.4570408
  },
  "ljq_email": {
    "quota": 125.15,
    "used": 3949.93,
    "timestamp": 1772864639.398741
  },
  "zc_email": {
    "quota": 1797.41,
    "used": 2277.59,
    "timestamp": 1772864660.0431733
  },
  "zj_email": {
    "quota": 3025.0,
    "used": 0.0,
    "timestamp": 1772864728.5770197
  },
  "fks_email": {
    "quota": 3025.0,
    "used": 0.0,
    "timestamp": 1772864751.6091213
  },
  "dxh_email": {
    "quota": 3025.0,
    "used": 0.0,
    "timestamp": 1772864774.6112182
  },
  "zhb_email": {
    "quota": 3025.0,
    "used": 0.0,
    "timestamp": 1772864797.1893852
  },
  "linuxdo_84404_cookies": {
    "quota": 543.53,
    "used": 3006.47,
    "timestamp": 1772864670.0948045
  },
  "linux_chuang_cookies": {
    "quota": 2015.06,
    "used": 1334.94,
    "timestamp": 1772864679.9183764
  },
  "linux_bwj_cookies": {
    "quota": 961.3,
    "used": 2213.7,
    "timestamp": 1772864689.0922775
  },
  "linux_devbai_cookies": {
    "quota": 1410.41,
    "used": 1914.59,
    "timestamp": 1772864699.0975003
  },
  "linux_Yeahnet_cookies": {
    "quota": 1520.95,
    "used": 1804.05,
    "timestamp": 1772864706.7169268
  }
}