{
  "dctx_email": {
    "quota": 395.44,
    "used": 3054.56,
    "timestamp": 1770359902.9695807
  },
  "ljq_email": {
    "quota": 1628.06,
    "used": 1722.03,
    "timestamp": 1770359923.8359485
  },
  "zc_email": {
    "quota": 1103.26,
    "used": 2233.7,
    "timestamp": 1770359946.3733752
  },
  "zj_email": {
    "quota": 2300.0,
    "used": 0.0,
    "timestamp": 1770360009.4212837
  },
  "fks_email": {
    "quota": 2300.0,
    "used": 0.0,
    "timestamp": 1770360033.1632607
  },
  "dxh_email": {
    "quota": 2300.0,
    "used": 0.0,
    "timestamp": 1770360055.9352787
  },
  "zhb_email": {
    "quota": 2300.0,
    "used": 0.0,
    "timestamp": 1770360077.2339828
  },
  "linuxdo_84404_cookies": {
    "quota": 1418.12,
    "used": 1506.88,
    "timestamp": 1770359954.7463527
  },
  "linux_chuang_cookies": {
    "quota": 2425.44,
    "used": 199.56,
    "timestamp": 1770359963.5596776
  },
  "linux_bwj_cookies": {
    "quota": 725.04,
    "used": 1849.08,
    "timestamp": 1770359971.3693223
  },
  "linux_devbai_cookies": {
    "quota": 685.41,
    "used": 1914.59,
    "timestamp": 1770359980.126057
  },
  "linux_Yeahnet_cookies": {
    "quota": 813.26,
    "used": 1786.74,
    "timestamp": 1770359987.7626228
  }
}