{
  "dctx_email": {
    "quota": 599.06,
    "used": 1150.94,
    "timestamp": 1764465847.3644319
  },
  "ljq_email": {
    "quota": 762.28,
    "used": 887.49,
    "timestamp": 1764465867.956934
  },
  "zc_email": {
    "quota": 1395.11,
    "used": 254.89,
    "timestamp": 1764465888.8087635
  },
  "zj_email": {
    "quota": 600.0,
    "used": 0.0,
    "timestamp": 1764465910.9426682
  },
  "fks_email": {
    "quota": 600.0,
    "used": 0.0,
    "timestamp": 1764465933.104186
  },
  "dxh_email": {
    "quota": 600.0,
    "used": 0.0,
    "timestamp": 1764465956.1205575
  },
  "zhb_email": {
    "quota": 600.0,
    "used": 0.0,
    "timestamp": 1764465979.1817446
  },
  "linuxdo_84404_cookies": {
    "quota": 225.06,
    "used": 1149.94,
    "timestamp": 1764465988.1151476
  },
  "linux_chuang_cookies": {
    "quota": 1075.0,
    "used": 0.0,
    "timestamp": 1764465996.5035083
  },
  "linux_bwj_cookies": {
    "quota": 1100.0,
    "used": 0.0,
    "timestamp": 1764466005.6565158
  },
  "linux_devbai_cookies": {
    "quota": 1050.0,
    "used": 0.0,
    "timestamp": 1764466014.610633
  },
  "linux_Yeahnet_cookies": {
    "quota": 1050.0,
    "used": 0.0,
    "timestamp": 1764466022.2721698
  }
}