{
  "dctx_email": {
    "quota": 436.37,
    "used": 2113.63,
    "timestamp": 1767228891.886083
  },
  "ljq_email": {
    "quota": 728.06,
    "used": 1722.03,
    "timestamp": 1767228914.3589308
  },
  "zc_email": {
    "quota": 243.58,
    "used": 2193.38,
    "timestamp": 1767228937.2482626
  },
  "zj_email": {
    "quota": 1400.0,
    "used": 0.0,
    "timestamp": 1767229007.5148296
  },
  "fks_email": {
    "quota": 1400.0,
    "used": 0.0,
    "timestamp": 1767229029.5138614
  },
  "dxh_email": {
    "quota": 1400.0,
    "used": 0.0,
    "timestamp": 1767229053.3657594
  },
  "zhb_email": {
    "quota": 1400.0,
    "used": 0.0,
    "timestamp": 1767229076.2988975
  },
  "linuxdo_84404_cookies": {
    "quota": 972.62,
    "used": 1152.38,
    "timestamp": 1767228945.9116352
  },
  "linux_chuang_cookies": {
    "quota": 1862.86,
    "used": 12.14,
    "timestamp": 1767228954.5166442
  },
  "linux_bwj_cookies": {
    "quota": 94.25,
    "used": 1754.87,
    "timestamp": 1767228964.7969615
  },
  "linux_devbai_cookies": {
    "quota": 1850.0,
    "used": 0.0,
    "timestamp": 1767228975.2230926
  },
  "linux_Yeahnet_cookies": {
    "quota": 1850.0,
    "used": 0.0,
    "timestamp": 1767228984.591328
  }
}