{
  "dctx_email": {
    "quota": 786.37,
    "used": 2113.63,
    "timestamp": 1768457860.1785038
  },
  "ljq_email": {
    "quota": 1078.06,
    "used": 1722.03,
    "timestamp": 1768457881.5618145
  },
  "zc_email": {
    "quota": 553.26,
    "used": 2233.7,
    "timestamp": 1768457902.4941363
  },
  "zj_email": {
    "quota": 1750.0,
    "used": 0.0,
    "timestamp": 1768457973.6931705
  },
  "fks_email": {
    "quota": 1750.0,
    "used": 0.0,
    "timestamp": 1768457996.3788557
  },
  "dxh_email": {
    "quota": 1750.0,
    "used": 0.0,
    "timestamp": 1768458019.6537323
  },
  "zhb_email": {
    "quota": 1750.0,
    "used": 0.0,
    "timestamp": 1768458042.8150034
  },
  "linuxdo_84404_cookies": {
    "quota": 1322.62,
    "used": 1152.38,
    "timestamp": 1768437995.669237
  },
  "linux_chuang_cookies": {
    "quota": 2167.16,
    "used": 57.84,
    "timestamp": 1768457923.672107
  },
  "linux_bwj_cookies": {
    "quota": 275.04,
    "used": 1849.08,
    "timestamp": 1768198878.508116
  },
  "linux_devbai_cookies": {
    "quota": 285.41,
    "used": 1914.59,
    "timestamp": 1768457944.4646318
  },
  "linux_Yeahnet_cookies": {
    "quota": 427.16,
    "used": 1772.84,
    "timestamp": 1768457952.1721134
  }
}