{
  "dctx_email": {
    "quota": 336.37,
    "used": 2113.63,
    "timestamp": 1766924292.9749844
  },
  "ljq_email": {
    "quota": 628.06,
    "used": 1722.03,
    "timestamp": 1766924313.4849613
  },
  "zc_email": {
    "quota": 171.74,
    "used": 2165.22,
    "timestamp": 1766924334.8119545
  },
  "zj_email": {
    "quota": 1300.0,
    "used": 0.0,
    "timestamp": 1766924404.947683
  },
  "fks_email": {
    "quota": 1300.0,
    "used": 0.0,
    "timestamp": 1766924427.8017075
  },
  "dxh_email": {
    "quota": 1300.0,
    "used": 0.0,
    "timestamp": 1766924450.7376895
  },
  "zhb_email": {
    "quota": 1300.0,
    "used": 0.0,
    "timestamp": 1766924474.5903764
  },
  "linuxdo_84404_cookies": {
    "quota": 872.62,
    "used": 1152.38,
    "timestamp": 1766924343.4784153
  },
  "linux_chuang_cookies": {
    "quota": 1762.86,
    "used": 12.14,
    "timestamp": 1766924351.877
  },
  "linux_bwj_cookies": {
    "quota": 726.85,
    "used": 1023.15,
    "timestamp": 1766924360.7989836
  },
  "linux_devbai_cookies": {
    "quota": 1750.0,
    "used": 0.0,
    "timestamp": 1766924369.6342099
  },
  "linux_Yeahnet_cookies": {
    "quota": 1750.0,
    "used": 0.0,
    "timestamp": 1766924379.3846788
  }
}