{
  "dctx_email": {
    "quota": 861.37,
    "used": 2113.63,
    "timestamp": 1768738654.2599087
  },
  "ljq_email": {
    "quota": 1153.06,
    "used": 1722.03,
    "timestamp": 1768738675.5303752
  },
  "zc_email": {
    "quota": 628.26,
    "used": 2233.7,
    "timestamp": 1768738697.5769396
  },
  "zj_email": {
    "quota": 1825.0,
    "used": 0.0,
    "timestamp": 1768738776.3363695
  },
  "fks_email": {
    "quota": 1825.0,
    "used": 0.0,
    "timestamp": 1768738799.16888
  },
  "dxh_email": {
    "quota": 1825.0,
    "used": 0.0,
    "timestamp": 1768738823.20708
  },
  "zhb_email": {
    "quota": 1825.0,
    "used": 0.0,
    "timestamp": 1768738847.3104894
  },
  "linuxdo_84404_cookies": {
    "quota": 1322.62,
    "used": 1152.38,
    "timestamp": 1768437995.669237
  },
  "linux_chuang_cookies": {
    "quota": 2241.99,
    "used": 58.01,
    "timestamp": 1768738719.513324
  },
  "linux_bwj_cookies": {
    "quota": 275.04,
    "used": 1849.08,
    "timestamp": 1768198878.508116
  },
  "linux_devbai_cookies": {
    "quota": 360.41,
    "used": 1914.59,
    "timestamp": 1768738743.7924125
  },
  "linux_Yeahnet_cookies": {
    "quota": 488.26,
    "used": 1786.74,
    "timestamp": 1768738753.3477407
  }
}