{
  "dctx_email": {
    "quota": 379.7,
    "used": 3095.3,
    "timestamp": 1770488287.0019627
  },
  "ljq_email": {
    "quota": 1653.06,
    "used": 1722.03,
    "timestamp": 1770488309.7267969
  },
  "zc_email": {
    "quota": 1128.26,
    "used": 2233.7,
    "timestamp": 1770488331.520414
  },
  "zj_email": {
    "quota": 2325.0,
    "used": 0.0,
    "timestamp": 1770488395.3229997
  },
  "fks_email": {
    "quota": 2325.0,
    "used": 0.0,
    "timestamp": 1770488416.9683738
  },
  "dxh_email": {
    "quota": 2325.0,
    "used": 0.0,
    "timestamp": 1770488439.1749344
  },
  "zhb_email": {
    "quota": 2325.0,
    "used": 0.0,
    "timestamp": 1770488463.5298696
  },
  "linuxdo_84404_cookies": {
    "quota": 1160.18,
    "used": 1789.82,
    "timestamp": 1770488339.926529
  },
  "linux_chuang_cookies": {
    "quota": 2450.44,
    "used": 199.56,
    "timestamp": 1770488347.9806108
  },
  "linux_bwj_cookies": {
    "quota": 750.04,
    "used": 1849.08,
    "timestamp": 1770488357.0821607
  },
  "linux_devbai_cookies": {
    "quota": 710.41,
    "used": 1914.59,
    "timestamp": 1770488364.4961233
  },
  "linux_Yeahnet_cookies": {
    "quota": 838.26,
    "used": 1786.74,
    "timestamp": 1770488373.0821984
  }
}