{
  "dctx_email": {
    "quota": 880.58,
    "used": 1344.42,
    "timestamp": 1766168105.8420086
  },
  "ljq_email": {
    "quota": 403.06,
    "used": 1722.03,
    "timestamp": 1766168129.0365884
  },
  "zc_email": {
    "quota": 25.22,
    "used": 2086.74,
    "timestamp": 1766168153.100991
  },
  "zj_email": {
    "quota": 1075.0,
    "used": 0.0,
    "timestamp": 1766168218.69876
  },
  "fks_email": {
    "quota": 1075.0,
    "used": 0.0,
    "timestamp": 1766168241.1579576
  },
  "dxh_email": {
    "quota": 1075.0,
    "used": 0.0,
    "timestamp": 1766168264.4856167
  },
  "zhb_email": {
    "quota": 1075.0,
    "used": 0.0,
    "timestamp": 1766168289.023113
  },
  "linuxdo_84404_cookies": {
    "quota": 647.62,
    "used": 1152.38,
    "timestamp": 1766168161.8068423
  },
  "linux_chuang_cookies": {
    "quota": 1547.68,
    "used": 2.32,
    "timestamp": 1766168170.517017
  },
  "linux_bwj_cookies": {
    "quota": 1525.0,
    "used": 0.0,
    "timestamp": 1766168179.8318264
  },
  "linux_devbai_cookies": {
    "quota": 1525.0,
    "used": 0.0,
    "timestamp": 1766168189.4254897
  },
  "linux_Yeahnet_cookies": {
    "quota": 1525.0,
    "used": 0.0,
    "timestamp": 1766168197.6062732
  }
}