{
  "dctx_email": {
    "quota": 691.54,
    "used": 3108.75,
    "timestamp": 1771569585.0681303
  },
  "ljq_email": {
    "quota": 951.15,
    "used": 2748.93,
    "timestamp": 1771569605.4324348
  },
  "zc_email": {
    "quota": 1466.3,
    "used": 2233.7,
    "timestamp": 1771569627.4833422
  },
  "zj_email": {
    "quota": 2650.0,
    "used": 0.0,
    "timestamp": 1771569690.2968168
  },
  "fks_email": {
    "quota": 2650.0,
    "used": 0.0,
    "timestamp": 1771569712.8225405
  },
  "dxh_email": {
    "quota": 2650.0,
    "used": 0.0,
    "timestamp": 1771569736.3274467
  },
  "zhb_email": {
    "quota": 2650.0,
    "used": 0.0,
    "timestamp": 1771549320.9203348
  },
  "linuxdo_84404_cookies": {
    "quota": 168.69,
    "used": 3006.31,
    "timestamp": 1771569634.6173792
  },
  "linux_chuang_cookies": {
    "quota": 2775.44,
    "used": 199.56,
    "timestamp": 1771569642.227958
  },
  "linux_bwj_cookies": {
    "quota": 950.92,
    "used": 1849.08,
    "timestamp": 1771569650.5898707
  },
  "linux_devbai_cookies": {
    "quota": 1035.41,
    "used": 1914.59,
    "timestamp": 1771569658.7730947
  },
  "linux_Yeahnet_cookies": {
    "quota": 1163.26,
    "used": 1786.74,
    "timestamp": 1771569667.492179
  }
}