{
  "dctx_email": {
    "quota": 249.18,
    "used": 1150.82,
    "timestamp": 1763279886.8368866
  },
  "ljq_email": {
    "quota": 1199.33,
    "used": 100.43,
    "timestamp": 1763279909.9994442
  },
  "zc_email": {
    "quota": 1045.42,
    "used": 254.58,
    "timestamp": 1763279932.7192032
  },
  "zj_email": {
    "quota": 250.0,
    "used": 0.0,
    "timestamp": 1763280197.220684
  },
  "fks_email": {
    "quota": 250.0,
    "used": 0.0,
    "timestamp": 1763280219.460596
  },
  "dxh_email": {
    "quota": 250.0,
    "used": 0.0,
    "timestamp": 1763280241.0571413
  },
  "zhb_email": {
    "quota": 250.0,
    "used": 0.0,
    "timestamp": 1763280263.37129
  }
}