{
  "dctx_email": {
    "quota": 404.7,
    "used": 3095.3,
    "timestamp": 1770574751.0920825
  },
  "ljq_email": {
    "quota": 1678.06,
    "used": 1722.03,
    "timestamp": 1770574773.6971438
  },
  "zc_email": {
    "quota": 1153.26,
    "used": 2233.7,
    "timestamp": 1770574795.7947478
  },
  "zj_email": {
    "quota": 2350.0,
    "used": 0.0,
    "timestamp": 1770574862.4067607
  },
  "fks_email": {
    "quota": 2350.0,
    "used": 0.0,
    "timestamp": 1770574883.932474
  },
  "dxh_email": {
    "quota": 2350.0,
    "used": 0.0,
    "timestamp": 1770574908.0706756
  },
  "zhb_email": {
    "quota": 2350.0,
    "used": 0.0,
    "timestamp": 1770574932.1286368
  },
  "linuxdo_84404_cookies": {
    "quota": 968.32,
    "used": 2006.68,
    "timestamp": 1770574805.0001767
  },
  "linux_chuang_cookies": {
    "quota": 2475.44,
    "used": 199.56,
    "timestamp": 1770574813.4746368
  },
  "linux_bwj_cookies": {
    "quota": 775.04,
    "used": 1849.08,
    "timestamp": 1770574822.7118733
  },
  "linux_devbai_cookies": {
    "quota": 735.41,
    "used": 1914.59,
    "timestamp": 1770574831.7306957
  },
  "linux_Yeahnet_cookies": {
    "quota": 863.26,
    "used": 1786.74,
    "timestamp": 1770574839.2775004
  }
}