{
  "dctx_email": {
    "quota": 411.37,
    "used": 2113.63,
    "timestamp": 1767142069.758569
  },
  "ljq_email": {
    "quota": 703.06,
    "used": 1722.03,
    "timestamp": 1767142090.7323496
  },
  "zc_email": {
    "quota": 225.23,
    "used": 2186.73,
    "timestamp": 1767142112.2247148
  },
  "zj_email": {
    "quota": 1375.0,
    "used": 0.0,
    "timestamp": 1767142181.922892
  },
  "fks_email": {
    "quota": 1375.0,
    "used": 0.0,
    "timestamp": 1767142204.0428917
  },
  "dxh_email": {
    "quota": 1375.0,
    "used": 0.0,
    "timestamp": 1767142227.4117992
  },
  "zhb_email": {
    "quota": 1375.0,
    "used": 0.0,
    "timestamp": 1767142260.3050647
  },
  "linuxdo_84404_cookies": {
    "quota": 947.62,
    "used": 1152.38,
    "timestamp": 1767142121.2315154
  },
  "linux_chuang_cookies": {
    "quota": 1837.86,
    "used": 12.14,
    "timestamp": 1767142131.2322068
  },
  "linux_bwj_cookies": {
    "quota": 346.64,
    "used": 1478.36,
    "timestamp": 1767142141.3318753
  },
  "linux_devbai_cookies": {
    "quota": 1825.0,
    "used": 0.0,
    "timestamp": 1767142150.5679457
  },
  "linux_Yeahnet_cookies": {
    "quota": 1825.0,
    "used": 0.0,
    "timestamp": 1767142158.6024094
  }
}