{
  "dctx_email": {
    "quota": 393.46,
    "used": 1956.54,
    "timestamp": 1766557053.5252495
  },
  "ljq_email": {
    "quota": 528.06,
    "used": 1722.03,
    "timestamp": 1766557075.1367595
  },
  "zc_email": {
    "quota": 97.48,
    "used": 2139.48,
    "timestamp": 1766557096.043301
  },
  "zj_email": {
    "quota": 1200.0,
    "used": 0.0,
    "timestamp": 1766557158.0224953
  },
  "fks_email": {
    "quota": 1200.0,
    "used": 0.0,
    "timestamp": 1766557181.8395395
  },
  "dxh_email": {
    "quota": 1200.0,
    "used": 0.0,
    "timestamp": 1766557204.7978213
  },
  "zhb_email": {
    "quota": 1200.0,
    "used": 0.0,
    "timestamp": 1766557227.7850935
  },
  "linuxdo_84404_cookies": {
    "quota": 772.62,
    "used": 1152.38,
    "timestamp": 1766557104.407046
  },
  "linux_chuang_cookies": {
    "quota": 1664.5,
    "used": 10.5,
    "timestamp": 1766557111.8992453
  },
  "linux_bwj_cookies": {
    "quota": 1649.85,
    "used": 0.15,
    "timestamp": 1766557120.706907
  },
  "linux_devbai_cookies": {
    "quota": 1650.0,
    "used": 0.0,
    "timestamp": 1766557128.2718043
  },
  "linux_Yeahnet_cookies": {
    "quota": 1650.0,
    "used": 0.0,
    "timestamp": 1766557136.3931866
  }
}