{
  "dctx_email": {
    "quota": 948.45,
    "used": 1151.55,
    "timestamp": 1765673488.6646867
  },
  "ljq_email": {
    "quota": 278.06,
    "used": 1722.03,
    "timestamp": 1765673511.4598255
  },
  "zc_email": {
    "quota": 1030.55,
    "used": 956.42,
    "timestamp": 1765673533.304452
  },
  "zj_email": {
    "quota": 950.0,
    "used": 0.0,
    "timestamp": 1765673603.3154352
  },
  "fks_email": {
    "quota": 950.0,
    "used": 0.0,
    "timestamp": 1765673624.623719
  },
  "dxh_email": {
    "quota": 950.0,
    "used": 0.0,
    "timestamp": 1765673647.9634366
  },
  "zhb_email": {
    "quota": 950.0,
    "used": 0.0,
    "timestamp": 1765673670.4844263
  },
  "linuxdo_84404_cookies": {
    "quota": 547.62,
    "used": 1152.38,
    "timestamp": 1765606643.1339786
  },
  "linux_chuang_cookies": {
    "quota": 1422.68,
    "used": 2.32,
    "timestamp": 1765673555.3740284
  },
  "linux_bwj_cookies": {
    "quota": 1400.0,
    "used": 0.0,
    "timestamp": 1765673564.9151697
  },
  "linux_devbai_cookies": {
    "quota": 1400.0,
    "used": 0.0,
    "timestamp": 1765673573.2664719
  },
  "linux_Yeahnet_cookies": {
    "quota": 1400.0,
    "used": 0.0,
    "timestamp": 1765673582.6548502
  }
}