{
  "dctx_email": {
    "quota": 1016.54,
    "used": 3108.75,
    "timestamp": 1772692559.294823
  },
  "ljq_email": {
    "quota": 75.15,
    "used": 3949.93,
    "timestamp": 1772692585.0517325
  },
  "zc_email": {
    "quota": 1757.82,
    "used": 2267.18,
    "timestamp": 1772692607.6927128
  },
  "zj_email": {
    "quota": 2975.0,
    "used": 0.0,
    "timestamp": 1772692685.7885075
  },
  "fks_email": {
    "quota": 2975.0,
    "used": 0.0,
    "timestamp": 1772692711.5515425
  },
  "dxh_email": {
    "quota": 2975.0,
    "used": 0.0,
    "timestamp": 1772692736.4353557
  },
  "zhb_email": {
    "quota": 2975.0,
    "used": 0.0,
    "timestamp": 1772692760.5040104
  },
  "linuxdo_84404_cookies": {
    "quota": 493.53,
    "used": 3006.47,
    "timestamp": 1772692618.893699
  },
  "linux_chuang_cookies": {
    "quota": 2736.23,
    "used": 563.77,
    "timestamp": 1772692631.036508
  },
  "linux_bwj_cookies": {
    "quota": 912.23,
    "used": 2212.77,
    "timestamp": 1772692641.2536478
  },
  "linux_devbai_cookies": {
    "quota": 1360.41,
    "used": 1914.59,
    "timestamp": 1772692651.98746
  },
  "linux_Yeahnet_cookies": {
    "quota": 1483.77,
    "used": 1791.23,
    "timestamp": 1772692662.7410648
  }
}