{
  "dctx_email": {
    "quota": 586.37,
    "used": 2113.63,
    "timestamp": 1767746888.1389353
  },
  "ljq_email": {
    "quota": 878.06,
    "used": 1722.03,
    "timestamp": 1767746909.2163038
  },
  "zc_email": {
    "quota": 363.27,
    "used": 2223.7,
    "timestamp": 1767746932.006691
  },
  "zj_email": {
    "quota": 1550.0,
    "used": 0.0,
    "timestamp": 1767746999.7277524
  },
  "fks_email": {
    "quota": 1550.0,
    "used": 0.0,
    "timestamp": 1767747020.23758
  },
  "dxh_email": {
    "quota": 1550.0,
    "used": 0.0,
    "timestamp": 1767747042.6253126
  },
  "zhb_email": {
    "quota": 1550.0,
    "used": 0.0,
    "timestamp": 1767747065.1149151
  },
  "linuxdo_84404_cookies": {
    "quota": 1122.62,
    "used": 1152.38,
    "timestamp": 1767746941.322295
  },
  "linux_chuang_cookies": {
    "quota": 1983.99,
    "used": 41.01,
    "timestamp": 1767746951.325686
  },
  "linux_bwj_cookies": {
    "quota": 150.04,
    "used": 1849.08,
    "timestamp": 1767746960.0754824
  },
  "linux_devbai_cookies": {
    "quota": 682.25,
    "used": 1317.75,
    "timestamp": 1767746968.3488753
  },
  "linux_Yeahnet_cookies": {
    "quota": 2000.0,
    "used": 0.0,
    "timestamp": 1767746977.17704
  }
}