{
  "dctx_email": {
    "quota": 611.37,
    "used": 2113.63,
    "timestamp": 1767833257.2095683
  },
  "ljq_email": {
    "quota": 903.06,
    "used": 1722.03,
    "timestamp": 1767833279.1058795
  },
  "zc_email": {
    "quota": 388.27,
    "used": 2223.7,
    "timestamp": 1767833299.8316586
  },
  "zj_email": {
    "quota": 1575.0,
    "used": 0.0,
    "timestamp": 1767833365.122561
  },
  "fks_email": {
    "quota": 1575.0,
    "used": 0.0,
    "timestamp": 1767833388.6907628
  },
  "dxh_email": {
    "quota": 1575.0,
    "used": 0.0,
    "timestamp": 1767833412.5560215
  },
  "zhb_email": {
    "quota": 1575.0,
    "used": 0.0,
    "timestamp": 1767833435.0948317
  },
  "linuxdo_84404_cookies": {
    "quota": 1147.62,
    "used": 1152.38,
    "timestamp": 1767833308.3036976
  },
  "linux_chuang_cookies": {
    "quota": 2008.99,
    "used": 41.01,
    "timestamp": 1767833315.879496
  },
  "linux_bwj_cookies": {
    "quota": 175.04,
    "used": 1849.08,
    "timestamp": 1767833325.3858857
  },
  "linux_devbai_cookies": {
    "quota": 368.65,
    "used": 1656.35,
    "timestamp": 1767833334.5505455
  },
  "linux_Yeahnet_cookies": {
    "quota": 2025.0,
    "used": 0.0,
    "timestamp": 1767833344.011467
  }
}