{
  "dctx_email": {
    "quota": 961.37,
    "used": 2113.63,
    "timestamp": 1769105795.4667354
  },
  "ljq_email": {
    "quota": 1253.06,
    "used": 1722.03,
    "timestamp": 1769105818.4097297
  },
  "zc_email": {
    "quota": 728.26,
    "used": 2233.7,
    "timestamp": 1769105838.9729133
  },
  "zj_email": {
    "quota": 1925.0,
    "used": 0.0,
    "timestamp": 1769105923.5005164
  },
  "fks_email": {
    "quota": 1925.0,
    "used": 0.0,
    "timestamp": 1769105948.144856
  },
  "dxh_email": {
    "quota": 1925.0,
    "used": 0.0,
    "timestamp": 1769105971.955599
  },
  "zhb_email": {
    "quota": 1925.0,
    "used": 0.0,
    "timestamp": 1769105993.810693
  },
  "linuxdo_84404_cookies": {
    "quota": 1043.12,
    "used": 1506.88,
    "timestamp": 1769105848.3812063
  },
  "linux_chuang_cookies": {
    "quota": 2316.86,
    "used": 58.14,
    "timestamp": 1768976425.9971125
  },
  "linux_bwj_cookies": {
    "quota": 350.04,
    "used": 1849.08,
    "timestamp": 1769105871.0704412
  },
  "linux_devbai_cookies": {
    "quota": 435.41,
    "used": 1914.59,
    "timestamp": 1768976443.3059564
  },
  "linux_Yeahnet_cookies": {
    "quota": 563.26,
    "used": 1786.74,
    "timestamp": 1768976452.2607367
  }
}