{
  "dctx_email": {
    "quota": 404.7,
    "used": 3095.3,
    "timestamp": 1770532522.427349
  },
  "ljq_email": {
    "quota": 1678.06,
    "used": 1722.03,
    "timestamp": 1770532543.221241
  },
  "zc_email": {
    "quota": 1153.26,
    "used": 2233.7,
    "timestamp": 1770532564.5245078
  },
  "zj_email": {
    "quota": 2350.0,
    "used": 0.0,
    "timestamp": 1770532630.3912697
  },
  "fks_email": {
    "quota": 2350.0,
    "used": 0.0,
    "timestamp": 1770532652.9301744
  },
  "dxh_email": {
    "quota": 2350.0,
    "used": 0.0,
    "timestamp": 1770532675.6287644
  },
  "zhb_email": {
    "quota": 2350.0,
    "used": 0.0,
    "timestamp": 1770532699.0442243
  },
  "linuxdo_84404_cookies": {
    "quota": 1023.51,
    "used": 1951.49,
    "timestamp": 1770532572.4201608
  },
  "linux_chuang_cookies": {
    "quota": 2475.44,
    "used": 199.56,
    "timestamp": 1770532581.9434748
  },
  "linux_bwj_cookies": {
    "quota": 775.04,
    "used": 1849.08,
    "timestamp": 1770532590.0301723
  },
  "linux_devbai_cookies": {
    "quota": 735.41,
    "used": 1914.59,
    "timestamp": 1770532599.035876
  },
  "linux_Yeahnet_cookies": {
    "quota": 863.26,
    "used": 1786.74,
    "timestamp": 1770532607.1686459
  }
}