{
  "dctx_email": {
    "quota": 848.45,
    "used": 1151.55,
    "timestamp": 1765369193.839737
  },
  "ljq_email": {
    "quota": 178.06,
    "used": 1722.03,
    "timestamp": 1765369214.7594442
  },
  "zc_email": {
    "quota": 1166.31,
    "used": 733.69,
    "timestamp": 1765369236.737977
  },
  "zj_email": {
    "quota": 850.0,
    "used": 0.0,
    "timestamp": 1765369258.95448
  },
  "fks_email": {
    "quota": 850.0,
    "used": 0.0,
    "timestamp": 1765369281.0681987
  },
  "dxh_email": {
    "quota": 850.0,
    "used": 0.0,
    "timestamp": 1765369303.6540182
  },
  "zhb_email": {
    "quota": 850.0,
    "used": 0.0,
    "timestamp": 1765369326.804866
  },
  "linuxdo_84404_cookies": {
    "quota": 472.62,
    "used": 1152.38,
    "timestamp": 1765369334.5547564
  },
  "linux_chuang_cookies": {
    "quota": 1325.0,
    "used": 0.0,
    "timestamp": 1765369343.6338453
  },
  "linux_bwj_cookies": {
    "quota": 1350.0,
    "used": 0.0,
    "timestamp": 1765327756.8106296
  },
  "linux_devbai_cookies": {
    "quota": 1300.0,
    "used": 0.0,
    "timestamp": 1765369365.0812185
  },
  "linux_Yeahnet_cookies": {
    "quota": 1300.0,
    "used": 0.0,
    "timestamp": 1765369373.0922577
  }
}