{
  "dctx_email": {
    "quota": 686.37,
    "used": 2113.63,
    "timestamp": 1768133886.7787077
  },
  "ljq_email": {
    "quota": 978.06,
    "used": 1722.03,
    "timestamp": 1768133907.9473534
  },
  "zc_email": {
    "quota": 453.26,
    "used": 2233.7,
    "timestamp": 1768133928.8839345
  },
  "zj_email": {
    "quota": 1650.0,
    "used": 0.0,
    "timestamp": 1768133988.8068166
  },
  "fks_email": {
    "quota": 1650.0,
    "used": 0.0,
    "timestamp": 1768134011.0407825
  },
  "dxh_email": {
    "quota": 1650.0,
    "used": 0.0,
    "timestamp": 1768134033.0292616
  },
  "zhb_email": {
    "quota": 1650.0,
    "used": 0.0,
    "timestamp": 1768134055.081343
  },
  "linuxdo_84404_cookies": {
    "quota": 1222.62,
    "used": 1152.38,
    "timestamp": 1768133936.336237
  },
  "linux_chuang_cookies": {
    "quota": 2083.99,
    "used": 41.01,
    "timestamp": 1768133943.9970322
  },
  "linux_bwj_cookies": {
    "quota": 250.04,
    "used": 1849.08,
    "timestamp": 1768133951.2654293
  },
  "linux_devbai_cookies": {
    "quota": 185.41,
    "used": 1914.59,
    "timestamp": 1768133958.7530391
  },
  "linux_Yeahnet_cookies": {
    "quota": 766.39,
    "used": 1333.61,
    "timestamp": 1768133966.7650025
  }
}