{
  "dctx_email": {
    "quota": 1066.54,
    "used": 3108.75,
    "timestamp": 1772844975.6496184
  },
  "ljq_email": {
    "quota": 125.15,
    "used": 3949.93,
    "timestamp": 1772844997.8813322
  },
  "zc_email": {
    "quota": 1797.41,
    "used": 2277.59,
    "timestamp": 1772845019.2771506
  },
  "zj_email": {
    "quota": 3025.0,
    "used": 0.0,
    "timestamp": 1772845086.0275934
  },
  "fks_email": {
    "quota": 3025.0,
    "used": 0.0,
    "timestamp": 1772845109.4516215
  },
  "dxh_email": {
    "quota": 3025.0,
    "used": 0.0,
    "timestamp": 1772845132.8947213
  },
  "zhb_email": {
    "quota": 3025.0,
    "used": 0.0,
    "timestamp": 1772845155.3511722
  },
  "linuxdo_84404_cookies": {
    "quota": 543.53,
    "used": 3006.47,
    "timestamp": 1772845028.4850912
  },
  "linux_chuang_cookies": {
    "quota": 2197.34,
    "used": 1152.66,
    "timestamp": 1772845037.5979025
  },
  "linux_bwj_cookies": {
    "quota": 961.3,
    "used": 2213.7,
    "timestamp": 1772845046.6729157
  },
  "linux_devbai_cookies": {
    "quota": 1410.41,
    "used": 1914.59,
    "timestamp": 1772845054.9107695
  },
  "linux_Yeahnet_cookies": {
    "quota": 1529.08,
    "used": 1795.92,
    "timestamp": 1772845064.2292602
  }
}