{
  "dctx_email": {
    "quota": 686.37,
    "used": 2113.63,
    "timestamp": 1768155278.4966497
  },
  "ljq_email": {
    "quota": 978.06,
    "used": 1722.03,
    "timestamp": 1768155301.122667
  },
  "zc_email": {
    "quota": 453.26,
    "used": 2233.7,
    "timestamp": 1768155322.4138765
  },
  "zj_email": {
    "quota": 1650.0,
    "used": 0.0,
    "timestamp": 1768155392.5732524
  },
  "fks_email": {
    "quota": 1650.0,
    "used": 0.0,
    "timestamp": 1768155414.4817624
  },
  "dxh_email": {
    "quota": 1650.0,
    "used": 0.0,
    "timestamp": 1768155437.3441052
  },
  "zhb_email": {
    "quota": 1650.0,
    "used": 0.0,
    "timestamp": 1768155461.7329817
  },
  "linuxdo_84404_cookies": {
    "quota": 1222.62,
    "used": 1152.38,
    "timestamp": 1768155332.8103282
  },
  "linux_chuang_cookies": {
    "quota": 2083.99,
    "used": 41.01,
    "timestamp": 1768155342.0785205
  },
  "linux_bwj_cookies": {
    "quota": 250.04,
    "used": 1849.08,
    "timestamp": 1768155351.9398944
  },
  "linux_devbai_cookies": {
    "quota": 185.41,
    "used": 1914.59,
    "timestamp": 1768155361.1409547
  },
  "linux_Yeahnet_cookies": {
    "quota": 653.69,
    "used": 1446.31,
    "timestamp": 1768155369.1323283
  }
}