{
  "dctx_email": {
    "quota": 686.37,
    "used": 2113.63,
    "timestamp": 1768092870.024255
  },
  "ljq_email": {
    "quota": 978.06,
    "used": 1722.03,
    "timestamp": 1768092892.0567532
  },
  "zc_email": {
    "quota": 453.26,
    "used": 2233.7,
    "timestamp": 1768092913.1261895
  },
  "zj_email": {
    "quota": 1650.0,
    "used": 0.0,
    "timestamp": 1768092978.20016
  },
  "fks_email": {
    "quota": 1650.0,
    "used": 0.0,
    "timestamp": 1768092999.9933627
  },
  "dxh_email": {
    "quota": 1650.0,
    "used": 0.0,
    "timestamp": 1768093021.915629
  },
  "zhb_email": {
    "quota": 1650.0,
    "used": 0.0,
    "timestamp": 1768093044.3591306
  },
  "linuxdo_84404_cookies": {
    "quota": 1222.62,
    "used": 1152.38,
    "timestamp": 1768092921.8989635
  },
  "linux_chuang_cookies": {
    "quota": 2083.99,
    "used": 41.01,
    "timestamp": 1768092930.8743193
  },
  "linux_bwj_cookies": {
    "quota": 250.04,
    "used": 1849.08,
    "timestamp": 1768092939.415735
  },
  "linux_devbai_cookies": {
    "quota": 185.41,
    "used": 1914.59,
    "timestamp": 1768092947.0526056
  },
  "linux_Yeahnet_cookies": {
    "quota": 1088.52,
    "used": 1011.48,
    "timestamp": 1768092955.770442
  }
}