{
  "dctx_email": {
    "quota": 1011.05,
    "used": 2263.95,
    "timestamp": 1769754787.5771308
  },
  "ljq_email": {
    "quota": 1453.06,
    "used": 1722.03,
    "timestamp": 1769754810.500851
  },
  "zc_email": {
    "quota": 928.26,
    "used": 2233.7,
    "timestamp": 1769754831.8397925
  },
  "zj_email": {
    "quota": 2125.0,
    "used": 0.0,
    "timestamp": 1769754896.7198052
  },
  "fks_email": {
    "quota": 2125.0,
    "used": 0.0,
    "timestamp": 1769754917.718405
  },
  "dxh_email": {
    "quota": 2125.0,
    "used": 0.0,
    "timestamp": 1769754940.9136436
  },
  "zhb_email": {
    "quota": 2125.0,
    "used": 0.0,
    "timestamp": 1769754963.51376
  },
  "linuxdo_84404_cookies": {
    "quota": 1243.12,
    "used": 1506.88,
    "timestamp": 1769754839.7935262
  },
  "linux_chuang_cookies": {
    "quota": 2250.44,
    "used": 199.56,
    "timestamp": 1769754848.0494707
  },
  "linux_bwj_cookies": {
    "quota": 550.04,
    "used": 1849.08,
    "timestamp": 1769754856.2505462
  },
  "linux_devbai_cookies": {
    "quota": 510.41,
    "used": 1914.59,
    "timestamp": 1769754865.78557
  },
  "linux_Yeahnet_cookies": {
    "quota": 638.26,
    "used": 1786.74,
    "timestamp": 1769754873.5004807
  }
}