{
  "dctx_email": {
    "quota": 486.37,
    "used": 2113.63,
    "timestamp": 1767401099.2693357
  },
  "ljq_email": {
    "quota": 778.06,
    "used": 1722.03,
    "timestamp": 1767401121.5395486
  },
  "zc_email": {
    "quota": 290.52,
    "used": 2196.44,
    "timestamp": 1767401142.3052487
  },
  "zj_email": {
    "quota": 1450.0,
    "used": 0.0,
    "timestamp": 1767401207.910197
  },
  "fks_email": {
    "quota": 1450.0,
    "used": 0.0,
    "timestamp": 1767401229.939757
  },
  "dxh_email": {
    "quota": 1450.0,
    "used": 0.0,
    "timestamp": 1767401252.7580674
  },
  "zhb_email": {
    "quota": 1450.0,
    "used": 0.0,
    "timestamp": 1767401275.5131755
  },
  "linuxdo_84404_cookies": {
    "quota": 1022.62,
    "used": 1152.38,
    "timestamp": 1767401151.6268165
  },
  "linux_chuang_cookies": {
    "quota": 1883.99,
    "used": 41.01,
    "timestamp": 1767401160.0697725
  },
  "linux_bwj_cookies": {
    "quota": 50.04,
    "used": 1849.08,
    "timestamp": 1767401167.564053
  },
  "linux_devbai_cookies": {
    "quota": 1545.66,
    "used": 354.34,
    "timestamp": 1767401176.9136977
  },
  "linux_Yeahnet_cookies": {
    "quota": 1900.0,
    "used": 0.0,
    "timestamp": 1767401185.1632957
  }
}