{
  "dctx_email": {
    "quota": 948.45,
    "used": 1151.55,
    "timestamp": 1765692890.3184166
  },
  "ljq_email": {
    "quota": 278.06,
    "used": 1722.03,
    "timestamp": 1765692911.536594
  },
  "zc_email": {
    "quota": 897.3,
    "used": 1089.66,
    "timestamp": 1765692933.0339415
  },
  "zj_email": {
    "quota": 950.0,
    "used": 0.0,
    "timestamp": 1765692999.521509
  },
  "fks_email": {
    "quota": 950.0,
    "used": 0.0,
    "timestamp": 1765693022.6369967
  },
  "dxh_email": {
    "quota": 950.0,
    "used": 0.0,
    "timestamp": 1765693044.0507464
  },
  "zhb_email": {
    "quota": 950.0,
    "used": 0.0,
    "timestamp": 1765693066.078377
  },
  "linuxdo_84404_cookies": {
    "quota": 547.62,
    "used": 1152.38,
    "timestamp": 1765606643.1339786
  },
  "linux_chuang_cookies": {
    "quota": 1422.68,
    "used": 2.32,
    "timestamp": 1765692954.0917199
  },
  "linux_bwj_cookies": {
    "quota": 1400.0,
    "used": 0.0,
    "timestamp": 1765692961.1765127
  },
  "linux_devbai_cookies": {
    "quota": 1400.0,
    "used": 0.0,
    "timestamp": 1765692968.7338877
  },
  "linux_Yeahnet_cookies": {
    "quota": 1400.0,
    "used": 0.0,
    "timestamp": 1765692977.691482
  }
}