{
  "dctx_email": {
    "quota": 724.06,
    "used": 1150.94,
    "timestamp": 1764937186.799715
  },
  "ljq_email": {
    "quota": 53.06,
    "used": 1722.03,
    "timestamp": 1764937207.4605396
  },
  "zc_email": {
    "quota": 1502.72,
    "used": 272.28,
    "timestamp": 1764937229.715973
  },
  "zj_email": {
    "quota": 725.0,
    "used": 0.0,
    "timestamp": 1764937252.8950188
  },
  "fks_email": {
    "quota": 725.0,
    "used": 0.0,
    "timestamp": 1764937274.5028431
  },
  "dxh_email": {
    "quota": 725.0,
    "used": 0.0,
    "timestamp": 1764937297.156514
  },
  "zhb_email": {
    "quota": 725.0,
    "used": 0.0,
    "timestamp": 1764937319.5921316
  },
  "linuxdo_84404_cookies": {
    "quota": 347.62,
    "used": 1152.38,
    "timestamp": 1764937328.4100113
  },
  "linux_chuang_cookies": {
    "quota": 1200.0,
    "used": 0.0,
    "timestamp": 1764937337.305811
  },
  "linux_bwj_cookies": {
    "quota": 1225.0,
    "used": 0.0,
    "timestamp": 1764937344.6956375
  },
  "linux_devbai_cookies": {
    "quota": 1175.0,
    "used": 0.0,
    "timestamp": 1764937353.1320174
  },
  "linux_Yeahnet_cookies": {
    "quota": 1175.0,
    "used": 0.0,
    "timestamp": 1764937361.8796058
  }
}