{
  "dctx_email": {
    "quota": 1007.53,
    "used": 2217.47,
    "timestamp": 1769624543.6799023
  },
  "ljq_email": {
    "quota": 1403.06,
    "used": 1722.03,
    "timestamp": 1769624563.4830484
  },
  "zc_email": {
    "quota": 878.26,
    "used": 2233.7,
    "timestamp": 1769624584.4804842
  },
  "zj_email": {
    "quota": 2075.0,
    "used": 0.0,
    "timestamp": 1769624650.5821362
  },
  "fks_email": {
    "quota": 2075.0,
    "used": 0.0,
    "timestamp": 1769624672.5599215
  },
  "dxh_email": {
    "quota": 2075.0,
    "used": 0.0,
    "timestamp": 1769624695.0140526
  },
  "zhb_email": {
    "quota": 2075.0,
    "used": 0.0,
    "timestamp": 1769624716.8180757
  },
  "linuxdo_84404_cookies": {
    "quota": 1193.12,
    "used": 1506.88,
    "timestamp": 1769624593.8483248
  },
  "linux_chuang_cookies": {
    "quota": 2200.44,
    "used": 199.56,
    "timestamp": 1769624602.2304413
  },
  "linux_bwj_cookies": {
    "quota": 500.04,
    "used": 1849.08,
    "timestamp": 1769624609.6625557
  },
  "linux_devbai_cookies": {
    "quota": 460.41,
    "used": 1914.59,
    "timestamp": 1769624618.8130062
  },
  "linux_Yeahnet_cookies": {
    "quota": 588.26,
    "used": 1786.74,
    "timestamp": 1769624627.6231012
  }
}