{
  "dctx_email": {
    "quota": 1086.05,
    "used": 2263.95,
    "timestamp": 1769994043.1701872
  },
  "ljq_email": {
    "quota": 1528.06,
    "used": 1722.03,
    "timestamp": 1769994065.2470508
  },
  "zc_email": {
    "quota": 1003.26,
    "used": 2233.7,
    "timestamp": 1769994086.9672117
  },
  "zj_email": {
    "quota": 2200.0,
    "used": 0.0,
    "timestamp": 1769994150.0908766
  },
  "fks_email": {
    "quota": 2200.0,
    "used": 0.0,
    "timestamp": 1769994173.2057142
  },
  "dxh_email": {
    "quota": 2200.0,
    "used": 0.0,
    "timestamp": 1769994195.8177474
  },
  "zhb_email": {
    "quota": 2200.0,
    "used": 0.0,
    "timestamp": 1769994217.5812967
  },
  "linuxdo_84404_cookies": {
    "quota": 1318.12,
    "used": 1506.88,
    "timestamp": 1769994095.3833017
  },
  "linux_chuang_cookies": {
    "quota": 2325.44,
    "used": 199.56,
    "timestamp": 1769994103.3298852
  },
  "linux_bwj_cookies": {
    "quota": 625.04,
    "used": 1849.08,
    "timestamp": 1769994110.3988144
  },
  "linux_devbai_cookies": {
    "quota": 585.41,
    "used": 1914.59,
    "timestamp": 1769994117.8660696
  },
  "linux_Yeahnet_cookies": {
    "quota": 713.26,
    "used": 1786.74,
    "timestamp": 1769994126.6801403
  }
}