{
  "dctx_email": {
    "quota": 636.37,
    "used": 2113.63,
    "timestamp": 1767982611.914411
  },
  "ljq_email": {
    "quota": 928.06,
    "used": 1722.03,
    "timestamp": 1767982632.5943906
  },
  "zc_email": {
    "quota": 403.26,
    "used": 2233.7,
    "timestamp": 1767982653.9060369
  },
  "zj_email": {
    "quota": 1600.0,
    "used": 0.0,
    "timestamp": 1767982718.0088053
  },
  "fks_email": {
    "quota": 1600.0,
    "used": 0.0,
    "timestamp": 1767982738.5727258
  },
  "dxh_email": {
    "quota": 1600.0,
    "used": 0.0,
    "timestamp": 1767982760.373556
  },
  "zhb_email": {
    "quota": 1600.0,
    "used": 0.0,
    "timestamp": 1767982783.1046665
  },
  "linuxdo_84404_cookies": {
    "quota": 1172.62,
    "used": 1152.38,
    "timestamp": 1767982663.35412
  },
  "linux_chuang_cookies": {
    "quota": 2033.99,
    "used": 41.01,
    "timestamp": 1767982670.751253
  },
  "linux_bwj_cookies": {
    "quota": 200.04,
    "used": 1849.08,
    "timestamp": 1767982679.9252515
  },
  "linux_devbai_cookies": {
    "quota": 135.41,
    "used": 1914.59,
    "timestamp": 1767982687.877408
  },
  "linux_Yeahnet_cookies": {
    "quota": 1920.49,
    "used": 129.51,
    "timestamp": 1767982696.0979009
  }
}