{
  "dctx_email": {
    "quota": 183.56,
    "used": 1141.44,
    "timestamp": 1763014528.0389578
  },
  "ljq_email": {
    "quota": 1124.33,
    "used": 100.43,
    "timestamp": 1763014550.242504
  },
  "zc_email": {
    "quota": 982.54,
    "used": 242.46,
    "timestamp": 1763014569.3849936
  },
  "zj_email": {
    "quota": 175.0,
    "used": 0.0,
    "timestamp": 1763015190.4876156
  },
  "fks_email": {
    "quota": 175.0,
    "used": 0.0,
    "timestamp": 1763015211.8095634
  },
  "dxh_email": {
    "quota": 175.0,
    "used": 0.0,
    "timestamp": 1763015232.544082
  },
  "zhb_email": {
    "quota": 175.0,
    "used": 0.0,
    "timestamp": 1763015253.3796682
  }
}