{
  "dctx_email": {
    "quota": 916.54,
    "used": 3108.75,
    "timestamp": 1772346699.8023539
  },
  "ljq_email": {
    "quota": 610.55,
    "used": 3314.53,
    "timestamp": 1772346721.6483421
  },
  "zc_email": {
    "quota": 1691.13,
    "used": 2233.87,
    "timestamp": 1772346743.3469307
  },
  "zj_email": {
    "quota": 2875.0,
    "used": 0.0,
    "timestamp": 1772346810.0074
  },
  "fks_email": {
    "quota": 2875.0,
    "used": 0.0,
    "timestamp": 1772346831.8888927
  },
  "dxh_email": {
    "quota": 2875.0,
    "used": 0.0,
    "timestamp": 1772346854.8056438
  },
  "zhb_email": {
    "quota": 2875.0,
    "used": 0.0,
    "timestamp": 1772346877.5571764
  },
  "linuxdo_84404_cookies": {
    "quota": 393.53,
    "used": 3006.47,
    "timestamp": 1772346751.6772826
  },
  "linux_chuang_cookies": {
    "quota": 3000.44,
    "used": 199.56,
    "timestamp": 1772346760.305479
  },
  "linux_bwj_cookies": {
    "quota": 947.32,
    "used": 2077.68,
    "timestamp": 1772346769.717373
  },
  "linux_devbai_cookies": {
    "quota": 1260.41,
    "used": 1914.59,
    "timestamp": 1772346777.8536632
  },
  "linux_Yeahnet_cookies": {
    "quota": 1388.26,
    "used": 1786.74,
    "timestamp": 1772346786.441675
  }
}