{
  "dctx_email": {
    "quota": 371.65,
    "used": 3053.35,
    "timestamp": 1770316470.5356889
  },
  "ljq_email": {
    "quota": 1603.06,
    "used": 1722.03,
    "timestamp": 1770316492.4346695
  },
  "zc_email": {
    "quota": 1078.26,
    "used": 2233.7,
    "timestamp": 1770316514.297151
  },
  "zj_email": {
    "quota": 2275.0,
    "used": 0.0,
    "timestamp": 1770316579.7866712
  },
  "fks_email": {
    "quota": 2275.0,
    "used": 0.0,
    "timestamp": 1770316601.5840144
  },
  "dxh_email": {
    "quota": 2275.0,
    "used": 0.0,
    "timestamp": 1770316624.3030462
  },
  "zhb_email": {
    "quota": 2275.0,
    "used": 0.0,
    "timestamp": 1770316647.7016113
  },
  "linuxdo_84404_cookies": {
    "quota": 1393.12,
    "used": 1506.88,
    "timestamp": 1770316523.36529
  },
  "linux_chuang_cookies": {
    "quota": 2400.44,
    "used": 199.56,
    "timestamp": 1770316531.6742623
  },
  "linux_bwj_cookies": {
    "quota": 700.04,
    "used": 1849.08,
    "timestamp": 1770316540.86569
  },
  "linux_devbai_cookies": {
    "quota": 660.41,
    "used": 1914.59,
    "timestamp": 1770316548.975416
  },
  "linux_Yeahnet_cookies": {
    "quota": 788.26,
    "used": 1786.74,
    "timestamp": 1770316556.9602005
  }
}