{
  "dctx_email": {
    "quota": 661.33,
    "used": 1638.67,
    "timestamp": 1766406004.7855425
  },
  "ljq_email": {
    "quota": 478.06,
    "used": 1722.03,
    "timestamp": 1766406025.994823
  },
  "zc_email": {
    "quota": 76.47,
    "used": 2110.49,
    "timestamp": 1766406047.0488207
  },
  "zj_email": {
    "quota": 1150.0,
    "used": 0.0,
    "timestamp": 1766406113.2623613
  },
  "fks_email": {
    "quota": 1150.0,
    "used": 0.0,
    "timestamp": 1766406136.5083501
  },
  "dxh_email": {
    "quota": 1150.0,
    "used": 0.0,
    "timestamp": 1766406159.1625235
  },
  "zhb_email": {
    "quota": 1150.0,
    "used": 0.0,
    "timestamp": 1766406182.8470411
  },
  "linuxdo_84404_cookies": {
    "quota": 722.62,
    "used": 1152.38,
    "timestamp": 1766406055.055832
  },
  "linux_chuang_cookies": {
    "quota": 1622.68,
    "used": 2.32,
    "timestamp": 1766406063.9132233
  },
  "linux_bwj_cookies": {
    "quota": 1600.0,
    "used": 0.0,
    "timestamp": 1766406073.246231
  },
  "linux_devbai_cookies": {
    "quota": 1600.0,
    "used": 0.0,
    "timestamp": 1766406081.1910176
  },
  "linux_Yeahnet_cookies": {
    "quota": 1600.0,
    "used": 0.0,
    "timestamp": 1766406089.6631804
  }
}