{
  "dctx_email": {
    "quota": 399.06,
    "used": 1150.94,
    "timestamp": 1763813749.110879
  },
  "ljq_email": {
    "quota": 1278.55,
    "used": 171.22,
    "timestamp": 1763813771.8395903
  },
  "zc_email": {
    "quota": 1195.42,
    "used": 254.58,
    "timestamp": 1763813793.5355268
  },
  "zj_email": {
    "quota": 400.0,
    "used": 0.0,
    "timestamp": 1763813816.570273
  },
  "fks_email": {
    "quota": 400.0,
    "used": 0.0,
    "timestamp": 1763813839.2350836
  },
  "dxh_email": {
    "quota": 400.0,
    "used": 0.0,
    "timestamp": 1763813862.0236375
  },
  "zhb_email": {
    "quota": 400.0,
    "used": 0.0,
    "timestamp": 1763813883.280985
  },
  "linuxdo_84404_cookies": {
    "quota": 25.09,
    "used": 1149.91,
    "timestamp": 1763813892.3614829
  },
  "linux_chuang_cookies": {
    "quota": 875.0,
    "used": 0.0,
    "timestamp": 1763813901.6028235
  },
  "linux_bwj_cookies": {
    "quota": 900.0,
    "used": 0.0,
    "timestamp": 1763813910.1495736
  },
  "linux_devbai_cookies": {
    "quota": 850.0,
    "used": 0.0,
    "timestamp": 1763813918.527312
  },
  "linux_Yeahnet_cookies": {
    "quota": 850.0,
    "used": 0.0,
    "timestamp": 1763813927.293418
  }
}