{
  "dctx_email": {
    "quota": 199.31,
    "used": 1150.69,
    "timestamp": 1763111522.31589
  },
  "ljq_email": {
    "quota": 1149.33,
    "used": 100.43,
    "timestamp": 1763111542.7278311
  },
  "zc_email": {
    "quota": 995.42,
    "used": 254.58,
    "timestamp": 1763111563.998428
  },
  "zj_email": {
    "quota": 200.0,
    "used": 0.0,
    "timestamp": 1763111942.625168
  },
  "fks_email": {
    "quota": 200.0,
    "used": 0.0,
    "timestamp": 1763111965.3181367
  },
  "dxh_email": {
    "quota": 200.0,
    "used": 0.0,
    "timestamp": 1763111987.5638192
  },
  "zhb_email": {
    "quota": 200.0,
    "used": 0.0,
    "timestamp": 1763112009.9317083
  }
}