{
  "dctx_email": {
    "quota": 311.37,
    "used": 2113.63,
    "timestamp": 1766837823.1393766
  },
  "ljq_email": {
    "quota": 603.06,
    "used": 1722.03,
    "timestamp": 1766837845.3100276
  },
  "zc_email": {
    "quota": 146.74,
    "used": 2165.22,
    "timestamp": 1766837866.7196078
  },
  "zj_email": {
    "quota": 1275.0,
    "used": 0.0,
    "timestamp": 1766837930.5044491
  },
  "fks_email": {
    "quota": 1275.0,
    "used": 0.0,
    "timestamp": 1766837952.0927744
  },
  "dxh_email": {
    "quota": 1275.0,
    "used": 0.0,
    "timestamp": 1766837976.0560756
  },
  "zhb_email": {
    "quota": 1275.0,
    "used": 0.0,
    "timestamp": 1766837998.107665
  },
  "linuxdo_84404_cookies": {
    "quota": 847.62,
    "used": 1152.38,
    "timestamp": 1766837873.7231646
  },
  "linux_chuang_cookies": {
    "quota": 1737.86,
    "used": 12.14,
    "timestamp": 1766837882.9143357
  },
  "linux_bwj_cookies": {
    "quota": 1198.89,
    "used": 526.11,
    "timestamp": 1766837891.1822789
  },
  "linux_devbai_cookies": {
    "quota": 1725.0,
    "used": 0.0,
    "timestamp": 1766837900.9487998
  },
  "linux_Yeahnet_cookies": {
    "quota": 1725.0,
    "used": 0.0,
    "timestamp": 1766837908.8521686
  }
}