{
  "dctx_email": {
    "quota": 265.78,
    "used": 2109.22,
    "timestamp": 1766623569.1871743
  },
  "ljq_email": {
    "quota": 553.06,
    "used": 1722.03,
    "timestamp": 1766623590.766394
  },
  "zc_email": {
    "quota": 122.48,
    "used": 2139.48,
    "timestamp": 1766623613.2479138
  },
  "zj_email": {
    "quota": 1225.0,
    "used": 0.0,
    "timestamp": 1766623680.5682237
  },
  "fks_email": {
    "quota": 1225.0,
    "used": 0.0,
    "timestamp": 1766623702.246906
  },
  "dxh_email": {
    "quota": 1225.0,
    "used": 0.0,
    "timestamp": 1766623722.7494478
  },
  "zhb_email": {
    "quota": 1225.0,
    "used": 0.0,
    "timestamp": 1766623746.2413433
  },
  "linuxdo_84404_cookies": {
    "quota": 797.62,
    "used": 1152.38,
    "timestamp": 1766623623.2104027
  },
  "linux_chuang_cookies": {
    "quota": 1689.5,
    "used": 10.5,
    "timestamp": 1766623631.6659362
  },
  "linux_bwj_cookies": {
    "quota": 1636.42,
    "used": 38.58,
    "timestamp": 1766623640.4684818
  },
  "linux_devbai_cookies": {
    "quota": 1675.0,
    "used": 0.0,
    "timestamp": 1766623649.9706223
  },
  "linux_Yeahnet_cookies": {
    "quota": 1675.0,
    "used": 0.0,
    "timestamp": 1766623657.3606555
  }
}