{
  "dctx_email": {
    "quota": 1112.66,
    "used": 2287.34,
    "timestamp": 1770166595.3868792
  },
  "ljq_email": {
    "quota": 1578.06,
    "used": 1722.03,
    "timestamp": 1770166616.7616677
  },
  "zc_email": {
    "quota": 1053.26,
    "used": 2233.7,
    "timestamp": 1770166638.3087082
  },
  "zj_email": {
    "quota": 2250.0,
    "used": 0.0,
    "timestamp": 1770166715.7895975
  },
  "fks_email": {
    "quota": 2250.0,
    "used": 0.0,
    "timestamp": 1770166738.1549697
  },
  "dxh_email": {
    "quota": 2250.0,
    "used": 0.0,
    "timestamp": 1770166761.6334326
  },
  "zhb_email": {
    "quota": 2250.0,
    "used": 0.0,
    "timestamp": 1770166785.3513136
  },
  "linuxdo_84404_cookies": {
    "quota": 1368.12,
    "used": 1506.88,
    "timestamp": 1770166653.8311813
  },
  "linux_chuang_cookies": {
    "quota": 2375.44,
    "used": 199.56,
    "timestamp": 1770166663.436989
  },
  "linux_bwj_cookies": {
    "quota": 675.04,
    "used": 1849.08,
    "timestamp": 1770166672.0026665
  },
  "linux_devbai_cookies": {
    "quota": 635.41,
    "used": 1914.59,
    "timestamp": 1770166680.694025
  },
  "linux_Yeahnet_cookies": {
    "quota": 763.26,
    "used": 1786.74,
    "timestamp": 1770166692.9885428
  }
}