{
  "dctx_email": {
    "quota": 961.37,
    "used": 2113.63,
    "timestamp": 1769084567.2518108
  },
  "ljq_email": {
    "quota": 1253.06,
    "used": 1722.03,
    "timestamp": 1769084588.7620542
  },
  "zc_email": {
    "quota": 728.26,
    "used": 2233.7,
    "timestamp": 1769084611.8921874
  },
  "zj_email": {
    "quota": 1925.0,
    "used": 0.0,
    "timestamp": 1769084690.5252872
  },
  "fks_email": {
    "quota": 1925.0,
    "used": 0.0,
    "timestamp": 1769084713.6980464
  },
  "dxh_email": {
    "quota": 1925.0,
    "used": 0.0,
    "timestamp": 1769084735.2115097
  },
  "zhb_email": {
    "quota": 1925.0,
    "used": 0.0,
    "timestamp": 1769084757.184154
  },
  "linuxdo_84404_cookies": {
    "quota": 1043.12,
    "used": 1506.88,
    "timestamp": 1769084620.9640484
  },
  "linux_chuang_cookies": {
    "quota": 2316.86,
    "used": 58.14,
    "timestamp": 1768976425.9971125
  },
  "linux_bwj_cookies": {
    "quota": 350.04,
    "used": 1849.08,
    "timestamp": 1769084642.2854958
  },
  "linux_devbai_cookies": {
    "quota": 435.41,
    "used": 1914.59,
    "timestamp": 1768976443.3059564
  },
  "linux_Yeahnet_cookies": {
    "quota": 563.26,
    "used": 1786.74,
    "timestamp": 1768976452.2607367
  }
}