{
  "dctx_email": {
    "quota": 799.06,
    "used": 1150.94,
    "timestamp": 1765196381.701857
  },
  "ljq_email": {
    "quota": 128.06,
    "used": 1722.03,
    "timestamp": 1765196402.4644926
  },
  "zc_email": {
    "quota": 1487.69,
    "used": 362.31,
    "timestamp": 1765196424.9975412
  },
  "zj_email": {
    "quota": 800.0,
    "used": 0.0,
    "timestamp": 1765196447.2396438
  },
  "fks_email": {
    "quota": 800.0,
    "used": 0.0,
    "timestamp": 1765196469.703837
  },
  "dxh_email": {
    "quota": 800.0,
    "used": 0.0,
    "timestamp": 1765196492.45952
  },
  "zhb_email": {
    "quota": 800.0,
    "used": 0.0,
    "timestamp": 1765196514.5612245
  },
  "linuxdo_84404_cookies": {
    "quota": 422.62,
    "used": 1152.38,
    "timestamp": 1765196523.6544783
  },
  "linux_chuang_cookies": {
    "quota": 1275.0,
    "used": 0.0,
    "timestamp": 1765196531.3817
  },
  "linux_bwj_cookies": {
    "quota": 1300.0,
    "used": 0.0,
    "timestamp": 1765196539.9371402
  },
  "linux_devbai_cookies": {
    "quota": 1250.0,
    "used": 0.0,
    "timestamp": 1765196552.664945
  },
  "linux_Yeahnet_cookies": {
    "quota": 1250.0,
    "used": 0.0,
    "timestamp": 1765196561.6528776
  }
}