{
  "dctx_email": {
    "quota": 998.45,
    "used": 1151.55,
    "timestamp": 1765846013.2753448
  },
  "ljq_email": {
    "quota": 328.06,
    "used": 1722.03,
    "timestamp": 1765846034.499827
  },
  "zc_email": {
    "quota": 602.15,
    "used": 1434.82,
    "timestamp": 1765846056.2563133
  },
  "zj_email": {
    "quota": 1000.0,
    "used": 0.0,
    "timestamp": 1765846125.8414316
  },
  "fks_email": {
    "quota": 1000.0,
    "used": 0.0,
    "timestamp": 1765846147.5270364
  },
  "dxh_email": {
    "quota": 1000.0,
    "used": 0.0,
    "timestamp": 1765846169.8137176
  },
  "zhb_email": {
    "quota": 1000.0,
    "used": 0.0,
    "timestamp": 1765846192.9044304
  },
  "linuxdo_84404_cookies": {
    "quota": 547.62,
    "used": 1152.38,
    "timestamp": 1765606643.1339786
  },
  "linux_chuang_cookies": {
    "quota": 1472.68,
    "used": 2.32,
    "timestamp": 1765846078.0465102
  },
  "linux_bwj_cookies": {
    "quota": 1450.0,
    "used": 0.0,
    "timestamp": 1765846086.390495
  },
  "linux_devbai_cookies": {
    "quota": 1450.0,
    "used": 0.0,
    "timestamp": 1765846094.5068839
  },
  "linux_Yeahnet_cookies": {
    "quota": 1450.0,
    "used": 0.0,
    "timestamp": 1765846102.6226625
  }
}