{
  "dctx_email": {
    "quota": 1036.05,
    "used": 2263.95,
    "timestamp": 1769883380.3784237
  },
  "ljq_email": {
    "quota": 1478.06,
    "used": 1722.03,
    "timestamp": 1769883400.9908926
  },
  "zc_email": {
    "quota": 953.26,
    "used": 2233.7,
    "timestamp": 1769883423.2620833
  },
  "zj_email": {
    "quota": 2150.0,
    "used": 0.0,
    "timestamp": 1769883482.9225867
  },
  "fks_email": {
    "quota": 2150.0,
    "used": 0.0,
    "timestamp": 1769883505.7265942
  },
  "dxh_email": {
    "quota": 2150.0,
    "used": 0.0,
    "timestamp": 1769883528.105354
  },
  "zhb_email": {
    "quota": 2150.0,
    "used": 0.0,
    "timestamp": 1769883550.420005
  },
  "linuxdo_84404_cookies": {
    "quota": 1268.12,
    "used": 1506.88,
    "timestamp": 1769883430.9430492
  },
  "linux_chuang_cookies": {
    "quota": 2275.44,
    "used": 199.56,
    "timestamp": 1769883438.6088545
  },
  "linux_bwj_cookies": {
    "quota": 575.04,
    "used": 1849.08,
    "timestamp": 1769883446.4009528
  },
  "linux_devbai_cookies": {
    "quota": 535.41,
    "used": 1914.59,
    "timestamp": 1769883454.0170274
  },
  "linux_Yeahnet_cookies": {
    "quota": 663.26,
    "used": 1786.74,
    "timestamp": 1769883461.6631422
  }
}