{
  "dctx_email": {
    "quota": 616.54,
    "used": 3108.75,
    "timestamp": 1771353601.415121
  },
  "ljq_email": {
    "quota": 1102.87,
    "used": 2522.22,
    "timestamp": 1771353622.9130924
  },
  "zc_email": {
    "quota": 1391.3,
    "used": 2233.7,
    "timestamp": 1771353644.0789635
  },
  "zj_email": {
    "quota": 2575.0,
    "used": 0.0,
    "timestamp": 1771353716.9943173
  },
  "fks_email": {
    "quota": 2575.0,
    "used": 0.0,
    "timestamp": 1771353739.5342553
  },
  "dxh_email": {
    "quota": 2575.0,
    "used": 0.0,
    "timestamp": 1771353763.5527816
  },
  "zhb_email": {
    "quota": 2575.0,
    "used": 0.0,
    "timestamp": 1771353786.951497
  },
  "linuxdo_84404_cookies": {
    "quota": 1118.32,
    "used": 2006.68,
    "timestamp": 1771050641.8473558
  },
  "linux_chuang_cookies": {
    "quota": 2700.44,
    "used": 199.56,
    "timestamp": 1771353665.683826
  },
  "linux_bwj_cookies": {
    "quota": 925.92,
    "used": 1849.08,
    "timestamp": 1771050659.1261163
  },
  "linux_devbai_cookies": {
    "quota": 960.41,
    "used": 1914.59,
    "timestamp": 1771353688.0418844
  },
  "linux_Yeahnet_cookies": {
    "quota": 1088.26,
    "used": 1786.74,
    "timestamp": 1771353695.632053
  }
}