{
  "dctx_email": {
    "quota": 541.54,
    "used": 3108.75,
    "timestamp": 1771030719.3739119
  },
  "ljq_email": {
    "quota": 1234.74,
    "used": 2315.35,
    "timestamp": 1771030740.6908364
  },
  "zc_email": {
    "quota": 1316.3,
    "used": 2233.7,
    "timestamp": 1771030763.4326642
  },
  "zj_email": {
    "quota": 2500.0,
    "used": 0.0,
    "timestamp": 1771030830.486394
  },
  "fks_email": {
    "quota": 2500.0,
    "used": 0.0,
    "timestamp": 1771030853.4444551
  },
  "dxh_email": {
    "quota": 2500.0,
    "used": 0.0,
    "timestamp": 1771030875.7196136
  },
  "zhb_email": {
    "quota": 2500.0,
    "used": 0.0,
    "timestamp": 1771030897.2694597
  },
  "linuxdo_84404_cookies": {
    "quota": 1118.32,
    "used": 2006.68,
    "timestamp": 1771030772.6592176
  },
  "linux_chuang_cookies": {
    "quota": 2625.44,
    "used": 199.56,
    "timestamp": 1771030781.8829744
  },
  "linux_bwj_cookies": {
    "quota": 925.92,
    "used": 1849.08,
    "timestamp": 1771030789.9548066
  },
  "linux_devbai_cookies": {
    "quota": 885.41,
    "used": 1914.59,
    "timestamp": 1771030799.2166588
  },
  "linux_Yeahnet_cookies": {
    "quota": 1013.26,
    "used": 1786.74,
    "timestamp": 1771030808.3376443
  }
}