{
  "dctx_email": {
    "quota": 966.54,
    "used": 3108.75,
    "timestamp": 1772540970.6923063
  },
  "ljq_email": {
    "quota": 25.15,
    "used": 3949.93,
    "timestamp": 1772540993.2797356
  },
  "zc_email": {
    "quota": 1741.13,
    "used": 2233.87,
    "timestamp": 1772541015.014064
  },
  "zj_email": {
    "quota": 2925.0,
    "used": 0.0,
    "timestamp": 1772541081.344146
  },
  "fks_email": {
    "quota": 2925.0,
    "used": 0.0,
    "timestamp": 1772541102.7618358
  },
  "dxh_email": {
    "quota": 2925.0,
    "used": 0.0,
    "timestamp": 1772541125.5839376
  },
  "zhb_email": {
    "quota": 2925.0,
    "used": 0.0,
    "timestamp": 1772541147.2492366
  },
  "linuxdo_84404_cookies": {
    "quota": 443.53,
    "used": 3006.47,
    "timestamp": 1772541023.601055
  },
  "linux_chuang_cookies": {
    "quota": 2823.31,
    "used": 426.69,
    "timestamp": 1772541032.081446
  },
  "linux_bwj_cookies": {
    "quota": 938.29,
    "used": 2136.71,
    "timestamp": 1772541040.5667405
  },
  "linux_devbai_cookies": {
    "quota": 1310.41,
    "used": 1914.59,
    "timestamp": 1772541049.7413392
  },
  "linux_Yeahnet_cookies": {
    "quota": 1433.77,
    "used": 1791.23,
    "timestamp": 1772541058.6728923
  }
}