{
  "dctx_email": {
    "quota": 936.37,
    "used": 2113.63,
    "timestamp": 1769020102.409961
  },
  "ljq_email": {
    "quota": 1228.06,
    "used": 1722.03,
    "timestamp": 1769020124.0566099
  },
  "zc_email": {
    "quota": 703.26,
    "used": 2233.7,
    "timestamp": 1769020145.6081781
  },
  "zj_email": {
    "quota": 1900.0,
    "used": 0.0,
    "timestamp": 1769020225.7859364
  },
  "fks_email": {
    "quota": 1900.0,
    "used": 0.0,
    "timestamp": 1769020247.9211857
  },
  "dxh_email": {
    "quota": 1900.0,
    "used": 0.0,
    "timestamp": 1769020269.922314
  },
  "zhb_email": {
    "quota": 1900.0,
    "used": 0.0,
    "timestamp": 1769020291.8785899
  },
  "linuxdo_84404_cookies": {
    "quota": 1018.12,
    "used": 1506.88,
    "timestamp": 1769020153.9257758
  },
  "linux_chuang_cookies": {
    "quota": 2316.86,
    "used": 58.14,
    "timestamp": 1768976425.9971125
  },
  "linux_bwj_cookies": {
    "quota": 325.04,
    "used": 1849.08,
    "timestamp": 1769020175.5381668
  },
  "linux_devbai_cookies": {
    "quota": 435.41,
    "used": 1914.59,
    "timestamp": 1768976443.3059564
  },
  "linux_Yeahnet_cookies": {
    "quota": 563.26,
    "used": 1786.74,
    "timestamp": 1768976452.2607367
  }
}