{
  "dctx_email": {
    "quota": 1086.05,
    "used": 2263.95,
    "timestamp": 1770014890.7593703
  },
  "ljq_email": {
    "quota": 1528.06,
    "used": 1722.03,
    "timestamp": 1770014913.116129
  },
  "zc_email": {
    "quota": 1003.26,
    "used": 2233.7,
    "timestamp": 1770014935.9339268
  },
  "zj_email": {
    "quota": 2200.0,
    "used": 0.0,
    "timestamp": 1770015004.0921412
  },
  "fks_email": {
    "quota": 2200.0,
    "used": 0.0,
    "timestamp": 1770015026.2453408
  },
  "dxh_email": {
    "quota": 2200.0,
    "used": 0.0,
    "timestamp": 1770015048.2080064
  },
  "zhb_email": {
    "quota": 2200.0,
    "used": 0.0,
    "timestamp": 1770015071.4062228
  },
  "linuxdo_84404_cookies": {
    "quota": 1318.12,
    "used": 1506.88,
    "timestamp": 1770014943.9418986
  },
  "linux_chuang_cookies": {
    "quota": 2325.44,
    "used": 199.56,
    "timestamp": 1770014953.138789
  },
  "linux_bwj_cookies": {
    "quota": 625.04,
    "used": 1849.08,
    "timestamp": 1770014961.7554889
  },
  "linux_devbai_cookies": {
    "quota": 585.41,
    "used": 1914.59,
    "timestamp": 1770014971.306912
  },
  "linux_Yeahnet_cookies": {
    "quota": 713.26,
    "used": 1786.74,
    "timestamp": 1770014980.780062
  }
}