{
  "dctx_email": {
    "quota": 1016.54,
    "used": 3108.75,
    "timestamp": 1772713900.9094996
  },
  "ljq_email": {
    "quota": 75.15,
    "used": 3949.93,
    "timestamp": 1772713923.2341812
  },
  "zc_email": {
    "quota": 1757.82,
    "used": 2267.18,
    "timestamp": 1772713944.0990834
  },
  "zj_email": {
    "quota": 2975.0,
    "used": 0.0,
    "timestamp": 1772714005.5491545
  },
  "fks_email": {
    "quota": 2975.0,
    "used": 0.0,
    "timestamp": 1772714027.9070742
  },
  "dxh_email": {
    "quota": 2975.0,
    "used": 0.0,
    "timestamp": 1772714049.9682794
  },
  "zhb_email": {
    "quota": 2975.0,
    "used": 0.0,
    "timestamp": 1772714072.657201
  },
  "linuxdo_84404_cookies": {
    "quota": 493.53,
    "used": 3006.47,
    "timestamp": 1772713952.168438
  },
  "linux_chuang_cookies": {
    "quota": 2734.19,
    "used": 565.81,
    "timestamp": 1772713959.9444804
  },
  "linux_bwj_cookies": {
    "quota": 912.23,
    "used": 2212.77,
    "timestamp": 1772713967.356977
  },
  "linux_devbai_cookies": {
    "quota": 1360.41,
    "used": 1914.59,
    "timestamp": 1772713975.2428122
  },
  "linux_Yeahnet_cookies": {
    "quota": 1483.77,
    "used": 1791.23,
    "timestamp": 1772713983.4605029
  }
}