{
  "dctx_email": {
    "quota": 611.37,
    "used": 2113.63,
    "timestamp": 1767896093.6759665
  },
  "ljq_email": {
    "quota": 903.06,
    "used": 1722.03,
    "timestamp": 1767896114.7047107
  },
  "zc_email": {
    "quota": 383.22,
    "used": 2228.74,
    "timestamp": 1767896136.4591963
  },
  "zj_email": {
    "quota": 1575.0,
    "used": 0.0,
    "timestamp": 1767896202.4613097
  },
  "fks_email": {
    "quota": 1575.0,
    "used": 0.0,
    "timestamp": 1767896225.5852365
  },
  "dxh_email": {
    "quota": 1575.0,
    "used": 0.0,
    "timestamp": 1767896246.7042012
  },
  "zhb_email": {
    "quota": 1575.0,
    "used": 0.0,
    "timestamp": 1767896269.4819903
  },
  "linuxdo_84404_cookies": {
    "quota": 1147.62,
    "used": 1152.38,
    "timestamp": 1767896145.3807833
  },
  "linux_chuang_cookies": {
    "quota": 2008.99,
    "used": 41.01,
    "timestamp": 1767896153.4620981
  },
  "linux_bwj_cookies": {
    "quota": 175.04,
    "used": 1849.08,
    "timestamp": 1767896163.3048618
  },
  "linux_devbai_cookies": {
    "quota": 128.14,
    "used": 1896.86,
    "timestamp": 1767896171.0982845
  },
  "linux_Yeahnet_cookies": {
    "quota": 2025.0,
    "used": 0.0,
    "timestamp": 1767896179.6529748
  }
}