{
  "dctx_email": {
    "quota": 382.62,
    "used": 3092.38,
    "timestamp": 1770425766.0945008
  },
  "ljq_email": {
    "quota": 1653.06,
    "used": 1722.03,
    "timestamp": 1770425787.8267834
  },
  "zc_email": {
    "quota": 1128.26,
    "used": 2233.7,
    "timestamp": 1770425808.899014
  },
  "zj_email": {
    "quota": 2325.0,
    "used": 0.0,
    "timestamp": 1770425874.0785549
  },
  "fks_email": {
    "quota": 2325.0,
    "used": 0.0,
    "timestamp": 1770425896.0798788
  },
  "dxh_email": {
    "quota": 2325.0,
    "used": 0.0,
    "timestamp": 1770425918.2214088
  },
  "zhb_email": {
    "quota": 2325.0,
    "used": 0.0,
    "timestamp": 1770425941.5411742
  },
  "linuxdo_84404_cookies": {
    "quota": 1409.26,
    "used": 1540.74,
    "timestamp": 1770425816.7828872
  },
  "linux_chuang_cookies": {
    "quota": 2450.44,
    "used": 199.56,
    "timestamp": 1770425825.0471659
  },
  "linux_bwj_cookies": {
    "quota": 750.04,
    "used": 1849.08,
    "timestamp": 1770425834.2685094
  },
  "linux_devbai_cookies": {
    "quota": 710.41,
    "used": 1914.59,
    "timestamp": 1770425843.95697
  },
  "linux_Yeahnet_cookies": {
    "quota": 838.26,
    "used": 1786.74,
    "timestamp": 1770425851.94511
  }
}