{
  "dctx_email": {
    "quota": 436.37,
    "used": 2113.63,
    "timestamp": 1767291318.5653174
  },
  "ljq_email": {
    "quota": 728.06,
    "used": 1722.03,
    "timestamp": 1767291340.457019
  },
  "zc_email": {
    "quota": 243.58,
    "used": 2193.38,
    "timestamp": 1767291362.459748
  },
  "zj_email": {
    "quota": 1400.0,
    "used": 0.0,
    "timestamp": 1767291429.3401518
  },
  "fks_email": {
    "quota": 1400.0,
    "used": 0.0,
    "timestamp": 1767291452.1885283
  },
  "dxh_email": {
    "quota": 1400.0,
    "used": 0.0,
    "timestamp": 1767291476.0596519
  },
  "zhb_email": {
    "quota": 1400.0,
    "used": 0.0,
    "timestamp": 1767291499.2815151
  },
  "linuxdo_84404_cookies": {
    "quota": 972.62,
    "used": 1152.38,
    "timestamp": 1767291371.7818754
  },
  "linux_chuang_cookies": {
    "quota": 1853.73,
    "used": 21.27,
    "timestamp": 1767291380.6631377
  },
  "linux_bwj_cookies": {
    "quota": 0.04,
    "used": 1849.08,
    "timestamp": 1767291389.0078986
  },
  "linux_devbai_cookies": {
    "quota": 1777.05,
    "used": 72.95,
    "timestamp": 1767291397.2470663
  },
  "linux_Yeahnet_cookies": {
    "quota": 1850.0,
    "used": 0.0,
    "timestamp": 1767291406.4023085
  }
}