{
  "dctx_email": {
    "quota": 986.37,
    "used": 2113.63,
    "timestamp": 1769170871.7750642
  },
  "ljq_email": {
    "quota": 1278.06,
    "used": 1722.03,
    "timestamp": 1769170892.2660544
  },
  "zc_email": {
    "quota": 753.26,
    "used": 2233.7,
    "timestamp": 1769170914.165268
  },
  "zj_email": {
    "quota": 1950.0,
    "used": 0.0,
    "timestamp": 1769170990.3535106
  },
  "fks_email": {
    "quota": 1950.0,
    "used": 0.0,
    "timestamp": 1769171013.005759
  },
  "dxh_email": {
    "quota": 1950.0,
    "used": 0.0,
    "timestamp": 1769171035.8188472
  },
  "zhb_email": {
    "quota": 1950.0,
    "used": 0.0,
    "timestamp": 1769171058.3944504
  },
  "linuxdo_84404_cookies": {
    "quota": 1068.12,
    "used": 1506.88,
    "timestamp": 1769170923.153026
  },
  "linux_chuang_cookies": {
    "quota": 2316.86,
    "used": 58.14,
    "timestamp": 1768976425.9971125
  },
  "linux_bwj_cookies": {
    "quota": 375.04,
    "used": 1849.08,
    "timestamp": 1769170943.5370488
  },
  "linux_devbai_cookies": {
    "quota": 435.41,
    "used": 1914.59,
    "timestamp": 1768976443.3059564
  },
  "linux_Yeahnet_cookies": {
    "quota": 563.26,
    "used": 1786.74,
    "timestamp": 1768976452.2607367
  }
}