{
  "dctx_email": {
    "quota": 516.54,
    "used": 3108.75,
    "timestamp": 1771007364.6240819
  },
  "ljq_email": {
    "quota": 1209.74,
    "used": 2315.35,
    "timestamp": 1771007385.5144188
  },
  "zc_email": {
    "quota": 1291.3,
    "used": 2233.7,
    "timestamp": 1771007405.738894
  },
  "zj_email": {
    "quota": 2475.0,
    "used": 0.0,
    "timestamp": 1771007475.7826216
  },
  "fks_email": {
    "quota": 2475.0,
    "used": 0.0,
    "timestamp": 1771007498.3714511
  },
  "dxh_email": {
    "quota": 2475.0,
    "used": 0.0,
    "timestamp": 1771007519.9699378
  },
  "zhb_email": {
    "quota": 2475.0,
    "used": 0.0,
    "timestamp": 1771007541.943572
  },
  "linuxdo_84404_cookies": {
    "quota": 1093.32,
    "used": 2006.68,
    "timestamp": 1771007414.901394
  },
  "linux_chuang_cookies": {
    "quota": 2600.44,
    "used": 199.56,
    "timestamp": 1771007424.8499358
  },
  "linux_bwj_cookies": {
    "quota": 900.92,
    "used": 1849.08,
    "timestamp": 1771007434.3357522
  },
  "linux_devbai_cookies": {
    "quota": 860.41,
    "used": 1914.59,
    "timestamp": 1771007443.6067617
  },
  "linux_Yeahnet_cookies": {
    "quota": 988.26,
    "used": 1786.74,
    "timestamp": 1771007452.556924
  }
}