{
  "dctx_email": {
    "quota": 486.37,
    "used": 2113.63,
    "timestamp": 1767420923.989407
  },
  "ljq_email": {
    "quota": 778.06,
    "used": 1722.03,
    "timestamp": 1767420947.22893
  },
  "zc_email": {
    "quota": 290.52,
    "used": 2196.44,
    "timestamp": 1767420968.416928
  },
  "zj_email": {
    "quota": 1450.0,
    "used": 0.0,
    "timestamp": 1767421036.4830253
  },
  "fks_email": {
    "quota": 1450.0,
    "used": 0.0,
    "timestamp": 1767421060.6231172
  },
  "dxh_email": {
    "quota": 1450.0,
    "used": 0.0,
    "timestamp": 1767421084.560646
  },
  "zhb_email": {
    "quota": 1450.0,
    "used": 0.0,
    "timestamp": 1767421108.122518
  },
  "linuxdo_84404_cookies": {
    "quota": 1022.62,
    "used": 1152.38,
    "timestamp": 1767420976.6535301
  },
  "linux_chuang_cookies": {
    "quota": 1883.99,
    "used": 41.01,
    "timestamp": 1767420985.854756
  },
  "linux_bwj_cookies": {
    "quota": 50.04,
    "used": 1849.08,
    "timestamp": 1767420995.9738967
  },
  "linux_devbai_cookies": {
    "quota": 1424.37,
    "used": 475.63,
    "timestamp": 1767421004.8674233
  },
  "linux_Yeahnet_cookies": {
    "quota": 1900.0,
    "used": 0.0,
    "timestamp": 1767421014.235264
  }
}