{
  "dctx_email": {
    "quota": 1041.54,
    "used": 3108.75,
    "timestamp": 1772800045.9692101
  },
  "ljq_email": {
    "quota": 100.15,
    "used": 3949.93,
    "timestamp": 1772800069.1080103
  },
  "zc_email": {
    "quota": 1779.07,
    "used": 2270.93,
    "timestamp": 1772800093.5096054
  },
  "zj_email": {
    "quota": 3000.0,
    "used": 0.0,
    "timestamp": 1772800170.3087368
  },
  "fks_email": {
    "quota": 3000.0,
    "used": 0.0,
    "timestamp": 1772800194.6860824
  },
  "dxh_email": {
    "quota": 3000.0,
    "used": 0.0,
    "timestamp": 1772800218.1054447
  },
  "zhb_email": {
    "quota": 3000.0,
    "used": 0.0,
    "timestamp": 1772800241.8870568
  },
  "linuxdo_84404_cookies": {
    "quota": 518.53,
    "used": 3006.47,
    "timestamp": 1772800103.689779
  },
  "linux_chuang_cookies": {
    "quota": 2295.64,
    "used": 1029.36,
    "timestamp": 1772800113.590601
  },
  "linux_bwj_cookies": {
    "quota": 936.3,
    "used": 2213.7,
    "timestamp": 1772800125.8775122
  },
  "linux_devbai_cookies": {
    "quota": 1385.41,
    "used": 1914.59,
    "timestamp": 1772800136.3853
  },
  "linux_Yeahnet_cookies": {
    "quota": 1507.61,
    "used": 1792.39,
    "timestamp": 1772800145.8361115
  }
}