{
  "dctx_email": {
    "quota": 824.06,
    "used": 1150.94,
    "timestamp": 1765241123.5040796
  },
  "ljq_email": {
    "quota": 153.06,
    "used": 1722.03,
    "timestamp": 1765241144.9882917
  },
  "zc_email": {
    "quota": 1500.97,
    "used": 374.03,
    "timestamp": 1765241166.317346
  },
  "zj_email": {
    "quota": 825.0,
    "used": 0.0,
    "timestamp": 1765241189.4797072
  },
  "fks_email": {
    "quota": 825.0,
    "used": 0.0,
    "timestamp": 1765241212.1295764
  },
  "dxh_email": {
    "quota": 825.0,
    "used": 0.0,
    "timestamp": 1765241234.5633664
  },
  "zhb_email": {
    "quota": 825.0,
    "used": 0.0,
    "timestamp": 1765241256.0220249
  },
  "linuxdo_84404_cookies": {
    "quota": 447.62,
    "used": 1152.38,
    "timestamp": 1765241264.1649272
  },
  "linux_chuang_cookies": {
    "quota": 1300.0,
    "used": 0.0,
    "timestamp": 1765241272.5053403
  },
  "linux_bwj_cookies": {
    "quota": 1325.0,
    "used": 0.0,
    "timestamp": 1765241280.4013782
  },
  "linux_devbai_cookies": {
    "quota": 1275.0,
    "used": 0.0,
    "timestamp": 1765241290.2998557
  },
  "linux_Yeahnet_cookies": {
    "quota": 1275.0,
    "used": 0.0,
    "timestamp": 1765241298.3247678
  }
}