{
  "dctx_email": {
    "quota": 777.02,
    "used": 2622.98,
    "timestamp": 1770229958.1197646
  },
  "ljq_email": {
    "quota": 1578.06,
    "used": 1722.03,
    "timestamp": 1770229980.1036062
  },
  "zc_email": {
    "quota": 1053.26,
    "used": 2233.7,
    "timestamp": 1770230010.2635314
  },
  "zj_email": {
    "quota": 2250.0,
    "used": 0.0,
    "timestamp": 1770230078.0023875
  },
  "fks_email": {
    "quota": 2250.0,
    "used": 0.0,
    "timestamp": 1770230101.038875
  },
  "dxh_email": {
    "quota": 2250.0,
    "used": 0.0,
    "timestamp": 1770230123.4533114
  },
  "zhb_email": {
    "quota": 2250.0,
    "used": 0.0,
    "timestamp": 1770230151.28517
  },
  "linuxdo_84404_cookies": {
    "quota": 1368.12,
    "used": 1506.88,
    "timestamp": 1770230018.0682805
  },
  "linux_chuang_cookies": {
    "quota": 2375.44,
    "used": 199.56,
    "timestamp": 1770230026.3312674
  },
  "linux_bwj_cookies": {
    "quota": 675.04,
    "used": 1849.08,
    "timestamp": 1770230035.8668973
  },
  "linux_devbai_cookies": {
    "quota": 635.41,
    "used": 1914.59,
    "timestamp": 1770230047.3139305
  },
  "linux_Yeahnet_cookies": {
    "quota": 763.26,
    "used": 1786.74,
    "timestamp": 1770230055.8054361
  }
}