{
  "dctx_email": {
    "quota": 199.43,
    "used": 1150.57,
    "timestamp": 1763100892.1187603
  },
  "ljq_email": {
    "quota": 1149.33,
    "used": 100.43,
    "timestamp": 1763100913.434487
  },
  "zc_email": {
    "quota": 995.42,
    "used": 254.58,
    "timestamp": 1763100933.864044
  },
  "zj_email": {
    "quota": 200.0,
    "used": 0.0,
    "timestamp": 1763101312.2714152
  },
  "fks_email": {
    "quota": 200.0,
    "used": 0.0,
    "timestamp": 1763101332.2712865
  },
  "dxh_email": {
    "quota": 200.0,
    "used": 0.0,
    "timestamp": 1763101354.3388903
  },
  "zhb_email": {
    "quota": 200.0,
    "used": 0.0,
    "timestamp": 1763101375.1786275
  }
}