{
  "dctx_email": {
    "quota": 586.37,
    "used": 2113.63,
    "timestamp": 1767788436.8563695
  },
  "ljq_email": {
    "quota": 878.06,
    "used": 1722.03,
    "timestamp": 1767788458.8119242
  },
  "zc_email": {
    "quota": 363.27,
    "used": 2223.7,
    "timestamp": 1767788479.2270339
  },
  "zj_email": {
    "quota": 1550.0,
    "used": 0.0,
    "timestamp": 1767788543.543383
  },
  "fks_email": {
    "quota": 1550.0,
    "used": 0.0,
    "timestamp": 1767788565.4805605
  },
  "dxh_email": {
    "quota": 1550.0,
    "used": 0.0,
    "timestamp": 1767788587.2452297
  },
  "zhb_email": {
    "quota": 1550.0,
    "used": 0.0,
    "timestamp": 1767788610.6024387
  },
  "linuxdo_84404_cookies": {
    "quota": 1122.62,
    "used": 1152.38,
    "timestamp": 1767788488.459282
  },
  "linux_chuang_cookies": {
    "quota": 1983.99,
    "used": 41.01,
    "timestamp": 1767788496.333207
  },
  "linux_bwj_cookies": {
    "quota": 150.04,
    "used": 1849.08,
    "timestamp": 1767788504.82182
  },
  "linux_devbai_cookies": {
    "quota": 435.02,
    "used": 1564.98,
    "timestamp": 1767788514.2596464
  },
  "linux_Yeahnet_cookies": {
    "quota": 2000.0,
    "used": 0.0,
    "timestamp": 1767788521.5802035
  }
}