{
  "dctx_email": {
    "quota": 811.37,
    "used": 2113.63,
    "timestamp": 1768524554.6145813
  },
  "ljq_email": {
    "quota": 1103.06,
    "used": 1722.03,
    "timestamp": 1768524575.1966186
  },
  "zc_email": {
    "quota": 578.26,
    "used": 2233.7,
    "timestamp": 1768524596.6235747
  },
  "zj_email": {
    "quota": 1775.0,
    "used": 0.0,
    "timestamp": 1768524670.6726346
  },
  "fks_email": {
    "quota": 1775.0,
    "used": 0.0,
    "timestamp": 1768524694.3758104
  },
  "dxh_email": {
    "quota": 1775.0,
    "used": 0.0,
    "timestamp": 1768524717.503201
  },
  "zhb_email": {
    "quota": 1775.0,
    "used": 0.0,
    "timestamp": 1768524740.991355
  },
  "linuxdo_84404_cookies": {
    "quota": 1322.62,
    "used": 1152.38,
    "timestamp": 1768437995.669237
  },
  "linux_chuang_cookies": {
    "quota": 2191.99,
    "used": 58.01,
    "timestamp": 1768524619.938122
  },
  "linux_bwj_cookies": {
    "quota": 275.04,
    "used": 1849.08,
    "timestamp": 1768198878.508116
  },
  "linux_devbai_cookies": {
    "quota": 310.41,
    "used": 1914.59,
    "timestamp": 1768524640.470934
  },
  "linux_Yeahnet_cookies": {
    "quota": 438.26,
    "used": 1786.74,
    "timestamp": 1768524647.8577032
  }
}