{
  "dctx_email": {
    "quota": 466.54,
    "used": 3108.75,
    "timestamp": 1770792491.2450864
  },
  "ljq_email": {
    "quota": 1391.27,
    "used": 2083.81,
    "timestamp": 1770792513.9837115
  },
  "zc_email": {
    "quota": 1241.3,
    "used": 2233.7,
    "timestamp": 1770792536.7734587
  },
  "zj_email": {
    "quota": 2425.0,
    "used": 0.0,
    "timestamp": 1770792602.914888
  },
  "fks_email": {
    "quota": 2425.0,
    "used": 0.0,
    "timestamp": 1770792626.1860483
  },
  "dxh_email": {
    "quota": 2425.0,
    "used": 0.0,
    "timestamp": 1770792648.7872179
  },
  "zhb_email": {
    "quota": 2425.0,
    "used": 0.0,
    "timestamp": 1770792673.6487732
  },
  "linuxdo_84404_cookies": {
    "quota": 1043.32,
    "used": 2006.68,
    "timestamp": 1770792545.681088
  },
  "linux_chuang_cookies": {
    "quota": 2550.44,
    "used": 199.56,
    "timestamp": 1770792555.7067866
  },
  "linux_bwj_cookies": {
    "quota": 850.92,
    "used": 1849.08,
    "timestamp": 1770792564.4313824
  },
  "linux_devbai_cookies": {
    "quota": 810.41,
    "used": 1914.59,
    "timestamp": 1770792572.678339
  },
  "linux_Yeahnet_cookies": {
    "quota": 938.26,
    "used": 1786.74,
    "timestamp": 1770792581.5934274
  }
}