{
  "dctx_email": {
    "quota": 987.94,
    "used": 2187.06,
    "timestamp": 1769408465.7282283
  },
  "ljq_email": {
    "quota": 1353.06,
    "used": 1722.03,
    "timestamp": 1769408487.202316
  },
  "zc_email": {
    "quota": 828.26,
    "used": 2233.7,
    "timestamp": 1769408507.9928834
  },
  "zj_email": {
    "quota": 2025.0,
    "used": 0.0,
    "timestamp": 1769408586.0964475
  },
  "fks_email": {
    "quota": 2025.0,
    "used": 0.0,
    "timestamp": 1769408609.62141
  },
  "dxh_email": {
    "quota": 2025.0,
    "used": 0.0,
    "timestamp": 1769408631.3824046
  },
  "zhb_email": {
    "quota": 2025.0,
    "used": 0.0,
    "timestamp": 1769408656.0359888
  },
  "linuxdo_84404_cookies": {
    "quota": 1143.12,
    "used": 1506.88,
    "timestamp": 1769408516.3234744
  },
  "linux_chuang_cookies": {
    "quota": 2316.86,
    "used": 58.14,
    "timestamp": 1768976425.9971125
  },
  "linux_bwj_cookies": {
    "quota": 450.04,
    "used": 1849.08,
    "timestamp": 1769408537.2657764
  },
  "linux_devbai_cookies": {
    "quota": 435.41,
    "used": 1914.59,
    "timestamp": 1768976443.3059564
  },
  "linux_Yeahnet_cookies": {
    "quota": 563.26,
    "used": 1786.74,
    "timestamp": 1768976452.2607367
  }
}