{
  "dctx_email": {
    "quota": 911.37,
    "used": 2113.63,
    "timestamp": 1768889964.1491942
  },
  "ljq_email": {
    "quota": 1203.06,
    "used": 1722.03,
    "timestamp": 1768889986.0527806
  },
  "zc_email": {
    "quota": 678.26,
    "used": 2233.7,
    "timestamp": 1768890008.6277752
  },
  "zj_email": {
    "quota": 1875.0,
    "used": 0.0,
    "timestamp": 1768890086.2535524
  },
  "fks_email": {
    "quota": 1875.0,
    "used": 0.0,
    "timestamp": 1768890108.8903587
  },
  "dxh_email": {
    "quota": 1875.0,
    "used": 0.0,
    "timestamp": 1768890131.7508736
  },
  "zhb_email": {
    "quota": 1875.0,
    "used": 0.0,
    "timestamp": 1768890155.482635
  },
  "linuxdo_84404_cookies": {
    "quota": 1322.62,
    "used": 1152.38,
    "timestamp": 1768437995.669237
  },
  "linux_chuang_cookies": {
    "quota": 2291.86,
    "used": 58.14,
    "timestamp": 1768890032.1926541
  },
  "linux_bwj_cookies": {
    "quota": 275.04,
    "used": 1849.08,
    "timestamp": 1768198878.508116
  },
  "linux_devbai_cookies": {
    "quota": 410.41,
    "used": 1914.59,
    "timestamp": 1768890054.259384
  },
  "linux_Yeahnet_cookies": {
    "quota": 538.26,
    "used": 1786.74,
    "timestamp": 1768890064.2161565
  }
}