{
  "dctx_email": {
    "quota": 1027.8,
    "used": 2197.2,
    "timestamp": 1769581166.822004
  },
  "ljq_email": {
    "quota": 1403.06,
    "used": 1722.03,
    "timestamp": 1769581188.4142916
  },
  "zc_email": {
    "quota": 878.26,
    "used": 2233.7,
    "timestamp": 1769581209.46886
  },
  "zj_email": {
    "quota": 2075.0,
    "used": 0.0,
    "timestamp": 1769581289.7107465
  },
  "fks_email": {
    "quota": 2075.0,
    "used": 0.0,
    "timestamp": 1769581312.7543254
  },
  "dxh_email": {
    "quota": 2075.0,
    "used": 0.0,
    "timestamp": 1769581334.2889946
  },
  "zhb_email": {
    "quota": 2075.0,
    "used": 0.0,
    "timestamp": 1769581357.6067984
  },
  "linuxdo_84404_cookies": {
    "quota": 1193.12,
    "used": 1506.88,
    "timestamp": 1769581217.6175976
  },
  "linux_chuang_cookies": {
    "quota": 2316.86,
    "used": 58.14,
    "timestamp": 1768976425.9971125
  },
  "linux_bwj_cookies": {
    "quota": 500.04,
    "used": 1849.08,
    "timestamp": 1769581240.6715746
  },
  "linux_devbai_cookies": {
    "quota": 435.41,
    "used": 1914.59,
    "timestamp": 1768976443.3059564
  },
  "linux_Yeahnet_cookies": {
    "quota": 563.26,
    "used": 1786.74,
    "timestamp": 1768976452.2607367
  }
}