{
  "dctx_email": {
    "quota": 1111.05,
    "used": 2263.95,
    "timestamp": 1770100530.9157004
  },
  "ljq_email": {
    "quota": 1553.06,
    "used": 1722.03,
    "timestamp": 1770100553.146086
  },
  "zc_email": {
    "quota": 1028.26,
    "used": 2233.7,
    "timestamp": 1770100574.4477496
  },
  "zj_email": {
    "quota": 2225.0,
    "used": 0.0,
    "timestamp": 1770100638.8443382
  },
  "fks_email": {
    "quota": 2225.0,
    "used": 0.0,
    "timestamp": 1770100660.8842046
  },
  "dxh_email": {
    "quota": 2225.0,
    "used": 0.0,
    "timestamp": 1770100683.1344817
  },
  "zhb_email": {
    "quota": 2225.0,
    "used": 0.0,
    "timestamp": 1770100704.3075771
  },
  "linuxdo_84404_cookies": {
    "quota": 1343.12,
    "used": 1506.88,
    "timestamp": 1770100583.5371888
  },
  "linux_chuang_cookies": {
    "quota": 2350.44,
    "used": 199.56,
    "timestamp": 1770100592.5490313
  },
  "linux_bwj_cookies": {
    "quota": 650.04,
    "used": 1849.08,
    "timestamp": 1770100600.0285323
  },
  "linux_devbai_cookies": {
    "quota": 610.41,
    "used": 1914.59,
    "timestamp": 1770100608.8679726
  },
  "linux_Yeahnet_cookies": {
    "quota": 738.26,
    "used": 1786.74,
    "timestamp": 1770100617.186538
  }
}