{
  "dctx_email": {
    "quota": 549.06,
    "used": 1150.94,
    "timestamp": 1764310591.9090989
  },
  "ljq_email": {
    "quota": 1045.14,
    "used": 554.63,
    "timestamp": 1764310614.389717
  },
  "zc_email": {
    "quota": 1345.42,
    "used": 254.58,
    "timestamp": 1764310636.0307603
  },
  "zj_email": {
    "quota": 550.0,
    "used": 0.0,
    "timestamp": 1764310658.5776763
  },
  "fks_email": {
    "quota": 550.0,
    "used": 0.0,
    "timestamp": 1764310680.6291802
  },
  "dxh_email": {
    "quota": 550.0,
    "used": 0.0,
    "timestamp": 1764310703.9797678
  },
  "zhb_email": {
    "quota": 550.0,
    "used": 0.0,
    "timestamp": 1764310725.2406733
  },
  "linuxdo_84404_cookies": {
    "quota": 175.06,
    "used": 1149.94,
    "timestamp": 1764310733.4415653
  },
  "linux_chuang_cookies": {
    "quota": 1025.0,
    "used": 0.0,
    "timestamp": 1764310741.2593584
  },
  "linux_bwj_cookies": {
    "quota": 1050.0,
    "used": 0.0,
    "timestamp": 1764310750.4986663
  },
  "linux_devbai_cookies": {
    "quota": 1000.0,
    "used": 0.0,
    "timestamp": 1764310759.20316
  },
  "linux_Yeahnet_cookies": {
    "quota": 1000.0,
    "used": 0.0,
    "timestamp": 1764310768.2398405
  }
}