{
  "dctx_email": {
    "quota": 716.54,
    "used": 3108.75,
    "timestamp": 1771697865.6826491
  },
  "ljq_email": {
    "quota": 724.03,
    "used": 3001.06,
    "timestamp": 1771697887.0872266
  },
  "zc_email": {
    "quota": 1491.13,
    "used": 2233.87,
    "timestamp": 1771697910.069606
  },
  "zj_email": {
    "quota": 2675.0,
    "used": 0.0,
    "timestamp": 1771697975.446233
  },
  "fks_email": {
    "quota": 2675.0,
    "used": 0.0,
    "timestamp": 1771697997.32838
  },
  "dxh_email": {
    "quota": 2675.0,
    "used": 0.0,
    "timestamp": 1771698020.1863496
  },
  "zhb_email": {
    "quota": 2675.0,
    "used": 0.0,
    "timestamp": 1771698042.5249286
  },
  "linuxdo_84404_cookies": {
    "quota": 193.69,
    "used": 3006.31,
    "timestamp": 1771697918.5307956
  },
  "linux_chuang_cookies": {
    "quota": 2800.44,
    "used": 199.56,
    "timestamp": 1771697926.2036555
  },
  "linux_bwj_cookies": {
    "quota": 975.92,
    "used": 1849.08,
    "timestamp": 1771697934.49008
  },
  "linux_devbai_cookies": {
    "quota": 1060.41,
    "used": 1914.59,
    "timestamp": 1771697942.461321
  },
  "linux_Yeahnet_cookies": {
    "quota": 1188.26,
    "used": 1786.74,
    "timestamp": 1771697952.146416
  }
}