{
  "dctx_email": {
    "quota": 936.37,
    "used": 2113.63,
    "timestamp": 1768976367.604057
  },
  "ljq_email": {
    "quota": 1228.06,
    "used": 1722.03,
    "timestamp": 1768976389.07903
  },
  "zc_email": {
    "quota": 703.26,
    "used": 2233.7,
    "timestamp": 1768976410.126362
  },
  "zj_email": {
    "quota": 1900.0,
    "used": 0.0,
    "timestamp": 1768976474.165
  },
  "fks_email": {
    "quota": 1900.0,
    "used": 0.0,
    "timestamp": 1768976497.9984283
  },
  "dxh_email": {
    "quota": 1900.0,
    "used": 0.0,
    "timestamp": 1768976519.4664721
  },
  "zhb_email": {
    "quota": 1900.0,
    "used": 0.0,
    "timestamp": 1768976540.4750571
  },
  "linuxdo_84404_cookies": {
    "quota": 1018.12,
    "used": 1506.88,
    "timestamp": 1768976417.6550694
  },
  "linux_chuang_cookies": {
    "quota": 2316.86,
    "used": 58.14,
    "timestamp": 1768976425.9971125
  },
  "linux_bwj_cookies": {
    "quota": 325.04,
    "used": 1849.08,
    "timestamp": 1768976435.117277
  },
  "linux_devbai_cookies": {
    "quota": 435.41,
    "used": 1914.59,
    "timestamp": 1768976443.3059564
  },
  "linux_Yeahnet_cookies": {
    "quota": 563.26,
    "used": 1786.74,
    "timestamp": 1768976452.2607367
  }
}