{
  "dctx_email": {
    "quota": 876.47,
    "used": 1398.53,
    "timestamp": 1766278288.9900098
  },
  "ljq_email": {
    "quota": 453.06,
    "used": 1722.03,
    "timestamp": 1766278311.436805
  },
  "zc_email": {
    "quota": 75.22,
    "used": 2086.74,
    "timestamp": 1766278332.789763
  },
  "zj_email": {
    "quota": 1125.0,
    "used": 0.0,
    "timestamp": 1766278392.9110622
  },
  "fks_email": {
    "quota": 1125.0,
    "used": 0.0,
    "timestamp": 1766278415.8163297
  },
  "dxh_email": {
    "quota": 1125.0,
    "used": 0.0,
    "timestamp": 1766278438.4499207
  },
  "zhb_email": {
    "quota": 1125.0,
    "used": 0.0,
    "timestamp": 1766278460.6621556
  },
  "linuxdo_84404_cookies": {
    "quota": 697.62,
    "used": 1152.38,
    "timestamp": 1766278340.2218297
  },
  "linux_chuang_cookies": {
    "quota": 1597.68,
    "used": 2.32,
    "timestamp": 1766278347.5812373
  },
  "linux_bwj_cookies": {
    "quota": 1575.0,
    "used": 0.0,
    "timestamp": 1766278355.9819305
  },
  "linux_devbai_cookies": {
    "quota": 1575.0,
    "used": 0.0,
    "timestamp": 1766278364.2110915
  },
  "linux_Yeahnet_cookies": {
    "quota": 1575.0,
    "used": 0.0,
    "timestamp": 1766278372.051953
  }
}