{
  "dctx_email": {
    "quota": 836.37,
    "used": 2113.63,
    "timestamp": 1768610764.7004173
  },
  "ljq_email": {
    "quota": 1128.06,
    "used": 1722.03,
    "timestamp": 1768610786.3686485
  },
  "zc_email": {
    "quota": 603.26,
    "used": 2233.7,
    "timestamp": 1768610806.5235345
  },
  "zj_email": {
    "quota": 1800.0,
    "used": 0.0,
    "timestamp": 1768610881.6867912
  },
  "fks_email": {
    "quota": 1800.0,
    "used": 0.0,
    "timestamp": 1768610905.5546608
  },
  "dxh_email": {
    "quota": 1800.0,
    "used": 0.0,
    "timestamp": 1768610929.2773254
  },
  "zhb_email": {
    "quota": 1800.0,
    "used": 0.0,
    "timestamp": 1768610953.972594
  },
  "linuxdo_84404_cookies": {
    "quota": 1322.62,
    "used": 1152.38,
    "timestamp": 1768437995.669237
  },
  "linux_chuang_cookies": {
    "quota": 2216.99,
    "used": 58.01,
    "timestamp": 1768610829.2223313
  },
  "linux_bwj_cookies": {
    "quota": 275.04,
    "used": 1849.08,
    "timestamp": 1768198878.508116
  },
  "linux_devbai_cookies": {
    "quota": 335.41,
    "used": 1914.59,
    "timestamp": 1768610851.2064233
  },
  "linux_Yeahnet_cookies": {
    "quota": 463.26,
    "used": 1786.74,
    "timestamp": 1768610859.276132
  }
}