{
  "dctx_email": {
    "quota": 549.06,
    "used": 1150.94,
    "timestamp": 1764353647.0646596
  },
  "ljq_email": {
    "quota": 937.58,
    "used": 662.19,
    "timestamp": 1764353668.821974
  },
  "zc_email": {
    "quota": 1345.13,
    "used": 254.87,
    "timestamp": 1764353690.8139467
  },
  "zj_email": {
    "quota": 550.0,
    "used": 0.0,
    "timestamp": 1764353713.0863826
  },
  "fks_email": {
    "quota": 550.0,
    "used": 0.0,
    "timestamp": 1764353737.2580314
  },
  "dxh_email": {
    "quota": 550.0,
    "used": 0.0,
    "timestamp": 1764353761.6257355
  },
  "zhb_email": {
    "quota": 550.0,
    "used": 0.0,
    "timestamp": 1764353784.5876863
  },
  "linuxdo_84404_cookies": {
    "quota": 175.06,
    "used": 1149.94,
    "timestamp": 1764353794.0930827
  },
  "linux_chuang_cookies": {
    "quota": 1025.0,
    "used": 0.0,
    "timestamp": 1764353804.3666945
  },
  "linux_bwj_cookies": {
    "quota": 1050.0,
    "used": 0.0,
    "timestamp": 1764353814.102503
  },
  "linux_devbai_cookies": {
    "quota": 1000.0,
    "used": 0.0,
    "timestamp": 1764353824.512912
  },
  "linux_Yeahnet_cookies": {
    "quota": 1000.0,
    "used": 0.0,
    "timestamp": 1764353834.972018
  }
}