{
  "dctx_email": {
    "quota": 417.03,
    "used": 3007.97,
    "timestamp": 1770294683.8748422
  },
  "ljq_email": {
    "quota": 1603.06,
    "used": 1722.03,
    "timestamp": 1770294705.8306353
  },
  "zc_email": {
    "quota": 1078.26,
    "used": 2233.7,
    "timestamp": 1770294728.6453798
  },
  "zj_email": {
    "quota": 2275.0,
    "used": 0.0,
    "timestamp": 1770294793.608576
  },
  "fks_email": {
    "quota": 2275.0,
    "used": 0.0,
    "timestamp": 1770294815.6664526
  },
  "dxh_email": {
    "quota": 2275.0,
    "used": 0.0,
    "timestamp": 1770294838.0072947
  },
  "zhb_email": {
    "quota": 2275.0,
    "used": 0.0,
    "timestamp": 1770294861.3957336
  },
  "linuxdo_84404_cookies": {
    "quota": 1393.12,
    "used": 1506.88,
    "timestamp": 1770294737.0239806
  },
  "linux_chuang_cookies": {
    "quota": 2400.44,
    "used": 199.56,
    "timestamp": 1770294745.8826933
  },
  "linux_bwj_cookies": {
    "quota": 700.04,
    "used": 1849.08,
    "timestamp": 1770294754.9960146
  },
  "linux_devbai_cookies": {
    "quota": 660.41,
    "used": 1914.59,
    "timestamp": 1770294763.3063579
  },
  "linux_Yeahnet_cookies": {
    "quota": 788.26,
    "used": 1786.74,
    "timestamp": 1770294770.8536592
  }
}