{
  "dctx_email": {
    "quota": 386.37,
    "used": 2113.63,
    "timestamp": 1767055618.2523432
  },
  "ljq_email": {
    "quota": 678.06,
    "used": 1722.03,
    "timestamp": 1767055640.7318249
  },
  "zc_email": {
    "quota": 200.23,
    "used": 2186.73,
    "timestamp": 1767055662.7994604
  },
  "zj_email": {
    "quota": 1350.0,
    "used": 0.0,
    "timestamp": 1767055727.938322
  },
  "fks_email": {
    "quota": 1350.0,
    "used": 0.0,
    "timestamp": 1767055749.8985407
  },
  "dxh_email": {
    "quota": 1350.0,
    "used": 0.0,
    "timestamp": 1767055772.3040702
  },
  "zhb_email": {
    "quota": 1350.0,
    "used": 0.0,
    "timestamp": 1767055794.4775906
  },
  "linuxdo_84404_cookies": {
    "quota": 922.62,
    "used": 1152.38,
    "timestamp": 1767055671.767991
  },
  "linux_chuang_cookies": {
    "quota": 1812.86,
    "used": 12.14,
    "timestamp": 1767055680.1886864
  },
  "linux_bwj_cookies": {
    "quota": 523.65,
    "used": 1276.35,
    "timestamp": 1767055688.6413803
  },
  "linux_devbai_cookies": {
    "quota": 1800.0,
    "used": 0.0,
    "timestamp": 1767055698.2293384
  },
  "linux_Yeahnet_cookies": {
    "quota": 1800.0,
    "used": 0.0,
    "timestamp": 1767055706.464065
  }
}