{
  "dctx_email": {
    "quota": 624.06,
    "used": 1150.94,
    "timestamp": 1764550545.698005
  },
  "ljq_email": {
    "quota": 730.19,
    "used": 944.89,
    "timestamp": 1764550568.7281678
  },
  "zc_email": {
    "quota": 1420.11,
    "used": 254.89,
    "timestamp": 1764550592.0022292
  },
  "zj_email": {
    "quota": 625.0,
    "used": 0.0,
    "timestamp": 1764550616.5704584
  },
  "fks_email": {
    "quota": 625.0,
    "used": 0.0,
    "timestamp": 1764550641.9775624
  },
  "dxh_email": {
    "quota": 625.0,
    "used": 0.0,
    "timestamp": 1764550667.6330934
  },
  "zhb_email": {
    "quota": 625.0,
    "used": 0.0,
    "timestamp": 1764550690.8209267
  },
  "linuxdo_84404_cookies": {
    "quota": 250.06,
    "used": 1149.94,
    "timestamp": 1764550700.5397656
  },
  "linux_chuang_cookies": {
    "quota": 1100.0,
    "used": 0.0,
    "timestamp": 1764550710.1475456
  },
  "linux_bwj_cookies": {
    "quota": 1125.0,
    "used": 0.0,
    "timestamp": 1764550721.8647976
  },
  "linux_devbai_cookies": {
    "quota": 1075.0,
    "used": 0.0,
    "timestamp": 1764550733.0287433
  },
  "linux_Yeahnet_cookies": {
    "quota": 1075.0,
    "used": 0.0,
    "timestamp": 1764550744.2672846
  }
}