{
  "dctx_email": {
    "quota": 561.37,
    "used": 2113.63,
    "timestamp": 1767723354.0221448
  },
  "ljq_email": {
    "quota": 853.06,
    "used": 1722.03,
    "timestamp": 1767723376.1962264
  },
  "zc_email": {
    "quota": 338.27,
    "used": 2223.7,
    "timestamp": 1767723397.6672845
  },
  "zj_email": {
    "quota": 1525.0,
    "used": 0.0,
    "timestamp": 1767723461.6578162
  },
  "fks_email": {
    "quota": 1525.0,
    "used": 0.0,
    "timestamp": 1767723484.5770996
  },
  "dxh_email": {
    "quota": 1525.0,
    "used": 0.0,
    "timestamp": 1767723506.5253923
  },
  "zhb_email": {
    "quota": 1525.0,
    "used": 0.0,
    "timestamp": 1767723528.7247555
  },
  "linuxdo_84404_cookies": {
    "quota": 1097.62,
    "used": 1152.38,
    "timestamp": 1767723405.6912487
  },
  "linux_chuang_cookies": {
    "quota": 1958.99,
    "used": 41.01,
    "timestamp": 1767723414.5236914
  },
  "linux_bwj_cookies": {
    "quota": 125.04,
    "used": 1849.08,
    "timestamp": 1767723423.5192072
  },
  "linux_devbai_cookies": {
    "quota": 658.82,
    "used": 1316.18,
    "timestamp": 1767723431.596968
  },
  "linux_Yeahnet_cookies": {
    "quota": 1975.0,
    "used": 0.0,
    "timestamp": 1767723439.8873098
  }
}