{
  "dctx_email": {
    "quota": 311.37,
    "used": 2113.63,
    "timestamp": 1766796326.6558757
  },
  "ljq_email": {
    "quota": 603.06,
    "used": 1722.03,
    "timestamp": 1766796348.2616975
  },
  "zc_email": {
    "quota": 146.74,
    "used": 2165.22,
    "timestamp": 1766796370.4854155
  },
  "zj_email": {
    "quota": 1275.0,
    "used": 0.0,
    "timestamp": 1766796436.5793548
  },
  "fks_email": {
    "quota": 1275.0,
    "used": 0.0,
    "timestamp": 1766796458.6145713
  },
  "dxh_email": {
    "quota": 1275.0,
    "used": 0.0,
    "timestamp": 1766796480.540291
  },
  "zhb_email": {
    "quota": 1275.0,
    "used": 0.0,
    "timestamp": 1766796503.268111
  },
  "linuxdo_84404_cookies": {
    "quota": 847.62,
    "used": 1152.38,
    "timestamp": 1766796379.341991
  },
  "linux_chuang_cookies": {
    "quota": 1739.5,
    "used": 10.5,
    "timestamp": 1766796388.4547617
  },
  "linux_bwj_cookies": {
    "quota": 1504.49,
    "used": 220.51,
    "timestamp": 1766796397.5449524
  },
  "linux_devbai_cookies": {
    "quota": 1725.0,
    "used": 0.0,
    "timestamp": 1766796406.5778663
  },
  "linux_Yeahnet_cookies": {
    "quota": 1725.0,
    "used": 0.0,
    "timestamp": 1766796415.1577866
  }
}