{
  "dctx_email": {
    "quota": 799.06,
    "used": 1150.94,
    "timestamp": 1765217772.83628
  },
  "ljq_email": {
    "quota": 128.06,
    "used": 1722.03,
    "timestamp": 1765217794.7142994
  },
  "zc_email": {
    "quota": 1475.97,
    "used": 374.03,
    "timestamp": 1765217817.4205353
  },
  "zj_email": {
    "quota": 800.0,
    "used": 0.0,
    "timestamp": 1765217840.3294768
  },
  "fks_email": {
    "quota": 800.0,
    "used": 0.0,
    "timestamp": 1765217863.9307768
  },
  "dxh_email": {
    "quota": 800.0,
    "used": 0.0,
    "timestamp": 1765217888.4402924
  },
  "zhb_email": {
    "quota": 800.0,
    "used": 0.0,
    "timestamp": 1765217912.3576586
  },
  "linuxdo_84404_cookies": {
    "quota": 422.62,
    "used": 1152.38,
    "timestamp": 1765217922.1642227
  },
  "linux_chuang_cookies": {
    "quota": 1275.0,
    "used": 0.0,
    "timestamp": 1765217931.2499526
  },
  "linux_bwj_cookies": {
    "quota": 1300.0,
    "used": 0.0,
    "timestamp": 1765217940.7137105
  },
  "linux_devbai_cookies": {
    "quota": 1250.0,
    "used": 0.0,
    "timestamp": 1765217950.465021
  },
  "linux_Yeahnet_cookies": {
    "quota": 1250.0,
    "used": 0.0,
    "timestamp": 1765217958.8897939
  }
}