{
  "dctx_email": {
    "quota": 1061.05,
    "used": 2263.95,
    "timestamp": 1769927707.3293786
  },
  "ljq_email": {
    "quota": 1503.06,
    "used": 1722.03,
    "timestamp": 1769927729.622463
  },
  "zc_email": {
    "quota": 978.26,
    "used": 2233.7,
    "timestamp": 1769927749.8255844
  },
  "zj_email": {
    "quota": 2175.0,
    "used": 0.0,
    "timestamp": 1769927814.6624064
  },
  "fks_email": {
    "quota": 2175.0,
    "used": 0.0,
    "timestamp": 1769927837.4523036
  },
  "dxh_email": {
    "quota": 2175.0,
    "used": 0.0,
    "timestamp": 1769927861.1409488
  },
  "zhb_email": {
    "quota": 2175.0,
    "used": 0.0,
    "timestamp": 1769927884.313584
  },
  "linuxdo_84404_cookies": {
    "quota": 1293.12,
    "used": 1506.88,
    "timestamp": 1769927758.0379367
  },
  "linux_chuang_cookies": {
    "quota": 2300.44,
    "used": 199.56,
    "timestamp": 1769927766.747709
  },
  "linux_bwj_cookies": {
    "quota": 600.04,
    "used": 1849.08,
    "timestamp": 1769927774.5356367
  },
  "linux_devbai_cookies": {
    "quota": 560.41,
    "used": 1914.59,
    "timestamp": 1769927782.0655026
  },
  "linux_Yeahnet_cookies": {
    "quota": 688.26,
    "used": 1786.74,
    "timestamp": 1769927791.2237995
  }
}