{
  "dctx_email": {
    "quota": 891.54,
    "used": 3108.75,
    "timestamp": 1772259718.199718
  },
  "ljq_email": {
    "quota": 866.96,
    "used": 3033.12,
    "timestamp": 1772259741.0875764
  },
  "zc_email": {
    "quota": 1666.13,
    "used": 2233.87,
    "timestamp": 1772259762.8234158
  },
  "zj_email": {
    "quota": 2850.0,
    "used": 0.0,
    "timestamp": 1772259845.0305216
  },
  "fks_email": {
    "quota": 2850.0,
    "used": 0.0,
    "timestamp": 1772259867.7329862
  },
  "dxh_email": {
    "quota": 2850.0,
    "used": 0.0,
    "timestamp": 1772259889.824097
  },
  "zhb_email": {
    "quota": 2850.0,
    "used": 0.0,
    "timestamp": 1772259914.870617
  },
  "linuxdo_84404_cookies": {
    "quota": 368.53,
    "used": 3006.47,
    "timestamp": 1772259771.3551354
  },
  "linux_chuang_cookies": {
    "quota": 2950.44,
    "used": 199.56,
    "timestamp": 1772195462.5777462
  },
  "linux_bwj_cookies": {
    "quota": 952.79,
    "used": 2047.21,
    "timestamp": 1772259793.9304068
  },
  "linux_devbai_cookies": {
    "quota": 1210.41,
    "used": 1914.59,
    "timestamp": 1772195479.6772537
  },
  "linux_Yeahnet_cookies": {
    "quota": 1338.26,
    "used": 1786.74,
    "timestamp": 1772195488.6796803
  }
}