{
  "dctx_email": {
    "quota": 336.37,
    "used": 2113.63,
    "timestamp": 1766883248.495193
  },
  "ljq_email": {
    "quota": 628.06,
    "used": 1722.03,
    "timestamp": 1766883269.7074056
  },
  "zc_email": {
    "quota": 171.74,
    "used": 2165.22,
    "timestamp": 1766883292.4506612
  },
  "zj_email": {
    "quota": 1300.0,
    "used": 0.0,
    "timestamp": 1766883355.514114
  },
  "fks_email": {
    "quota": 1300.0,
    "used": 0.0,
    "timestamp": 1766883379.1051326
  },
  "dxh_email": {
    "quota": 1300.0,
    "used": 0.0,
    "timestamp": 1766883400.7151
  },
  "zhb_email": {
    "quota": 1300.0,
    "used": 0.0,
    "timestamp": 1766883423.756106
  },
  "linuxdo_84404_cookies": {
    "quota": 872.62,
    "used": 1152.38,
    "timestamp": 1766883300.5131664
  },
  "linux_chuang_cookies": {
    "quota": 1762.86,
    "used": 12.14,
    "timestamp": 1766883308.9422781
  },
  "linux_bwj_cookies": {
    "quota": 1116.29,
    "used": 633.71,
    "timestamp": 1766883317.212853
  },
  "linux_devbai_cookies": {
    "quota": 1750.0,
    "used": 0.0,
    "timestamp": 1766883325.184827
  },
  "linux_Yeahnet_cookies": {
    "quota": 1750.0,
    "used": 0.0,
    "timestamp": 1766883333.402181
  }
}