{
  "dctx_email": {
    "quota": 516.54,
    "used": 3108.75,
    "timestamp": 1770985779.4729598
  },
  "ljq_email": {
    "quota": 1250.43,
    "used": 2274.66,
    "timestamp": 1770985802.001578
  },
  "zc_email": {
    "quota": 1291.3,
    "used": 2233.7,
    "timestamp": 1770985823.3413253
  },
  "zj_email": {
    "quota": 2475.0,
    "used": 0.0,
    "timestamp": 1770985890.1220572
  },
  "fks_email": {
    "quota": 2475.0,
    "used": 0.0,
    "timestamp": 1770985913.9589593
  },
  "dxh_email": {
    "quota": 2475.0,
    "used": 0.0,
    "timestamp": 1770985936.719739
  },
  "zhb_email": {
    "quota": 2475.0,
    "used": 0.0,
    "timestamp": 1770985958.3473616
  },
  "linuxdo_84404_cookies": {
    "quota": 1093.32,
    "used": 2006.68,
    "timestamp": 1770985831.7796955
  },
  "linux_chuang_cookies": {
    "quota": 2600.44,
    "used": 199.56,
    "timestamp": 1770985839.6916122
  },
  "linux_bwj_cookies": {
    "quota": 900.92,
    "used": 1849.08,
    "timestamp": 1770985849.1080408
  },
  "linux_devbai_cookies": {
    "quota": 860.41,
    "used": 1914.59,
    "timestamp": 1770985857.3401408
  },
  "linux_Yeahnet_cookies": {
    "quota": 988.26,
    "used": 1786.74,
    "timestamp": 1770985866.6958025
  }
}