{
  "dctx_email": {
    "quota": 995.4,
    "used": 2129.6,
    "timestamp": 1769257069.7519841
  },
  "ljq_email": {
    "quota": 1303.06,
    "used": 1722.03,
    "timestamp": 1769257090.8327143
  },
  "zc_email": {
    "quota": 778.26,
    "used": 2233.7,
    "timestamp": 1769257111.8919785
  },
  "zj_email": {
    "quota": 1975.0,
    "used": 0.0,
    "timestamp": 1769257188.8763735
  },
  "fks_email": {
    "quota": 1975.0,
    "used": 0.0,
    "timestamp": 1769257211.7557955
  },
  "dxh_email": {
    "quota": 1975.0,
    "used": 0.0,
    "timestamp": 1769257233.9039776
  },
  "zhb_email": {
    "quota": 1975.0,
    "used": 0.0,
    "timestamp": 1769257256.7012916
  },
  "linuxdo_84404_cookies": {
    "quota": 1093.12,
    "used": 1506.88,
    "timestamp": 1769257119.4970565
  },
  "linux_chuang_cookies": {
    "quota": 2316.86,
    "used": 58.14,
    "timestamp": 1768976425.9971125
  },
  "linux_bwj_cookies": {
    "quota": 400.04,
    "used": 1849.08,
    "timestamp": 1769257140.9569483
  },
  "linux_devbai_cookies": {
    "quota": 435.41,
    "used": 1914.59,
    "timestamp": 1768976443.3059564
  },
  "linux_Yeahnet_cookies": {
    "quota": 563.26,
    "used": 1786.74,
    "timestamp": 1768976452.2607367
  }
}