{
  "dctx_email": {
    "quota": 499.06,
    "used": 1150.94,
    "timestamp": 1764117868.2497938
  },
  "ljq_email": {
    "quota": 1285.6,
    "used": 264.16,
    "timestamp": 1764117890.8611217
  },
  "zc_email": {
    "quota": 1295.42,
    "used": 254.58,
    "timestamp": 1764117913.0292444
  },
  "zj_email": {
    "quota": 500.0,
    "used": 0.0,
    "timestamp": 1764117934.4576945
  },
  "fks_email": {
    "quota": 500.0,
    "used": 0.0,
    "timestamp": 1764117957.6982162
  },
  "dxh_email": {
    "quota": 500.0,
    "used": 0.0,
    "timestamp": 1764117979.1325693
  },
  "zhb_email": {
    "quota": 500.0,
    "used": 0.0,
    "timestamp": 1764118002.5698225
  },
  "linuxdo_84404_cookies": {
    "quota": 125.09,
    "used": 1149.91,
    "timestamp": 1764118012.1495996
  },
  "linux_chuang_cookies": {
    "quota": 975.0,
    "used": 0.0,
    "timestamp": 1764118021.9202368
  },
  "linux_bwj_cookies": {
    "quota": 1000.0,
    "used": 0.0,
    "timestamp": 1764118030.7274234
  },
  "linux_devbai_cookies": {
    "quota": 950.0,
    "used": 0.0,
    "timestamp": 1764118039.3788946
  },
  "linux_Yeahnet_cookies": {
    "quota": 950.0,
    "used": 0.0,
    "timestamp": 1764118048.1042383
  }
}