{
  "dctx_email": {
    "quota": 491.54,
    "used": 3108.75,
    "timestamp": 1770858087.0788925
  },
  "ljq_email": {
    "quota": 1301.94,
    "used": 2198.15,
    "timestamp": 1770858108.8799937
  },
  "zc_email": {
    "quota": 1266.3,
    "used": 2233.7,
    "timestamp": 1770858130.3890233
  },
  "zj_email": {
    "quota": 2450.0,
    "used": 0.0,
    "timestamp": 1770858198.7841275
  },
  "fks_email": {
    "quota": 2450.0,
    "used": 0.0,
    "timestamp": 1770858221.9417257
  },
  "dxh_email": {
    "quota": 2450.0,
    "used": 0.0,
    "timestamp": 1770858244.4523625
  },
  "zhb_email": {
    "quota": 2450.0,
    "used": 0.0,
    "timestamp": 1770858267.725615
  },
  "linuxdo_84404_cookies": {
    "quota": 1068.32,
    "used": 2006.68,
    "timestamp": 1770858140.1009138
  },
  "linux_chuang_cookies": {
    "quota": 2575.44,
    "used": 199.56,
    "timestamp": 1770858148.0125194
  },
  "linux_bwj_cookies": {
    "quota": 875.92,
    "used": 1849.08,
    "timestamp": 1770858158.0945518
  },
  "linux_devbai_cookies": {
    "quota": 835.41,
    "used": 1914.59,
    "timestamp": 1770858168.089354
  },
  "linux_Yeahnet_cookies": {
    "quota": 963.26,
    "used": 1786.74,
    "timestamp": 1770858176.9400816
  }
}