{
  "dctx_email": {
    "quota": 324.06,
    "used": 1150.94,
    "timestamp": 1763513038.4767754
  },
  "ljq_email": {
    "quota": 1274.33,
    "used": 100.43,
    "timestamp": 1763513060.8049176
  },
  "zc_email": {
    "quota": 1120.42,
    "used": 254.58,
    "timestamp": 1763513082.8161952
  },
  "zj_email": {
    "quota": 325.0,
    "used": 0.0,
    "timestamp": 1763513123.8820865
  },
  "fks_email": {
    "quota": 325.0,
    "used": 0.0,
    "timestamp": 1763513148.3989966
  },
  "dxh_email": {
    "quota": 325.0,
    "used": 0.0,
    "timestamp": 1763513172.0951426
  },
  "zhb_email": {
    "quota": 325.0,
    "used": 0.0,
    "timestamp": 1763513195.4247131
  }
}