{
  "dctx_email": {
    "quota": 286.37,
    "used": 2113.63,
    "timestamp": 1766751521.8652394
  },
  "ljq_email": {
    "quota": 578.06,
    "used": 1722.03,
    "timestamp": 1766751543.946769
  },
  "zc_email": {
    "quota": 136.45,
    "used": 2150.52,
    "timestamp": 1766751563.473973
  },
  "zj_email": {
    "quota": 1250.0,
    "used": 0.0,
    "timestamp": 1766751629.0179577
  },
  "fks_email": {
    "quota": 1250.0,
    "used": 0.0,
    "timestamp": 1766751650.186563
  },
  "dxh_email": {
    "quota": 1250.0,
    "used": 0.0,
    "timestamp": 1766751673.7910352
  },
  "zhb_email": {
    "quota": 1250.0,
    "used": 0.0,
    "timestamp": 1766751695.7981157
  },
  "linuxdo_84404_cookies": {
    "quota": 822.62,
    "used": 1152.38,
    "timestamp": 1766751573.1669388
  },
  "linux_chuang_cookies": {
    "quota": 1714.5,
    "used": 10.5,
    "timestamp": 1766751581.8002608
  },
  "linux_bwj_cookies": {
    "quota": 1513.76,
    "used": 186.24,
    "timestamp": 1766751591.2402215
  },
  "linux_devbai_cookies": {
    "quota": 1700.0,
    "used": 0.0,
    "timestamp": 1766751598.6674294
  },
  "linux_Yeahnet_cookies": {
    "quota": 1700.0,
    "used": 0.0,
    "timestamp": 1766751606.9100406
  }
}