{
  "dctx_email": {
    "quota": 511.37,
    "used": 2113.63,
    "timestamp": 1767507376.0437126
  },
  "ljq_email": {
    "quota": 803.06,
    "used": 1722.03,
    "timestamp": 1767507397.059159
  },
  "zc_email": {
    "quota": 315.09,
    "used": 2196.87,
    "timestamp": 1767507419.548184
  },
  "zj_email": {
    "quota": 1475.0,
    "used": 0.0,
    "timestamp": 1767507485.4987392
  },
  "fks_email": {
    "quota": 1475.0,
    "used": 0.0,
    "timestamp": 1767507507.6540163
  },
  "dxh_email": {
    "quota": 1475.0,
    "used": 0.0,
    "timestamp": 1767507530.1015933
  },
  "zhb_email": {
    "quota": 1475.0,
    "used": 0.0,
    "timestamp": 1767507552.5987532
  },
  "linuxdo_84404_cookies": {
    "quota": 1047.62,
    "used": 1152.38,
    "timestamp": 1767507428.1015735
  },
  "linux_chuang_cookies": {
    "quota": 1908.99,
    "used": 41.01,
    "timestamp": 1767507436.2568295
  },
  "linux_bwj_cookies": {
    "quota": 75.04,
    "used": 1849.08,
    "timestamp": 1767507444.5899696
  },
  "linux_devbai_cookies": {
    "quota": 1309.66,
    "used": 615.34,
    "timestamp": 1767507454.1099885
  },
  "linux_Yeahnet_cookies": {
    "quota": 1925.0,
    "used": 0.0,
    "timestamp": 1767507463.8116035
  }
}