{
  "dctx_email": {
    "quota": 916.54,
    "used": 3108.75,
    "timestamp": 1772327193.1582935
  },
  "ljq_email": {
    "quota": 830.37,
    "used": 3094.71,
    "timestamp": 1772327214.8022766
  },
  "zc_email": {
    "quota": 1691.13,
    "used": 2233.87,
    "timestamp": 1772327236.1253874
  },
  "zj_email": {
    "quota": 2875.0,
    "used": 0.0,
    "timestamp": 1772327301.3661978
  },
  "fks_email": {
    "quota": 2875.0,
    "used": 0.0,
    "timestamp": 1772327324.335413
  },
  "dxh_email": {
    "quota": 2875.0,
    "used": 0.0,
    "timestamp": 1772327348.1105015
  },
  "zhb_email": {
    "quota": 2875.0,
    "used": 0.0,
    "timestamp": 1772327371.1243987
  },
  "linuxdo_84404_cookies": {
    "quota": 393.53,
    "used": 3006.47,
    "timestamp": 1772327244.8499818
  },
  "linux_chuang_cookies": {
    "quota": 3000.44,
    "used": 199.56,
    "timestamp": 1772327252.84503
  },
  "linux_bwj_cookies": {
    "quota": 947.32,
    "used": 2077.68,
    "timestamp": 1772327262.0343509
  },
  "linux_devbai_cookies": {
    "quota": 1260.41,
    "used": 1914.59,
    "timestamp": 1772327271.1478763
  },
  "linux_Yeahnet_cookies": {
    "quota": 1388.26,
    "used": 1786.74,
    "timestamp": 1772327279.6258307
  }
}