{
  "dctx_email": {
    "quota": 736.37,
    "used": 2113.63,
    "timestamp": 1768328285.2002754
  },
  "ljq_email": {
    "quota": 1028.06,
    "used": 1722.03,
    "timestamp": 1768328306.519154
  },
  "zc_email": {
    "quota": 503.26,
    "used": 2233.7,
    "timestamp": 1768328327.3358507
  },
  "zj_email": {
    "quota": 1700.0,
    "used": 0.0,
    "timestamp": 1768328394.2769527
  },
  "fks_email": {
    "quota": 1700.0,
    "used": 0.0,
    "timestamp": 1768328416.015147
  },
  "dxh_email": {
    "quota": 1700.0,
    "used": 0.0,
    "timestamp": 1768328438.356669
  },
  "zhb_email": {
    "quota": 1700.0,
    "used": 0.0,
    "timestamp": 1768328459.7402396
  },
  "linuxdo_84404_cookies": {
    "quota": 1272.62,
    "used": 1152.38,
    "timestamp": 1768328335.1251001
  },
  "linux_chuang_cookies": {
    "quota": 2132.38,
    "used": 42.62,
    "timestamp": 1768328343.3272593
  },
  "linux_bwj_cookies": {
    "quota": 275.04,
    "used": 1849.08,
    "timestamp": 1768198878.508116
  },
  "linux_devbai_cookies": {
    "quota": 235.41,
    "used": 1914.59,
    "timestamp": 1768328363.6666076
  },
  "linux_Yeahnet_cookies": {
    "quota": 436.75,
    "used": 1713.25,
    "timestamp": 1768328373.2609513
  }
}