{
  "dctx_email": {
    "quota": 991.54,
    "used": 3108.75,
    "timestamp": 1772627328.1359854
  },
  "ljq_email": {
    "quota": 50.15,
    "used": 3949.93,
    "timestamp": 1772627349.9842002
  },
  "zc_email": {
    "quota": 1766.13,
    "used": 2233.87,
    "timestamp": 1772627373.039324
  },
  "zj_email": {
    "quota": 2950.0,
    "used": 0.0,
    "timestamp": 1772627437.7546608
  },
  "fks_email": {
    "quota": 2950.0,
    "used": 0.0,
    "timestamp": 1772627459.0103383
  },
  "dxh_email": {
    "quota": 2950.0,
    "used": 0.0,
    "timestamp": 1772627483.2547147
  },
  "zhb_email": {
    "quota": 2950.0,
    "used": 0.0,
    "timestamp": 1772627504.574157
  },
  "linuxdo_84404_cookies": {
    "quota": 468.53,
    "used": 3006.47,
    "timestamp": 1772627382.4973207
  },
  "linux_chuang_cookies": {
    "quota": 2848.31,
    "used": 426.69,
    "timestamp": 1772627390.8403497
  },
  "linux_bwj_cookies": {
    "quota": 891.63,
    "used": 2208.37,
    "timestamp": 1772627399.171159
  },
  "linux_devbai_cookies": {
    "quota": 1335.41,
    "used": 1914.59,
    "timestamp": 1772627407.0690353
  },
  "linux_Yeahnet_cookies": {
    "quota": 1458.77,
    "used": 1791.23,
    "timestamp": 1772627414.8668108
  }
}