{
  "dctx_email": {
    "quota": 861.37,
    "used": 2113.63,
    "timestamp": 1768760042.053191
  },
  "ljq_email": {
    "quota": 1153.06,
    "used": 1722.03,
    "timestamp": 1768760062.1998148
  },
  "zc_email": {
    "quota": 628.26,
    "used": 2233.7,
    "timestamp": 1768760082.6863408
  },
  "zj_email": {
    "quota": 1825.0,
    "used": 0.0,
    "timestamp": 1768760156.0158925
  },
  "fks_email": {
    "quota": 1825.0,
    "used": 0.0,
    "timestamp": 1768760177.4596179
  },
  "dxh_email": {
    "quota": 1825.0,
    "used": 0.0,
    "timestamp": 1768760201.1537943
  },
  "zhb_email": {
    "quota": 1825.0,
    "used": 0.0,
    "timestamp": 1768760223.7658434
  },
  "linuxdo_84404_cookies": {
    "quota": 1322.62,
    "used": 1152.38,
    "timestamp": 1768437995.669237
  },
  "linux_chuang_cookies": {
    "quota": 2241.86,
    "used": 58.14,
    "timestamp": 1768760103.362851
  },
  "linux_bwj_cookies": {
    "quota": 275.04,
    "used": 1849.08,
    "timestamp": 1768198878.508116
  },
  "linux_devbai_cookies": {
    "quota": 360.41,
    "used": 1914.59,
    "timestamp": 1768760125.5411067
  },
  "linux_Yeahnet_cookies": {
    "quota": 488.26,
    "used": 1786.74,
    "timestamp": 1768760133.4389064
  }
}