{
  "dctx_email": {
    "quota": 1041.54,
    "used": 3108.75,
    "timestamp": 1772821668.8230197
  },
  "ljq_email": {
    "quota": 100.15,
    "used": 3949.93,
    "timestamp": 1772821689.5730953
  },
  "zc_email": {
    "quota": 1777.72,
    "used": 2272.28,
    "timestamp": 1772821712.6015718
  },
  "zj_email": {
    "quota": 3000.0,
    "used": 0.0,
    "timestamp": 1772821780.5626502
  },
  "fks_email": {
    "quota": 3000.0,
    "used": 0.0,
    "timestamp": 1772821802.883015
  },
  "dxh_email": {
    "quota": 3000.0,
    "used": 0.0,
    "timestamp": 1772821825.4411736
  },
  "zhb_email": {
    "quota": 3000.0,
    "used": 0.0,
    "timestamp": 1772821850.2425
  },
  "linuxdo_84404_cookies": {
    "quota": 518.53,
    "used": 3006.47,
    "timestamp": 1772821721.1243362
  },
  "linux_chuang_cookies": {
    "quota": 2172.34,
    "used": 1152.66,
    "timestamp": 1772821730.663408
  },
  "linux_bwj_cookies": {
    "quota": 936.3,
    "used": 2213.7,
    "timestamp": 1772821738.979088
  },
  "linux_devbai_cookies": {
    "quota": 1385.41,
    "used": 1914.59,
    "timestamp": 1772821748.082158
  },
  "linux_Yeahnet_cookies": {
    "quota": 1504.08,
    "used": 1795.92,
    "timestamp": 1772821756.776444
  }
}