{
  "dctx_email": {
    "quota": 666.54,
    "used": 3108.75,
    "timestamp": 1771462919.0210147
  },
  "ljq_email": {
    "quota": 1152.87,
    "used": 2522.22,
    "timestamp": 1771462940.585711
  },
  "zc_email": {
    "quota": 1441.3,
    "used": 2233.7,
    "timestamp": 1771462962.2991328
  },
  "zj_email": {
    "quota": 2625.0,
    "used": 0.0,
    "timestamp": 1771463037.9347723
  },
  "fks_email": {
    "quota": 2625.0,
    "used": 0.0,
    "timestamp": 1771463061.0058372
  },
  "dxh_email": {
    "quota": 2625.0,
    "used": 0.0,
    "timestamp": 1771463084.41512
  },
  "zhb_email": {
    "quota": 2625.0,
    "used": 0.0,
    "timestamp": 1771463107.4093356
  },
  "linuxdo_84404_cookies": {
    "quota": 1118.32,
    "used": 2006.68,
    "timestamp": 1771050641.8473558
  },
  "linux_chuang_cookies": {
    "quota": 2750.44,
    "used": 199.56,
    "timestamp": 1771462984.0606008
  },
  "linux_bwj_cookies": {
    "quota": 925.92,
    "used": 1849.08,
    "timestamp": 1771050659.1261163
  },
  "linux_devbai_cookies": {
    "quota": 1010.41,
    "used": 1914.59,
    "timestamp": 1771463007.501777
  },
  "linux_Yeahnet_cookies": {
    "quota": 1138.26,
    "used": 1786.74,
    "timestamp": 1771463015.9222972
  }
}