{
  "dctx_email": {
    "quota": 566.54,
    "used": 3108.75,
    "timestamp": 1771158135.4654005
  },
  "ljq_email": {
    "quota": 1088.24,
    "used": 2486.84,
    "timestamp": 1771158156.9407406
  },
  "zc_email": {
    "quota": 1341.3,
    "used": 2233.7,
    "timestamp": 1771158178.9292989
  },
  "zj_email": {
    "quota": 2525.0,
    "used": 0.0,
    "timestamp": 1771158254.8759542
  },
  "fks_email": {
    "quota": 2525.0,
    "used": 0.0,
    "timestamp": 1771158276.5854187
  },
  "dxh_email": {
    "quota": 2525.0,
    "used": 0.0,
    "timestamp": 1771158299.1150823
  },
  "zhb_email": {
    "quota": 2525.0,
    "used": 0.0,
    "timestamp": 1771158322.454635
  },
  "linuxdo_84404_cookies": {
    "quota": 1118.32,
    "used": 2006.68,
    "timestamp": 1771050641.8473558
  },
  "linux_chuang_cookies": {
    "quota": 2650.44,
    "used": 199.56,
    "timestamp": 1771158200.666816
  },
  "linux_bwj_cookies": {
    "quota": 925.92,
    "used": 1849.08,
    "timestamp": 1771050659.1261163
  },
  "linux_devbai_cookies": {
    "quota": 910.41,
    "used": 1914.59,
    "timestamp": 1771158223.1971104
  },
  "linux_Yeahnet_cookies": {
    "quota": 1038.26,
    "used": 1786.74,
    "timestamp": 1771158232.4159331
  }
}