{
  "dctx_email": {
    "quota": 848.45,
    "used": 1151.55,
    "timestamp": 1765327595.3187
  },
  "ljq_email": {
    "quota": 178.06,
    "used": 1722.03,
    "timestamp": 1765327618.0424771
  },
  "zc_email": {
    "quota": 1306.16,
    "used": 593.84,
    "timestamp": 1765327641.0540183
  },
  "zj_email": {
    "quota": 850.0,
    "used": 0.0,
    "timestamp": 1765327663.5162635
  },
  "fks_email": {
    "quota": 850.0,
    "used": 0.0,
    "timestamp": 1765327685.4384181
  },
  "dxh_email": {
    "quota": 850.0,
    "used": 0.0,
    "timestamp": 1765327708.3482995
  },
  "zhb_email": {
    "quota": 850.0,
    "used": 0.0,
    "timestamp": 1765327731.7560003
  },
  "linuxdo_84404_cookies": {
    "quota": 472.62,
    "used": 1152.38,
    "timestamp": 1765327739.7952776
  },
  "linux_chuang_cookies": {
    "quota": 1325.0,
    "used": 0.0,
    "timestamp": 1765327748.9954007
  },
  "linux_bwj_cookies": {
    "quota": 1350.0,
    "used": 0.0,
    "timestamp": 1765327756.8106296
  },
  "linux_devbai_cookies": {
    "quota": 1300.0,
    "used": 0.0,
    "timestamp": 1765327766.5113108
  },
  "linux_Yeahnet_cookies": {
    "quota": 1300.0,
    "used": 0.0,
    "timestamp": 1765327775.8577929
  }
}