{
  "dctx_email": {
    "quota": 1011.05,
    "used": 2263.95,
    "timestamp": 1769776022.4529934
  },
  "ljq_email": {
    "quota": 1453.06,
    "used": 1722.03,
    "timestamp": 1769776043.42656
  },
  "zc_email": {
    "quota": 928.26,
    "used": 2233.7,
    "timestamp": 1769776065.75683
  },
  "zj_email": {
    "quota": 2125.0,
    "used": 0.0,
    "timestamp": 1769776131.0137439
  },
  "fks_email": {
    "quota": 2125.0,
    "used": 0.0,
    "timestamp": 1769776153.0650656
  },
  "dxh_email": {
    "quota": 2125.0,
    "used": 0.0,
    "timestamp": 1769776175.6547413
  },
  "zhb_email": {
    "quota": 2125.0,
    "used": 0.0,
    "timestamp": 1769776196.7307425
  },
  "linuxdo_84404_cookies": {
    "quota": 1243.12,
    "used": 1506.88,
    "timestamp": 1769776074.0459979
  },
  "linux_chuang_cookies": {
    "quota": 2250.44,
    "used": 199.56,
    "timestamp": 1769776083.5120144
  },
  "linux_bwj_cookies": {
    "quota": 550.04,
    "used": 1849.08,
    "timestamp": 1769776091.3902626
  },
  "linux_devbai_cookies": {
    "quota": 510.41,
    "used": 1914.59,
    "timestamp": 1769776099.4560776
  },
  "linux_Yeahnet_cookies": {
    "quota": 638.26,
    "used": 1786.74,
    "timestamp": 1769776107.98981
  }
}