{
  "dctx_email": {
    "quota": 674.06,
    "used": 1150.94,
    "timestamp": 1764785752.0505402
  },
  "ljq_email": {
    "quota": 164.6,
    "used": 1560.48,
    "timestamp": 1764785773.5334682
  },
  "zc_email": {
    "quota": 1453.85,
    "used": 271.15,
    "timestamp": 1764785795.7017882
  },
  "zj_email": {
    "quota": 675.0,
    "used": 0.0,
    "timestamp": 1764785819.7664526
  },
  "fks_email": {
    "quota": 675.0,
    "used": 0.0,
    "timestamp": 1764785844.4786754
  },
  "dxh_email": {
    "quota": 675.0,
    "used": 0.0,
    "timestamp": 1764785866.2251692
  },
  "zhb_email": {
    "quota": 675.0,
    "used": 0.0,
    "timestamp": 1764785889.9154792
  },
  "linuxdo_84404_cookies": {
    "quota": 300.06,
    "used": 1149.94,
    "timestamp": 1764785900.462531
  },
  "linux_chuang_cookies": {
    "quota": 1150.0,
    "used": 0.0,
    "timestamp": 1764785910.470175
  },
  "linux_bwj_cookies": {
    "quota": 1175.0,
    "used": 0.0,
    "timestamp": 1764785920.2766404
  },
  "linux_devbai_cookies": {
    "quota": 1125.0,
    "used": 0.0,
    "timestamp": 1764785935.7962248
  },
  "linux_Yeahnet_cookies": {
    "quota": 1125.0,
    "used": 0.0,
    "timestamp": 1764785945.1565485
  }
}