{
  "dctx_email": {
    "quota": 751.57,
    "used": 1548.43,
    "timestamp": 1766364600.8009126
  },
  "ljq_email": {
    "quota": 478.06,
    "used": 1722.03,
    "timestamp": 1766364622.3072224
  },
  "zc_email": {
    "quota": 100.22,
    "used": 2086.74,
    "timestamp": 1766364644.1276743
  },
  "zj_email": {
    "quota": 1150.0,
    "used": 0.0,
    "timestamp": 1766364719.62614
  },
  "fks_email": {
    "quota": 1150.0,
    "used": 0.0,
    "timestamp": 1766364742.2426136
  },
  "dxh_email": {
    "quota": 1150.0,
    "used": 0.0,
    "timestamp": 1766364763.5499501
  },
  "zhb_email": {
    "quota": 1150.0,
    "used": 0.0,
    "timestamp": 1766364787.504386
  },
  "linuxdo_84404_cookies": {
    "quota": 722.62,
    "used": 1152.38,
    "timestamp": 1766364651.722206
  },
  "linux_chuang_cookies": {
    "quota": 1597.68,
    "used": 2.32,
    "timestamp": 1766297787.716851
  },
  "linux_bwj_cookies": {
    "quota": 1600.0,
    "used": 0.0,
    "timestamp": 1766364672.9370081
  },
  "linux_devbai_cookies": {
    "quota": 1575.0,
    "used": 0.0,
    "timestamp": 1766297805.8223367
  },
  "linux_Yeahnet_cookies": {
    "quota": 1575.0,
    "used": 0.0,
    "timestamp": 1766297814.7642128
  }
}