{
  "dctx_email": {
    "quota": 866.54,
    "used": 3108.75,
    "timestamp": 1772216927.3953586
  },
  "ljq_email": {
    "quota": 841.96,
    "used": 3033.12,
    "timestamp": 1772216949.1249132
  },
  "zc_email": {
    "quota": 1641.13,
    "used": 2233.87,
    "timestamp": 1772216970.4964044
  },
  "zj_email": {
    "quota": 2825.0,
    "used": 0.0,
    "timestamp": 1772217051.2675753
  },
  "fks_email": {
    "quota": 2825.0,
    "used": 0.0,
    "timestamp": 1772217073.332956
  },
  "dxh_email": {
    "quota": 2825.0,
    "used": 0.0,
    "timestamp": 1772217095.1263099
  },
  "zhb_email": {
    "quota": 2825.0,
    "used": 0.0,
    "timestamp": 1772217117.635311
  },
  "linuxdo_84404_cookies": {
    "quota": 343.53,
    "used": 3006.47,
    "timestamp": 1772216978.468656
  },
  "linux_chuang_cookies": {
    "quota": 2950.44,
    "used": 199.56,
    "timestamp": 1772195462.5777462
  },
  "linux_bwj_cookies": {
    "quota": 955.91,
    "used": 2019.09,
    "timestamp": 1772217000.9924054
  },
  "linux_devbai_cookies": {
    "quota": 1210.41,
    "used": 1914.59,
    "timestamp": 1772195479.6772537
  },
  "linux_Yeahnet_cookies": {
    "quota": 1338.26,
    "used": 1786.74,
    "timestamp": 1772195488.6796803
  }
}