{
  "dctx_email": {
    "quota": 424.06,
    "used": 1150.94,
    "timestamp": 1763900139.8860881
  },
  "ljq_email": {
    "quota": 1284.93,
    "used": 189.83,
    "timestamp": 1763900166.383001
  },
  "zc_email": {
    "quota": 1220.42,
    "used": 254.58,
    "timestamp": 1763900191.3809114
  },
  "zj_email": {
    "quota": 425.0,
    "used": 0.0,
    "timestamp": 1763900215.3222952
  },
  "fks_email": {
    "quota": 425.0,
    "used": 0.0,
    "timestamp": 1763900238.4917953
  },
  "dxh_email": {
    "quota": 425.0,
    "used": 0.0,
    "timestamp": 1763900261.8559709
  },
  "zhb_email": {
    "quota": 425.0,
    "used": 0.0,
    "timestamp": 1763900285.0213718
  },
  "linuxdo_84404_cookies": {
    "quota": 50.09,
    "used": 1149.91,
    "timestamp": 1763900294.3842778
  },
  "linux_chuang_cookies": {
    "quota": 900.0,
    "used": 0.0,
    "timestamp": 1763900303.746254
  },
  "linux_bwj_cookies": {
    "quota": 925.0,
    "used": 0.0,
    "timestamp": 1763900314.6309986
  },
  "linux_devbai_cookies": {
    "quota": 875.0,
    "used": 0.0,
    "timestamp": 1763900324.7897103
  },
  "linux_Yeahnet_cookies": {
    "quota": 875.0,
    "used": 0.0,
    "timestamp": 1763900332.8496485
  }
}