{
  "dctx_email": {
    "quota": 824.43,
    "used": 1450.57,
    "timestamp": 1766319446.556154
  },
  "ljq_email": {
    "quota": 453.06,
    "used": 1722.03,
    "timestamp": 1766319469.3105571
  },
  "zc_email": {
    "quota": 75.22,
    "used": 2086.74,
    "timestamp": 1766319489.0340085
  },
  "zj_email": {
    "quota": 1125.0,
    "used": 0.0,
    "timestamp": 1766319568.355662
  },
  "fks_email": {
    "quota": 1125.0,
    "used": 0.0,
    "timestamp": 1766319592.2190025
  },
  "dxh_email": {
    "quota": 1125.0,
    "used": 0.0,
    "timestamp": 1766319614.4536324
  },
  "zhb_email": {
    "quota": 1125.0,
    "used": 0.0,
    "timestamp": 1766319637.6112857
  },
  "linuxdo_84404_cookies": {
    "quota": 697.62,
    "used": 1152.38,
    "timestamp": 1766319496.401927
  },
  "linux_chuang_cookies": {
    "quota": 1597.68,
    "used": 2.32,
    "timestamp": 1766297787.716851
  },
  "linux_bwj_cookies": {
    "quota": 1575.0,
    "used": 0.0,
    "timestamp": 1766319518.6495433
  },
  "linux_devbai_cookies": {
    "quota": 1575.0,
    "used": 0.0,
    "timestamp": 1766297805.8223367
  },
  "linux_Yeahnet_cookies": {
    "quota": 1575.0,
    "used": 0.0,
    "timestamp": 1766297814.7642128
  }
}