{
  "dctx_email": {
    "quota": 566.54,
    "used": 3108.75,
    "timestamp": 1771117426.131858
  },
  "ljq_email": {
    "quota": 1120.27,
    "used": 2454.81,
    "timestamp": 1771117447.1588242
  },
  "zc_email": {
    "quota": 1341.3,
    "used": 2233.7,
    "timestamp": 1771117469.925379
  },
  "zj_email": {
    "quota": 2525.0,
    "used": 0.0,
    "timestamp": 1771117547.5575972
  },
  "fks_email": {
    "quota": 2525.0,
    "used": 0.0,
    "timestamp": 1771117571.002374
  },
  "dxh_email": {
    "quota": 2525.0,
    "used": 0.0,
    "timestamp": 1771117594.6970127
  },
  "zhb_email": {
    "quota": 2525.0,
    "used": 0.0,
    "timestamp": 1771117617.6927423
  },
  "linuxdo_84404_cookies": {
    "quota": 1118.32,
    "used": 2006.68,
    "timestamp": 1771050641.8473558
  },
  "linux_chuang_cookies": {
    "quota": 2650.44,
    "used": 199.56,
    "timestamp": 1771117492.0617647
  },
  "linux_bwj_cookies": {
    "quota": 925.92,
    "used": 1849.08,
    "timestamp": 1771050659.1261163
  },
  "linux_devbai_cookies": {
    "quota": 910.41,
    "used": 1914.59,
    "timestamp": 1771117515.1086228
  },
  "linux_Yeahnet_cookies": {
    "quota": 1038.26,
    "used": 1786.74,
    "timestamp": 1771117524.3565962
  }
}