{
  "dctx_email": {
    "quota": 828.2,
    "used": 1446.8,
    "timestamp": 1766297726.0039396
  },
  "ljq_email": {
    "quota": 453.06,
    "used": 1722.03,
    "timestamp": 1766297748.192033
  },
  "zc_email": {
    "quota": 75.22,
    "used": 2086.74,
    "timestamp": 1766297770.675534
  },
  "zj_email": {
    "quota": 1125.0,
    "used": 0.0,
    "timestamp": 1766297836.6563082
  },
  "fks_email": {
    "quota": 1125.0,
    "used": 0.0,
    "timestamp": 1766297859.7881434
  },
  "dxh_email": {
    "quota": 1125.0,
    "used": 0.0,
    "timestamp": 1766297882.3725488
  },
  "zhb_email": {
    "quota": 1125.0,
    "used": 0.0,
    "timestamp": 1766297906.445824
  },
  "linuxdo_84404_cookies": {
    "quota": 697.62,
    "used": 1152.38,
    "timestamp": 1766297780.4575884
  },
  "linux_chuang_cookies": {
    "quota": 1597.68,
    "used": 2.32,
    "timestamp": 1766297787.716851
  },
  "linux_bwj_cookies": {
    "quota": 1575.0,
    "used": 0.0,
    "timestamp": 1766297796.7142284
  },
  "linux_devbai_cookies": {
    "quota": 1575.0,
    "used": 0.0,
    "timestamp": 1766297805.8223367
  },
  "linux_Yeahnet_cookies": {
    "quota": 1575.0,
    "used": 0.0,
    "timestamp": 1766297814.7642128
  }
}