{
  "dctx_email": {
    "quota": 816.54,
    "used": 3108.75,
    "timestamp": 1771981467.8148203
  },
  "ljq_email": {
    "quota": 822.92,
    "used": 3002.16,
    "timestamp": 1771981488.4804385
  },
  "zc_email": {
    "quota": 1591.13,
    "used": 2233.87,
    "timestamp": 1771981510.6716657
  },
  "zj_email": {
    "quota": 2775.0,
    "used": 0.0,
    "timestamp": 1771981579.4717755
  },
  "fks_email": {
    "quota": 2775.0,
    "used": 0.0,
    "timestamp": 1771981601.9642994
  },
  "dxh_email": {
    "quota": 2775.0,
    "used": 0.0,
    "timestamp": 1771981624.3667276
  },
  "zhb_email": {
    "quota": 2775.0,
    "used": 0.0,
    "timestamp": 1771981649.0749173
  },
  "linuxdo_84404_cookies": {
    "quota": 293.53,
    "used": 3006.47,
    "timestamp": 1771981520.6382506
  },
  "linux_chuang_cookies": {
    "quota": 2900.44,
    "used": 199.56,
    "timestamp": 1771981530.460541
  },
  "linux_bwj_cookies": {
    "quota": 1003.15,
    "used": 1921.85,
    "timestamp": 1771981540.3370707
  },
  "linux_devbai_cookies": {
    "quota": 1160.41,
    "used": 1914.59,
    "timestamp": 1771981548.6441522
  },
  "linux_Yeahnet_cookies": {
    "quota": 1288.26,
    "used": 1786.74,
    "timestamp": 1771981557.0748296
  }
}