{
  "dctx_email": {
    "quota": 416.25,
    "used": 3108.75,
    "timestamp": 1770662452.4088788
  },
  "ljq_email": {
    "quota": 1628.31,
    "used": 1796.77,
    "timestamp": 1770662472.7672367
  },
  "zc_email": {
    "quota": 1178.26,
    "used": 2233.7,
    "timestamp": 1770662494.6242177
  },
  "zj_email": {
    "quota": 2375.0,
    "used": 0.0,
    "timestamp": 1770662558.9248004
  },
  "fks_email": {
    "quota": 2375.0,
    "used": 0.0,
    "timestamp": 1770662581.4632027
  },
  "dxh_email": {
    "quota": 2375.0,
    "used": 0.0,
    "timestamp": 1770662604.7863615
  },
  "zhb_email": {
    "quota": 2375.0,
    "used": 0.0,
    "timestamp": 1770662628.56512
  },
  "linuxdo_84404_cookies": {
    "quota": 993.32,
    "used": 2006.68,
    "timestamp": 1770662503.5760908
  },
  "linux_chuang_cookies": {
    "quota": 2500.44,
    "used": 199.56,
    "timestamp": 1770662511.9409437
  },
  "linux_bwj_cookies": {
    "quota": 800.04,
    "used": 1849.08,
    "timestamp": 1770662521.2238607
  },
  "linux_devbai_cookies": {
    "quota": 760.41,
    "used": 1914.59,
    "timestamp": 1770662529.2293255
  },
  "linux_Yeahnet_cookies": {
    "quota": 888.26,
    "used": 1786.74,
    "timestamp": 1770662536.8321881
  }
}