{
  "dctx_email": {
    "quota": 674.06,
    "used": 1150.94,
    "timestamp": 1764764384.2706864
  },
  "ljq_email": {
    "quota": 164.6,
    "used": 1560.48,
    "timestamp": 1764764407.075883
  },
  "zc_email": {
    "quota": 1453.85,
    "used": 271.15,
    "timestamp": 1764764427.9978733
  },
  "zj_email": {
    "quota": 675.0,
    "used": 0.0,
    "timestamp": 1764764451.1334183
  },
  "fks_email": {
    "quota": 675.0,
    "used": 0.0,
    "timestamp": 1764764473.8335483
  },
  "dxh_email": {
    "quota": 675.0,
    "used": 0.0,
    "timestamp": 1764764497.8277175
  },
  "zhb_email": {
    "quota": 675.0,
    "used": 0.0,
    "timestamp": 1764764522.1898224
  },
  "linuxdo_84404_cookies": {
    "quota": 300.06,
    "used": 1149.94,
    "timestamp": 1764764532.0971098
  },
  "linux_chuang_cookies": {
    "quota": 1150.0,
    "used": 0.0,
    "timestamp": 1764764540.7020338
  },
  "linux_bwj_cookies": {
    "quota": 1175.0,
    "used": 0.0,
    "timestamp": 1764764550.319992
  },
  "linux_devbai_cookies": {
    "quota": 1125.0,
    "used": 0.0,
    "timestamp": 1764764560.2150187
  },
  "linux_Yeahnet_cookies": {
    "quota": 1125.0,
    "used": 0.0,
    "timestamp": 1764764569.0262682
  }
}