{
  "dctx_email": {
    "quota": 873.45,
    "used": 1151.55,
    "timestamp": 1765433838.2564816
  },
  "ljq_email": {
    "quota": 203.06,
    "used": 1722.03,
    "timestamp": 1765433860.1789505
  },
  "zc_email": {
    "quota": 1142.74,
    "used": 782.26,
    "timestamp": 1765433882.0688322
  },
  "zj_email": {
    "quota": 875.0,
    "used": 0.0,
    "timestamp": 1765433905.3818066
  },
  "fks_email": {
    "quota": 875.0,
    "used": 0.0,
    "timestamp": 1765433928.006613
  },
  "dxh_email": {
    "quota": 875.0,
    "used": 0.0,
    "timestamp": 1765433949.7040007
  },
  "zhb_email": {
    "quota": 875.0,
    "used": 0.0,
    "timestamp": 1765433972.3222845
  },
  "linuxdo_84404_cookies": {
    "quota": 497.62,
    "used": 1152.38,
    "timestamp": 1765433980.962327
  },
  "linux_chuang_cookies": {
    "quota": 1350.0,
    "used": 0.0,
    "timestamp": 1765433989.946731
  },
  "linux_bwj_cookies": {
    "quota": 1350.0,
    "used": 0.0,
    "timestamp": 1765327756.8106296
  },
  "linux_devbai_cookies": {
    "quota": 1325.0,
    "used": 0.0,
    "timestamp": 1765434012.68163
  },
  "linux_Yeahnet_cookies": {
    "quota": 1325.0,
    "used": 0.0,
    "timestamp": 1765434021.2493112
  }
}