{
  "dctx_email": {
    "quota": 1012.94,
    "used": 2187.06,
    "timestamp": 1769516530.1089828
  },
  "ljq_email": {
    "quota": 1378.06,
    "used": 1722.03,
    "timestamp": 1769516553.3761394
  },
  "zc_email": {
    "quota": 853.26,
    "used": 2233.7,
    "timestamp": 1769516575.3157036
  },
  "zj_email": {
    "quota": 2050.0,
    "used": 0.0,
    "timestamp": 1769516658.2121077
  },
  "fks_email": {
    "quota": 2050.0,
    "used": 0.0,
    "timestamp": 1769516680.111122
  },
  "dxh_email": {
    "quota": 2050.0,
    "used": 0.0,
    "timestamp": 1769516701.8873925
  },
  "zhb_email": {
    "quota": 2050.0,
    "used": 0.0,
    "timestamp": 1769516723.839555
  },
  "linuxdo_84404_cookies": {
    "quota": 1168.12,
    "used": 1506.88,
    "timestamp": 1769516583.9687192
  },
  "linux_chuang_cookies": {
    "quota": 2316.86,
    "used": 58.14,
    "timestamp": 1768976425.9971125
  },
  "linux_bwj_cookies": {
    "quota": 475.04,
    "used": 1849.08,
    "timestamp": 1769516606.900401
  },
  "linux_devbai_cookies": {
    "quota": 435.41,
    "used": 1914.59,
    "timestamp": 1768976443.3059564
  },
  "linux_Yeahnet_cookies": {
    "quota": 563.26,
    "used": 1786.74,
    "timestamp": 1768976452.2607367
  }
}