{
  "dctx_email": {
    "quota": 1048.45,
    "used": 1151.55,
    "timestamp": 1766018576.66876
  },
  "ljq_email": {
    "quota": 378.06,
    "used": 1722.03,
    "timestamp": 1766018598.5291288
  },
  "zc_email": {
    "quota": 44.43,
    "used": 2042.53,
    "timestamp": 1766018620.1332827
  },
  "zj_email": {
    "quota": 1050.0,
    "used": 0.0,
    "timestamp": 1766018686.9654677
  },
  "fks_email": {
    "quota": 1050.0,
    "used": 0.0,
    "timestamp": 1766018708.2690928
  },
  "dxh_email": {
    "quota": 1050.0,
    "used": 0.0,
    "timestamp": 1766018731.1051028
  },
  "zhb_email": {
    "quota": 1050.0,
    "used": 0.0,
    "timestamp": 1766018752.7911236
  },
  "linuxdo_84404_cookies": {
    "quota": 622.62,
    "used": 1152.38,
    "timestamp": 1766018629.425048
  },
  "linux_chuang_cookies": {
    "quota": 1522.68,
    "used": 2.32,
    "timestamp": 1766018637.7773943
  },
  "linux_bwj_cookies": {
    "quota": 1500.0,
    "used": 0.0,
    "timestamp": 1766018646.6462219
  },
  "linux_devbai_cookies": {
    "quota": 1500.0,
    "used": 0.0,
    "timestamp": 1766018655.837937
  },
  "linux_Yeahnet_cookies": {
    "quota": 1500.0,
    "used": 0.0,
    "timestamp": 1766018665.0458133
  }
}