{
  "dctx_email": {
    "quota": 1002.07,
    "used": 2147.93,
    "timestamp": 1769321791.1575055
  },
  "ljq_email": {
    "quota": 1328.06,
    "used": 1722.03,
    "timestamp": 1769321812.4048142
  },
  "zc_email": {
    "quota": 803.26,
    "used": 2233.7,
    "timestamp": 1769321833.3987513
  },
  "zj_email": {
    "quota": 2000.0,
    "used": 0.0,
    "timestamp": 1769321915.6015103
  },
  "fks_email": {
    "quota": 2000.0,
    "used": 0.0,
    "timestamp": 1769321938.9175332
  },
  "dxh_email": {
    "quota": 2000.0,
    "used": 0.0,
    "timestamp": 1769321962.0087726
  },
  "zhb_email": {
    "quota": 2000.0,
    "used": 0.0,
    "timestamp": 1769321985.2756817
  },
  "linuxdo_84404_cookies": {
    "quota": 1118.12,
    "used": 1506.88,
    "timestamp": 1769321843.1755524
  },
  "linux_chuang_cookies": {
    "quota": 2316.86,
    "used": 58.14,
    "timestamp": 1768976425.9971125
  },
  "linux_bwj_cookies": {
    "quota": 425.04,
    "used": 1849.08,
    "timestamp": 1769321866.051508
  },
  "linux_devbai_cookies": {
    "quota": 435.41,
    "used": 1914.59,
    "timestamp": 1768976443.3059564
  },
  "linux_Yeahnet_cookies": {
    "quota": 563.26,
    "used": 1786.74,
    "timestamp": 1768976452.2607367
  }
}