{
  "dctx_email": {
    "quota": 566.54,
    "used": 3108.75,
    "timestamp": 1771179533.349002
  },
  "ljq_email": {
    "quota": 1086.86,
    "used": 2488.22,
    "timestamp": 1771179555.7285829
  },
  "zc_email": {
    "quota": 1341.3,
    "used": 2233.7,
    "timestamp": 1771179577.606798
  },
  "zj_email": {
    "quota": 2525.0,
    "used": 0.0,
    "timestamp": 1771179655.8553288
  },
  "fks_email": {
    "quota": 2525.0,
    "used": 0.0,
    "timestamp": 1771179679.00032
  },
  "dxh_email": {
    "quota": 2525.0,
    "used": 0.0,
    "timestamp": 1771179701.694024
  },
  "zhb_email": {
    "quota": 2525.0,
    "used": 0.0,
    "timestamp": 1771179723.841289
  },
  "linuxdo_84404_cookies": {
    "quota": 1118.32,
    "used": 2006.68,
    "timestamp": 1771050641.8473558
  },
  "linux_chuang_cookies": {
    "quota": 2650.44,
    "used": 199.56,
    "timestamp": 1771179600.728344
  },
  "linux_bwj_cookies": {
    "quota": 925.92,
    "used": 1849.08,
    "timestamp": 1771050659.1261163
  },
  "linux_devbai_cookies": {
    "quota": 910.41,
    "used": 1914.59,
    "timestamp": 1771179623.5135393
  },
  "linux_Yeahnet_cookies": {
    "quota": 1038.26,
    "used": 1786.74,
    "timestamp": 1771179632.7031083
  }
}