{
  "dctx_email": {
    "quota": 474.06,
    "used": 1150.94,
    "timestamp": 1764051390.016631
  },
  "ljq_email": {
    "quota": 1305.4,
    "used": 219.37,
    "timestamp": 1764051410.4302182
  },
  "zc_email": {
    "quota": 1270.42,
    "used": 254.58,
    "timestamp": 1764051432.6895952
  },
  "zj_email": {
    "quota": 475.0,
    "used": 0.0,
    "timestamp": 1764051455.3902276
  },
  "fks_email": {
    "quota": 475.0,
    "used": 0.0,
    "timestamp": 1764051478.876168
  },
  "dxh_email": {
    "quota": 475.0,
    "used": 0.0,
    "timestamp": 1764051502.2633564
  },
  "zhb_email": {
    "quota": 475.0,
    "used": 0.0,
    "timestamp": 1764051525.9168155
  },
  "linuxdo_84404_cookies": {
    "quota": 100.09,
    "used": 1149.91,
    "timestamp": 1764051534.1490242
  },
  "linux_chuang_cookies": {
    "quota": 950.0,
    "used": 0.0,
    "timestamp": 1764051542.7325056
  },
  "linux_bwj_cookies": {
    "quota": 975.0,
    "used": 0.0,
    "timestamp": 1764051550.9994237
  },
  "linux_devbai_cookies": {
    "quota": 925.0,
    "used": 0.0,
    "timestamp": 1764051559.549118
  },
  "linux_Yeahnet_cookies": {
    "quota": 925.0,
    "used": 0.0,
    "timestamp": 1764051569.3858395
  }
}