{
  "dctx_email": {
    "quota": 491.54,
    "used": 3108.75,
    "timestamp": 1770878837.2611678
  },
  "ljq_email": {
    "quota": 1246.54,
    "used": 2253.54,
    "timestamp": 1770878858.493637
  },
  "zc_email": {
    "quota": 1266.3,
    "used": 2233.7,
    "timestamp": 1770878881.0718262
  },
  "zj_email": {
    "quota": 2450.0,
    "used": 0.0,
    "timestamp": 1770878950.102063
  },
  "fks_email": {
    "quota": 2450.0,
    "used": 0.0,
    "timestamp": 1770878973.095098
  },
  "dxh_email": {
    "quota": 2450.0,
    "used": 0.0,
    "timestamp": 1770878995.8126147
  },
  "zhb_email": {
    "quota": 2450.0,
    "used": 0.0,
    "timestamp": 1770879020.049297
  },
  "linuxdo_84404_cookies": {
    "quota": 1068.32,
    "used": 2006.68,
    "timestamp": 1770878890.1789844
  },
  "linux_chuang_cookies": {
    "quota": 2575.44,
    "used": 199.56,
    "timestamp": 1770878898.6422303
  },
  "linux_bwj_cookies": {
    "quota": 875.92,
    "used": 1849.08,
    "timestamp": 1770878907.4972284
  },
  "linux_devbai_cookies": {
    "quota": 835.41,
    "used": 1914.59,
    "timestamp": 1770878917.8020341
  },
  "linux_Yeahnet_cookies": {
    "quota": 963.26,
    "used": 1786.74,
    "timestamp": 1770878927.5337694
  }
}