{
  "dctx_email": {
    "quota": 511.37,
    "used": 2113.63,
    "timestamp": 1767550480.7882097
  },
  "ljq_email": {
    "quota": 803.06,
    "used": 1722.03,
    "timestamp": 1767550501.599165
  },
  "zc_email": {
    "quota": 310.56,
    "used": 2201.4,
    "timestamp": 1767550528.4506598
  },
  "zj_email": {
    "quota": 1475.0,
    "used": 0.0,
    "timestamp": 1767550604.3492157
  },
  "fks_email": {
    "quota": 1475.0,
    "used": 0.0,
    "timestamp": 1767550626.8247747
  },
  "dxh_email": {
    "quota": 1475.0,
    "used": 0.0,
    "timestamp": 1767550649.470413
  },
  "zhb_email": {
    "quota": 1475.0,
    "used": 0.0,
    "timestamp": 1767550673.8473346
  },
  "linuxdo_84404_cookies": {
    "quota": 1047.62,
    "used": 1152.38,
    "timestamp": 1767550539.3777173
  },
  "linux_chuang_cookies": {
    "quota": 1908.99,
    "used": 41.01,
    "timestamp": 1767550552.6480935
  },
  "linux_bwj_cookies": {
    "quota": 75.04,
    "used": 1849.08,
    "timestamp": 1767550562.1352172
  },
  "linux_devbai_cookies": {
    "quota": 1179.73,
    "used": 745.27,
    "timestamp": 1767550572.030752
  },
  "linux_Yeahnet_cookies": {
    "quota": 1925.0,
    "used": 0.0,
    "timestamp": 1767550581.5687048
  }
}