{
  "dctx_email": {
    "quota": 599.06,
    "used": 1150.94,
    "timestamp": 1764504984.4171548
  },
  "ljq_email": {
    "quota": 721.85,
    "used": 928.23,
    "timestamp": 1764505006.9152777
  },
  "zc_email": {
    "quota": 1395.11,
    "used": 254.89,
    "timestamp": 1764505027.9772418
  },
  "zj_email": {
    "quota": 600.0,
    "used": 0.0,
    "timestamp": 1764505050.3923256
  },
  "fks_email": {
    "quota": 600.0,
    "used": 0.0,
    "timestamp": 1764505074.4205399
  },
  "dxh_email": {
    "quota": 600.0,
    "used": 0.0,
    "timestamp": 1764505097.8160386
  },
  "zhb_email": {
    "quota": 600.0,
    "used": 0.0,
    "timestamp": 1764505120.8800108
  },
  "linuxdo_84404_cookies": {
    "quota": 225.06,
    "used": 1149.94,
    "timestamp": 1764505129.5228908
  },
  "linux_chuang_cookies": {
    "quota": 1075.0,
    "used": 0.0,
    "timestamp": 1764505137.3020813
  },
  "linux_bwj_cookies": {
    "quota": 1100.0,
    "used": 0.0,
    "timestamp": 1764505145.3507829
  },
  "linux_devbai_cookies": {
    "quota": 1050.0,
    "used": 0.0,
    "timestamp": 1764505153.0239887
  },
  "linux_Yeahnet_cookies": {
    "quota": 1050.0,
    "used": 0.0,
    "timestamp": 1764505160.610214
  }
}