{
  "dctx_email": {
    "quota": 774.06,
    "used": 1150.94,
    "timestamp": 1765109790.6221752
  },
  "ljq_email": {
    "quota": 103.06,
    "used": 1722.03,
    "timestamp": 1765109813.5172076
  },
  "zc_email": {
    "quota": 1501.5,
    "used": 323.5,
    "timestamp": 1765109836.552446
  },
  "zj_email": {
    "quota": 775.0,
    "used": 0.0,
    "timestamp": 1765109858.6005445
  },
  "fks_email": {
    "quota": 775.0,
    "used": 0.0,
    "timestamp": 1765109880.588878
  },
  "dxh_email": {
    "quota": 775.0,
    "used": 0.0,
    "timestamp": 1765109905.6385207
  },
  "zhb_email": {
    "quota": 775.0,
    "used": 0.0,
    "timestamp": 1765109929.0477202
  },
  "linuxdo_84404_cookies": {
    "quota": 397.62,
    "used": 1152.38,
    "timestamp": 1765109937.75302
  },
  "linux_chuang_cookies": {
    "quota": 1250.0,
    "used": 0.0,
    "timestamp": 1765109947.7612429
  },
  "linux_bwj_cookies": {
    "quota": 1275.0,
    "used": 0.0,
    "timestamp": 1765109957.7277892
  },
  "linux_devbai_cookies": {
    "quota": 1225.0,
    "used": 0.0,
    "timestamp": 1765109967.2343278
  },
  "linux_Yeahnet_cookies": {
    "quota": 1225.0,
    "used": 0.0,
    "timestamp": 1765109976.929103
  }
}