{
  "dctx_email": {
    "quota": 416.25,
    "used": 3108.75,
    "timestamp": 1770640663.8302913
  },
  "ljq_email": {
    "quota": 1686.09,
    "used": 1738.99,
    "timestamp": 1770640686.186908
  },
  "zc_email": {
    "quota": 1178.26,
    "used": 2233.7,
    "timestamp": 1770640707.183066
  },
  "zj_email": {
    "quota": 2375.0,
    "used": 0.0,
    "timestamp": 1770640773.9913788
  },
  "fks_email": {
    "quota": 2375.0,
    "used": 0.0,
    "timestamp": 1770640796.336344
  },
  "dxh_email": {
    "quota": 2375.0,
    "used": 0.0,
    "timestamp": 1770640818.5168102
  },
  "zhb_email": {
    "quota": 2375.0,
    "used": 0.0,
    "timestamp": 1770640841.8232238
  },
  "linuxdo_84404_cookies": {
    "quota": 993.32,
    "used": 2006.68,
    "timestamp": 1770640716.8683414
  },
  "linux_chuang_cookies": {
    "quota": 2500.44,
    "used": 199.56,
    "timestamp": 1770640724.747286
  },
  "linux_bwj_cookies": {
    "quota": 800.04,
    "used": 1849.08,
    "timestamp": 1770640734.648339
  },
  "linux_devbai_cookies": {
    "quota": 760.41,
    "used": 1914.59,
    "timestamp": 1770640743.242016
  },
  "linux_Yeahnet_cookies": {
    "quota": 888.26,
    "used": 1786.74,
    "timestamp": 1770640751.5043283
  }
}