{
  "dctx_email": {
    "quota": 836.37,
    "used": 2113.63,
    "timestamp": 1768652229.771674
  },
  "ljq_email": {
    "quota": 1128.06,
    "used": 1722.03,
    "timestamp": 1768652249.082668
  },
  "zc_email": {
    "quota": 603.26,
    "used": 2233.7,
    "timestamp": 1768652271.8837278
  },
  "zj_email": {
    "quota": 1800.0,
    "used": 0.0,
    "timestamp": 1768652349.1438022
  },
  "fks_email": {
    "quota": 1800.0,
    "used": 0.0,
    "timestamp": 1768652371.9823067
  },
  "dxh_email": {
    "quota": 1800.0,
    "used": 0.0,
    "timestamp": 1768652395.0173783
  },
  "zhb_email": {
    "quota": 1800.0,
    "used": 0.0,
    "timestamp": 1768652417.1211832
  },
  "linuxdo_84404_cookies": {
    "quota": 1322.62,
    "used": 1152.38,
    "timestamp": 1768437995.669237
  },
  "linux_chuang_cookies": {
    "quota": 2216.99,
    "used": 58.01,
    "timestamp": 1768652294.9223065
  },
  "linux_bwj_cookies": {
    "quota": 275.04,
    "used": 1849.08,
    "timestamp": 1768198878.508116
  },
  "linux_devbai_cookies": {
    "quota": 335.41,
    "used": 1914.59,
    "timestamp": 1768652316.3936517
  },
  "linux_Yeahnet_cookies": {
    "quota": 463.26,
    "used": 1786.74,
    "timestamp": 1768652325.4831965
  }
}