{
  "dctx_email": {
    "quota": 390.58,
    "used": 909.42,
    "timestamp": 1762921292.9574425
  },
  "ljq_email": {
    "quota": 1099.33,
    "used": 100.43,
    "timestamp": 1762921310.1294093
  },
  "zc_email": {
    "quota": 957.54,
    "used": 242.46,
    "timestamp": 1762921327.6285126
  }
}