{
  "dctx_email": {
    "quota": 566.54,
    "used": 3108.75,
    "timestamp": 1771137407.7285726
  },
  "ljq_email": {
    "quota": 1094.77,
    "used": 2480.31,
    "timestamp": 1771137428.6096222
  },
  "zc_email": {
    "quota": 1341.3,
    "used": 2233.7,
    "timestamp": 1771137450.7494285
  },
  "zj_email": {
    "quota": 2525.0,
    "used": 0.0,
    "timestamp": 1771137529.5121408
  },
  "fks_email": {
    "quota": 2525.0,
    "used": 0.0,
    "timestamp": 1771137552.6978307
  },
  "dxh_email": {
    "quota": 2525.0,
    "used": 0.0,
    "timestamp": 1771137575.796305
  },
  "zhb_email": {
    "quota": 2525.0,
    "used": 0.0,
    "timestamp": 1771137598.9358597
  },
  "linuxdo_84404_cookies": {
    "quota": 1118.32,
    "used": 2006.68,
    "timestamp": 1771050641.8473558
  },
  "linux_chuang_cookies": {
    "quota": 2650.44,
    "used": 199.56,
    "timestamp": 1771137472.1859818
  },
  "linux_bwj_cookies": {
    "quota": 925.92,
    "used": 1849.08,
    "timestamp": 1771050659.1261163
  },
  "linux_devbai_cookies": {
    "quota": 910.41,
    "used": 1914.59,
    "timestamp": 1771137495.8398647
  },
  "linux_Yeahnet_cookies": {
    "quota": 1038.26,
    "used": 1786.74,
    "timestamp": 1771137505.6679335
  }
}