{
  "dctx_email": {
    "quota": 741.54,
    "used": 3108.75,
    "timestamp": 1771784317.0027182
  },
  "ljq_email": {
    "quota": 749.03,
    "used": 3001.06,
    "timestamp": 1771784338.6749215
  },
  "zc_email": {
    "quota": 1516.13,
    "used": 2233.87,
    "timestamp": 1771784361.0781393
  },
  "zj_email": {
    "quota": 2700.0,
    "used": 0.0,
    "timestamp": 1771784430.5989313
  },
  "fks_email": {
    "quota": 2700.0,
    "used": 0.0,
    "timestamp": 1771784453.5000637
  },
  "dxh_email": {
    "quota": 2700.0,
    "used": 0.0,
    "timestamp": 1771784474.7055633
  },
  "zhb_email": {
    "quota": 2700.0,
    "used": 0.0,
    "timestamp": 1771784496.4579456
  },
  "linuxdo_84404_cookies": {
    "quota": 218.53,
    "used": 3006.47,
    "timestamp": 1771784370.8767347
  },
  "linux_chuang_cookies": {
    "quota": 2825.44,
    "used": 199.56,
    "timestamp": 1771784380.3212016
  },
  "linux_bwj_cookies": {
    "quota": 1000.92,
    "used": 1849.08,
    "timestamp": 1771784389.030277
  },
  "linux_devbai_cookies": {
    "quota": 1085.41,
    "used": 1914.59,
    "timestamp": 1771784398.2195165
  },
  "linux_Yeahnet_cookies": {
    "quota": 1213.26,
    "used": 1786.74,
    "timestamp": 1771784407.9642398
  }
}