{
  "dctx_email": {
    "quota": 923.45,
    "used": 1151.55,
    "timestamp": 1765628219.9140081
  },
  "ljq_email": {
    "quota": 253.06,
    "used": 1722.03,
    "timestamp": 1765628243.1657279
  },
  "zc_email": {
    "quota": 1078.78,
    "used": 883.19,
    "timestamp": 1765628264.3677373
  },
  "zj_email": {
    "quota": 925.0,
    "used": 0.0,
    "timestamp": 1765628336.1135473
  },
  "fks_email": {
    "quota": 925.0,
    "used": 0.0,
    "timestamp": 1765628358.2935185
  },
  "dxh_email": {
    "quota": 925.0,
    "used": 0.0,
    "timestamp": 1765628382.8560522
  },
  "zhb_email": {
    "quota": 925.0,
    "used": 0.0,
    "timestamp": 1765628406.6031227
  },
  "linuxdo_84404_cookies": {
    "quota": 547.62,
    "used": 1152.38,
    "timestamp": 1765606643.1339786
  },
  "linux_chuang_cookies": {
    "quota": 1397.68,
    "used": 2.32,
    "timestamp": 1765628287.3266642
  },
  "linux_bwj_cookies": {
    "quota": 1375.0,
    "used": 0.0,
    "timestamp": 1765628295.2892747
  },
  "linux_devbai_cookies": {
    "quota": 1375.0,
    "used": 0.0,
    "timestamp": 1765628303.813206
  },
  "linux_Yeahnet_cookies": {
    "quota": 1375.0,
    "used": 0.0,
    "timestamp": 1765628313.464315
  }
}