{
  "dctx_email": {
    "quota": 380.94,
    "used": 3094.06,
    "timestamp": 1770466858.9618046
  },
  "ljq_email": {
    "quota": 1653.06,
    "used": 1722.03,
    "timestamp": 1770466881.1662784
  },
  "zc_email": {
    "quota": 1128.26,
    "used": 2233.7,
    "timestamp": 1770466903.0801558
  },
  "zj_email": {
    "quota": 2325.0,
    "used": 0.0,
    "timestamp": 1770466978.5121276
  },
  "fks_email": {
    "quota": 2325.0,
    "used": 0.0,
    "timestamp": 1770467002.8603258
  },
  "dxh_email": {
    "quota": 2325.0,
    "used": 0.0,
    "timestamp": 1770467026.630431
  },
  "zhb_email": {
    "quota": 2325.0,
    "used": 0.0,
    "timestamp": 1770467051.5174992
  },
  "linuxdo_84404_cookies": {
    "quota": 1195.9,
    "used": 1754.1,
    "timestamp": 1770466914.35944
  },
  "linux_chuang_cookies": {
    "quota": 2450.44,
    "used": 199.56,
    "timestamp": 1770466924.6572795
  },
  "linux_bwj_cookies": {
    "quota": 750.04,
    "used": 1849.08,
    "timestamp": 1770466934.9810534
  },
  "linux_devbai_cookies": {
    "quota": 710.41,
    "used": 1914.59,
    "timestamp": 1770466945.4013662
  },
  "linux_Yeahnet_cookies": {
    "quota": 838.26,
    "used": 1786.74,
    "timestamp": 1770466954.3848317
  }
}