{
  "dctx_email": {
    "quota": 961.37,
    "used": 2113.63,
    "timestamp": 1769042956.975576
  },
  "ljq_email": {
    "quota": 1253.06,
    "used": 1722.03,
    "timestamp": 1769042978.6598055
  },
  "zc_email": {
    "quota": 728.26,
    "used": 2233.7,
    "timestamp": 1769043000.289028
  },
  "zj_email": {
    "quota": 1925.0,
    "used": 0.0,
    "timestamp": 1769043082.8354402
  },
  "fks_email": {
    "quota": 1925.0,
    "used": 0.0,
    "timestamp": 1769043105.8513536
  },
  "dxh_email": {
    "quota": 1925.0,
    "used": 0.0,
    "timestamp": 1769043128.8544204
  },
  "zhb_email": {
    "quota": 1925.0,
    "used": 0.0,
    "timestamp": 1769043153.3842034
  },
  "linuxdo_84404_cookies": {
    "quota": 1043.12,
    "used": 1506.88,
    "timestamp": 1769043009.4342527
  },
  "linux_chuang_cookies": {
    "quota": 2316.86,
    "used": 58.14,
    "timestamp": 1768976425.9971125
  },
  "linux_bwj_cookies": {
    "quota": 350.04,
    "used": 1849.08,
    "timestamp": 1769043032.3292983
  },
  "linux_devbai_cookies": {
    "quota": 435.41,
    "used": 1914.59,
    "timestamp": 1768976443.3059564
  },
  "linux_Yeahnet_cookies": {
    "quota": 563.26,
    "used": 1786.74,
    "timestamp": 1768976452.2607367
  }
}