{
  "dctx_email": {
    "quota": 749.06,
    "used": 1150.94,
    "timestamp": 1765023391.9795532
  },
  "ljq_email": {
    "quota": 78.06,
    "used": 1722.03,
    "timestamp": 1765023415.272765
  },
  "zc_email": {
    "quota": 1514.17,
    "used": 285.83,
    "timestamp": 1765023437.239737
  },
  "zj_email": {
    "quota": 750.0,
    "used": 0.0,
    "timestamp": 1765023459.4152424
  },
  "fks_email": {
    "quota": 750.0,
    "used": 0.0,
    "timestamp": 1765023482.7678688
  },
  "dxh_email": {
    "quota": 750.0,
    "used": 0.0,
    "timestamp": 1765023504.8825083
  },
  "zhb_email": {
    "quota": 750.0,
    "used": 0.0,
    "timestamp": 1765023528.5501308
  },
  "linuxdo_84404_cookies": {
    "quota": 372.62,
    "used": 1152.38,
    "timestamp": 1765023537.4940898
  },
  "linux_chuang_cookies": {
    "quota": 1225.0,
    "used": 0.0,
    "timestamp": 1765023546.5806293
  },
  "linux_bwj_cookies": {
    "quota": 1250.0,
    "used": 0.0,
    "timestamp": 1765023554.666312
  },
  "linux_devbai_cookies": {
    "quota": 1200.0,
    "used": 0.0,
    "timestamp": 1765023564.278332
  },
  "linux_Yeahnet_cookies": {
    "quota": 1200.0,
    "used": 0.0,
    "timestamp": 1765023572.8805726
  }
}