{
  "dctx_email": {
    "quota": 386.37,
    "used": 2113.63,
    "timestamp": 1767097201.5858486
  },
  "ljq_email": {
    "quota": 678.06,
    "used": 1722.03,
    "timestamp": 1767097223.8697016
  },
  "zc_email": {
    "quota": 200.23,
    "used": 2186.73,
    "timestamp": 1767097248.4408138
  },
  "zj_email": {
    "quota": 1350.0,
    "used": 0.0,
    "timestamp": 1767097323.067006
  },
  "fks_email": {
    "quota": 1350.0,
    "used": 0.0,
    "timestamp": 1767097347.6502368
  },
  "dxh_email": {
    "quota": 1350.0,
    "used": 0.0,
    "timestamp": 1767097371.7117794
  },
  "zhb_email": {
    "quota": 1350.0,
    "used": 0.0,
    "timestamp": 1767097396.0972328
  },
  "linuxdo_84404_cookies": {
    "quota": 922.62,
    "used": 1152.38,
    "timestamp": 1767097258.1293519
  },
  "linux_chuang_cookies": {
    "quota": 1812.86,
    "used": 12.14,
    "timestamp": 1767097268.4775777
  },
  "linux_bwj_cookies": {
    "quota": 366.66,
    "used": 1433.34,
    "timestamp": 1767097278.9874673
  },
  "linux_devbai_cookies": {
    "quota": 1800.0,
    "used": 0.0,
    "timestamp": 1767097288.4708664
  },
  "linux_Yeahnet_cookies": {
    "quota": 1800.0,
    "used": 0.0,
    "timestamp": 1767097298.6077125
  }
}