{
  "dctx_email": {
    "quota": 761.37,
    "used": 2113.63,
    "timestamp": 1768371469.5100079
  },
  "ljq_email": {
    "quota": 1053.06,
    "used": 1722.03,
    "timestamp": 1768371492.4024453
  },
  "zc_email": {
    "quota": 528.26,
    "used": 2233.7,
    "timestamp": 1768371514.0491605
  },
  "zj_email": {
    "quota": 1725.0,
    "used": 0.0,
    "timestamp": 1768371584.637406
  },
  "fks_email": {
    "quota": 1725.0,
    "used": 0.0,
    "timestamp": 1768371608.0145085
  },
  "dxh_email": {
    "quota": 1725.0,
    "used": 0.0,
    "timestamp": 1768371630.576719
  },
  "zhb_email": {
    "quota": 1725.0,
    "used": 0.0,
    "timestamp": 1768371654.2806685
  },
  "linuxdo_84404_cookies": {
    "quota": 1297.62,
    "used": 1152.38,
    "timestamp": 1768371523.2932606
  },
  "linux_chuang_cookies": {
    "quota": 2157.38,
    "used": 42.62,
    "timestamp": 1768371532.404854
  },
  "linux_bwj_cookies": {
    "quota": 275.04,
    "used": 1849.08,
    "timestamp": 1768198878.508116
  },
  "linux_devbai_cookies": {
    "quota": 260.41,
    "used": 1914.59,
    "timestamp": 1768371553.2061079
  },
  "linux_Yeahnet_cookies": {
    "quota": 450.6,
    "used": 1724.4,
    "timestamp": 1768371562.6329043
  }
}