{
  "dctx_email": {
    "quota": 399.06,
    "used": 1150.94,
    "timestamp": 1763835189.7720935
  },
  "ljq_email": {
    "quota": 1274.88,
    "used": 174.89,
    "timestamp": 1763835212.2449112
  },
  "zc_email": {
    "quota": 1195.42,
    "used": 254.58,
    "timestamp": 1763835234.0810683
  },
  "zj_email": {
    "quota": 400.0,
    "used": 0.0,
    "timestamp": 1763835256.9942617
  },
  "fks_email": {
    "quota": 400.0,
    "used": 0.0,
    "timestamp": 1763835279.678116
  },
  "dxh_email": {
    "quota": 400.0,
    "used": 0.0,
    "timestamp": 1763835303.188501
  },
  "zhb_email": {
    "quota": 400.0,
    "used": 0.0,
    "timestamp": 1763835325.1126807
  },
  "linuxdo_84404_cookies": {
    "quota": 25.09,
    "used": 1149.91,
    "timestamp": 1763835332.835808
  },
  "linux_chuang_cookies": {
    "quota": 875.0,
    "used": 0.0,
    "timestamp": 1763835340.483811
  },
  "linux_bwj_cookies": {
    "quota": 900.0,
    "used": 0.0,
    "timestamp": 1763835349.3324432
  },
  "linux_devbai_cookies": {
    "quota": 850.0,
    "used": 0.0,
    "timestamp": 1763835357.6827173
  },
  "linux_Yeahnet_cookies": {
    "quota": 850.0,
    "used": 0.0,
    "timestamp": 1763835366.069536
  }
}