{
  "dctx_email": {
    "quota": 986.05,
    "used": 2263.95,
    "timestamp": 1769711289.95949
  },
  "ljq_email": {
    "quota": 1428.06,
    "used": 1722.03,
    "timestamp": 1769711310.9107487
  },
  "zc_email": {
    "quota": 903.26,
    "used": 2233.7,
    "timestamp": 1769711333.3331506
  },
  "zj_email": {
    "quota": 2100.0,
    "used": 0.0,
    "timestamp": 1769711401.2111673
  },
  "fks_email": {
    "quota": 2100.0,
    "used": 0.0,
    "timestamp": 1769711424.7430704
  },
  "dxh_email": {
    "quota": 2100.0,
    "used": 0.0,
    "timestamp": 1769711447.4829428
  },
  "zhb_email": {
    "quota": 2100.0,
    "used": 0.0,
    "timestamp": 1769711471.08426
  },
  "linuxdo_84404_cookies": {
    "quota": 1218.12,
    "used": 1506.88,
    "timestamp": 1769711342.154939
  },
  "linux_chuang_cookies": {
    "quota": 2225.44,
    "used": 199.56,
    "timestamp": 1769711350.7059116
  },
  "linux_bwj_cookies": {
    "quota": 525.04,
    "used": 1849.08,
    "timestamp": 1769711360.3307889
  },
  "linux_devbai_cookies": {
    "quota": 485.41,
    "used": 1914.59,
    "timestamp": 1769711368.7804382
  },
  "linux_Yeahnet_cookies": {
    "quota": 613.26,
    "used": 1786.74,
    "timestamp": 1769711378.7626321
  }
}