{
  "dctx_email": {
    "quota": 816.54,
    "used": 3108.75,
    "timestamp": 1772002089.4967377
  },
  "ljq_email": {
    "quota": 822.92,
    "used": 3002.16,
    "timestamp": 1772002117.3556523
  },
  "zc_email": {
    "quota": 1591.13,
    "used": 2233.87,
    "timestamp": 1772002143.6746566
  },
  "zj_email": {
    "quota": 2775.0,
    "used": 0.0,
    "timestamp": 1772002262.378554
  },
  "fks_email": {
    "quota": 2775.0,
    "used": 0.0,
    "timestamp": 1772002290.7165759
  },
  "dxh_email": {
    "quota": 2775.0,
    "used": 0.0,
    "timestamp": 1772002313.8133953
  },
  "zhb_email": {
    "quota": 2775.0,
    "used": 0.0,
    "timestamp": 1771981649.0749173
  },
  "linuxdo_84404_cookies": {
    "quota": 293.53,
    "used": 3006.47,
    "timestamp": 1772002161.1612165
  },
  "linux_chuang_cookies": {
    "quota": 2900.44,
    "used": 199.56,
    "timestamp": 1772002177.6149306
  },
  "linux_bwj_cookies": {
    "quota": 1002.82,
    "used": 1922.18,
    "timestamp": 1772002197.634461
  },
  "linux_devbai_cookies": {
    "quota": 1160.41,
    "used": 1914.59,
    "timestamp": 1772002218.3787334
  },
  "linux_Yeahnet_cookies": {
    "quota": 1288.26,
    "used": 1786.74,
    "timestamp": 1772002234.3814883
  }
}