{
  "dctx_email": {
    "quota": 911.37,
    "used": 2113.63,
    "timestamp": 1768933167.6920166
  },
  "ljq_email": {
    "quota": 1203.06,
    "used": 1722.03,
    "timestamp": 1768933188.7240267
  },
  "zc_email": {
    "quota": 678.26,
    "used": 2233.7,
    "timestamp": 1768933210.7605755
  },
  "zj_email": {
    "quota": 1875.0,
    "used": 0.0,
    "timestamp": 1768933287.396713
  },
  "fks_email": {
    "quota": 1875.0,
    "used": 0.0,
    "timestamp": 1768933309.4133852
  },
  "dxh_email": {
    "quota": 1875.0,
    "used": 0.0,
    "timestamp": 1768933331.6438599
  },
  "zhb_email": {
    "quota": 1875.0,
    "used": 0.0,
    "timestamp": 1768933355.3179462
  },
  "linuxdo_84404_cookies": {
    "quota": 1322.62,
    "used": 1152.38,
    "timestamp": 1768437995.669237
  },
  "linux_chuang_cookies": {
    "quota": 2291.86,
    "used": 58.14,
    "timestamp": 1768933233.6475873
  },
  "linux_bwj_cookies": {
    "quota": 275.04,
    "used": 1849.08,
    "timestamp": 1768198878.508116
  },
  "linux_devbai_cookies": {
    "quota": 410.41,
    "used": 1914.59,
    "timestamp": 1768933255.91561
  },
  "linux_Yeahnet_cookies": {
    "quota": 538.26,
    "used": 1786.74,
    "timestamp": 1768933265.0775032
  }
}