{
  "dctx_email": {
    "quota": 361.37,
    "used": 2113.63,
    "timestamp": 1767032161.1138327
  },
  "ljq_email": {
    "quota": 653.06,
    "used": 1722.03,
    "timestamp": 1767032183.1958475
  },
  "zc_email": {
    "quota": 175.23,
    "used": 2186.73,
    "timestamp": 1767032204.2007778
  },
  "zj_email": {
    "quota": 1325.0,
    "used": 0.0,
    "timestamp": 1767032271.124388
  },
  "fks_email": {
    "quota": 1325.0,
    "used": 0.0,
    "timestamp": 1767032293.28855
  },
  "dxh_email": {
    "quota": 1325.0,
    "used": 0.0,
    "timestamp": 1767032315.7596834
  },
  "zhb_email": {
    "quota": 1325.0,
    "used": 0.0,
    "timestamp": 1767032338.2959962
  },
  "linuxdo_84404_cookies": {
    "quota": 897.62,
    "used": 1152.38,
    "timestamp": 1767032213.3303905
  },
  "linux_chuang_cookies": {
    "quota": 1787.86,
    "used": 12.14,
    "timestamp": 1767032221.6843288
  },
  "linux_bwj_cookies": {
    "quota": 514.52,
    "used": 1260.48,
    "timestamp": 1767032230.9454463
  },
  "linux_devbai_cookies": {
    "quota": 1775.0,
    "used": 0.0,
    "timestamp": 1767032239.7022998
  },
  "linux_Yeahnet_cookies": {
    "quota": 1775.0,
    "used": 0.0,
    "timestamp": 1767032248.3805842
  }
}