{
  "dctx_email": {
    "quota": 286.37,
    "used": 2113.63,
    "timestamp": 1766709995.0377338
  },
  "ljq_email": {
    "quota": 578.06,
    "used": 1722.03,
    "timestamp": 1766710016.8160098
  },
  "zc_email": {
    "quota": 142.62,
    "used": 2144.34,
    "timestamp": 1766710038.3248188
  },
  "zj_email": {
    "quota": 1250.0,
    "used": 0.0,
    "timestamp": 1766710101.6504102
  },
  "fks_email": {
    "quota": 1250.0,
    "used": 0.0,
    "timestamp": 1766710123.297222
  },
  "dxh_email": {
    "quota": 1250.0,
    "used": 0.0,
    "timestamp": 1766710146.035002
  },
  "zhb_email": {
    "quota": 1250.0,
    "used": 0.0,
    "timestamp": 1766710168.0154784
  },
  "linuxdo_84404_cookies": {
    "quota": 822.62,
    "used": 1152.38,
    "timestamp": 1766710046.2364602
  },
  "linux_chuang_cookies": {
    "quota": 1714.5,
    "used": 10.5,
    "timestamp": 1766710055.2856348
  },
  "linux_bwj_cookies": {
    "quota": 1586.62,
    "used": 113.38,
    "timestamp": 1766710063.0545306
  },
  "linux_devbai_cookies": {
    "quota": 1700.0,
    "used": 0.0,
    "timestamp": 1766710070.4188397
  },
  "linux_Yeahnet_cookies": {
    "quota": 1700.0,
    "used": 0.0,
    "timestamp": 1766710079.3225372
  },
  "AnyRouter主账号_cookies": {
    "quota": 989.06,
    "used": 10.94,
    "timestamp": 1767058189.683656
  }
}