{
  "dctx_email": {
    "quota": 374.06,
    "used": 1150.94,
    "timestamp": 1763727468.397329
  },
  "ljq_email": {
    "quota": 1313.28,
    "used": 111.49,
    "timestamp": 1763727490.3186626
  },
  "zc_email": {
    "quota": 1170.42,
    "used": 254.58,
    "timestamp": 1763727512.1937056
  },
  "zj_email": {
    "quota": 375.0,
    "used": 0.0,
    "timestamp": 1763727534.3965294
  },
  "fks_email": {
    "quota": 375.0,
    "used": 0.0,
    "timestamp": 1763727555.9081695
  },
  "dxh_email": {
    "quota": 375.0,
    "used": 0.0,
    "timestamp": 1763727578.6457436
  },
  "zhb_email": {
    "quota": 375.0,
    "used": 0.0,
    "timestamp": 1763727602.335666
  }
}