{
  "dctx_email": {
    "quota": 324.06,
    "used": 1150.94,
    "timestamp": 1763532941.6212018
  },
  "ljq_email": {
    "quota": 1274.33,
    "used": 100.43,
    "timestamp": 1763532965.818254
  },
  "zc_email": {
    "quota": 1120.42,
    "used": 254.58,
    "timestamp": 1763532989.7542703
  },
  "zj_email": {
    "quota": 325.0,
    "used": 0.0,
    "timestamp": 1763533032.14447
  },
  "fks_email": {
    "quota": 325.0,
    "used": 0.0,
    "timestamp": 1763533056.2148967
  },
  "dxh_email": {
    "quota": 325.0,
    "used": 0.0,
    "timestamp": 1763533079.2010746
  },
  "zhb_email": {
    "quota": 325.0,
    "used": 0.0,
    "timestamp": 1763533102.7104106
  }
}