{
  "dctx_email": {
    "quota": 536.37,
    "used": 2113.63,
    "timestamp": 1767615622.0584373
  },
  "ljq_email": {
    "quota": 828.06,
    "used": 1722.03,
    "timestamp": 1767615643.4778214
  },
  "zc_email": {
    "quota": 320.56,
    "used": 2216.4,
    "timestamp": 1767615664.018514
  },
  "zj_email": {
    "quota": 1500.0,
    "used": 0.0,
    "timestamp": 1767615726.2832932
  },
  "fks_email": {
    "quota": 1500.0,
    "used": 0.0,
    "timestamp": 1767615748.8373156
  },
  "dxh_email": {
    "quota": 1500.0,
    "used": 0.0,
    "timestamp": 1767615771.7025135
  },
  "zhb_email": {
    "quota": 1500.0,
    "used": 0.0,
    "timestamp": 1767615794.630302
  },
  "linuxdo_84404_cookies": {
    "quota": 1072.62,
    "used": 1152.38,
    "timestamp": 1767615671.7227247
  },
  "linux_chuang_cookies": {
    "quota": 1933.99,
    "used": 41.01,
    "timestamp": 1767615679.8082209
  },
  "linux_bwj_cookies": {
    "quota": 100.04,
    "used": 1849.08,
    "timestamp": 1767615687.4783256
  },
  "linux_devbai_cookies": {
    "quota": 981.98,
    "used": 968.02,
    "timestamp": 1767615696.1429574
  },
  "linux_Yeahnet_cookies": {
    "quota": 1950.0,
    "used": 0.0,
    "timestamp": 1767615705.005637
  }
}