{
  "dctx_email": {
    "quota": 916.54,
    "used": 3108.75,
    "timestamp": 1772389012.462555
  },
  "ljq_email": {
    "quota": 413.84,
    "used": 3511.25,
    "timestamp": 1772389033.826821
  },
  "zc_email": {
    "quota": 1691.13,
    "used": 2233.87,
    "timestamp": 1772389056.5947216
  },
  "zj_email": {
    "quota": 2875.0,
    "used": 0.0,
    "timestamp": 1772389122.303746
  },
  "fks_email": {
    "quota": 2875.0,
    "used": 0.0,
    "timestamp": 1772389143.7701812
  },
  "dxh_email": {
    "quota": 2875.0,
    "used": 0.0,
    "timestamp": 1772389170.087083
  },
  "zhb_email": {
    "quota": 2875.0,
    "used": 0.0,
    "timestamp": 1772389193.2996914
  },
  "linuxdo_84404_cookies": {
    "quota": 393.53,
    "used": 3006.47,
    "timestamp": 1772389064.6831803
  },
  "linux_chuang_cookies": {
    "quota": 3000.44,
    "used": 199.56,
    "timestamp": 1772389074.0653427
  },
  "linux_bwj_cookies": {
    "quota": 941.16,
    "used": 2083.84,
    "timestamp": 1772389082.5225103
  },
  "linux_devbai_cookies": {
    "quota": 1260.41,
    "used": 1914.59,
    "timestamp": 1772389091.244337
  },
  "linux_Yeahnet_cookies": {
    "quota": 1388.26,
    "used": 1786.74,
    "timestamp": 1772389099.8677344
  }
}