{
  "dctx_email": {
    "quota": 336.37,
    "used": 2113.63,
    "timestamp": 1766902531.0054185
  },
  "ljq_email": {
    "quota": 628.06,
    "used": 1722.03,
    "timestamp": 1766902552.2379525
  },
  "zc_email": {
    "quota": 171.74,
    "used": 2165.22,
    "timestamp": 1766902573.1871428
  },
  "zj_email": {
    "quota": 1300.0,
    "used": 0.0,
    "timestamp": 1766902638.4444318
  },
  "fks_email": {
    "quota": 1300.0,
    "used": 0.0,
    "timestamp": 1766902660.6632764
  },
  "dxh_email": {
    "quota": 1300.0,
    "used": 0.0,
    "timestamp": 1766902683.4245095
  },
  "zhb_email": {
    "quota": 1300.0,
    "used": 0.0,
    "timestamp": 1766902706.2244034
  },
  "linuxdo_84404_cookies": {
    "quota": 872.62,
    "used": 1152.38,
    "timestamp": 1766902581.435489
  },
  "linux_chuang_cookies": {
    "quota": 1762.86,
    "used": 12.14,
    "timestamp": 1766902591.0113702
  },
  "linux_bwj_cookies": {
    "quota": 848.09,
    "used": 901.91,
    "timestamp": 1766902599.5520692
  },
  "linux_devbai_cookies": {
    "quota": 1750.0,
    "used": 0.0,
    "timestamp": 1766902608.7262213
  },
  "linux_Yeahnet_cookies": {
    "quota": 1750.0,
    "used": 0.0,
    "timestamp": 1766902616.5358996
  }
}