{
  "dctx_email": {
    "quota": 724.06,
    "used": 1150.94,
    "timestamp": 1764958427.4815176
  },
  "ljq_email": {
    "quota": 53.06,
    "used": 1722.03,
    "timestamp": 1764958449.6093745
  },
  "zc_email": {
    "quota": 1495.11,
    "used": 279.89,
    "timestamp": 1764958471.7967722
  },
  "zj_email": {
    "quota": 725.0,
    "used": 0.0,
    "timestamp": 1764958494.7119331
  },
  "fks_email": {
    "quota": 725.0,
    "used": 0.0,
    "timestamp": 1764958517.5695899
  },
  "dxh_email": {
    "quota": 725.0,
    "used": 0.0,
    "timestamp": 1764958539.8892457
  },
  "zhb_email": {
    "quota": 725.0,
    "used": 0.0,
    "timestamp": 1764958563.5281377
  },
  "linuxdo_84404_cookies": {
    "quota": 347.62,
    "used": 1152.38,
    "timestamp": 1764958572.471184
  },
  "linux_chuang_cookies": {
    "quota": 1200.0,
    "used": 0.0,
    "timestamp": 1764958580.4717588
  },
  "linux_bwj_cookies": {
    "quota": 1225.0,
    "used": 0.0,
    "timestamp": 1764958588.6951795
  },
  "linux_devbai_cookies": {
    "quota": 1175.0,
    "used": 0.0,
    "timestamp": 1764958598.7252245
  },
  "linux_Yeahnet_cookies": {
    "quota": 1175.0,
    "used": 0.0,
    "timestamp": 1764958606.4442093
  }
}