{
  "dctx_email": {
    "quota": 666.54,
    "used": 3108.75,
    "timestamp": 1771483482.075102
  },
  "ljq_email": {
    "quota": 1146.47,
    "used": 2528.62,
    "timestamp": 1771483505.6724095
  },
  "zc_email": {
    "quota": 1441.3,
    "used": 2233.7,
    "timestamp": 1771483527.971963
  },
  "zj_email": {
    "quota": 2625.0,
    "used": 0.0,
    "timestamp": 1771483604.8829653
  },
  "fks_email": {
    "quota": 2625.0,
    "used": 0.0,
    "timestamp": 1771483627.0583344
  },
  "dxh_email": {
    "quota": 2625.0,
    "used": 0.0,
    "timestamp": 1771483650.2339723
  },
  "zhb_email": {
    "quota": 2625.0,
    "used": 0.0,
    "timestamp": 1771483673.9437635
  },
  "linuxdo_84404_cookies": {
    "quota": 1118.32,
    "used": 2006.68,
    "timestamp": 1771050641.8473558
  },
  "linux_chuang_cookies": {
    "quota": 2750.44,
    "used": 199.56,
    "timestamp": 1771483551.7340977
  },
  "linux_bwj_cookies": {
    "quota": 925.92,
    "used": 1849.08,
    "timestamp": 1771050659.1261163
  },
  "linux_devbai_cookies": {
    "quota": 1010.41,
    "used": 1914.59,
    "timestamp": 1771483573.4059744
  },
  "linux_Yeahnet_cookies": {
    "quota": 1138.26,
    "used": 1786.74,
    "timestamp": 1771483582.1663234
  }
}