{
  "dctx_email": {
    "quota": 641.54,
    "used": 3108.75,
    "timestamp": 1771397184.1414714
  },
  "ljq_email": {
    "quota": 1127.87,
    "used": 2522.22,
    "timestamp": 1771397204.6005752
  },
  "zc_email": {
    "quota": 1416.3,
    "used": 2233.7,
    "timestamp": 1771397225.4404793
  },
  "zj_email": {
    "quota": 2600.0,
    "used": 0.0,
    "timestamp": 1771397303.2712584
  },
  "fks_email": {
    "quota": 2600.0,
    "used": 0.0,
    "timestamp": 1771397326.6145494
  },
  "dxh_email": {
    "quota": 2600.0,
    "used": 0.0,
    "timestamp": 1771397350.0396557
  },
  "zhb_email": {
    "quota": 2600.0,
    "used": 0.0,
    "timestamp": 1771397372.3231578
  },
  "linuxdo_84404_cookies": {
    "quota": 1118.32,
    "used": 2006.68,
    "timestamp": 1771050641.8473558
  },
  "linux_chuang_cookies": {
    "quota": 2725.44,
    "used": 199.56,
    "timestamp": 1771397248.8216722
  },
  "linux_bwj_cookies": {
    "quota": 925.92,
    "used": 1849.08,
    "timestamp": 1771050659.1261163
  },
  "linux_devbai_cookies": {
    "quota": 985.41,
    "used": 1914.59,
    "timestamp": 1771397272.9005833
  },
  "linux_Yeahnet_cookies": {
    "quota": 1113.26,
    "used": 1786.74,
    "timestamp": 1771397280.4598806
  }
}