{
  "dctx_email": {
    "quota": 449.06,
    "used": 1150.94,
    "timestamp": 1763986757.2754095
  },
  "ljq_email": {
    "quota": 1293.94,
    "used": 205.82,
    "timestamp": 1763986778.2826595
  },
  "zc_email": {
    "quota": 1245.42,
    "used": 254.58,
    "timestamp": 1763986799.088913
  },
  "zj_email": {
    "quota": 450.0,
    "used": 0.0,
    "timestamp": 1763986821.2457318
  },
  "fks_email": {
    "quota": 450.0,
    "used": 0.0,
    "timestamp": 1763986845.9788535
  },
  "dxh_email": {
    "quota": 450.0,
    "used": 0.0,
    "timestamp": 1763986868.0377314
  },
  "zhb_email": {
    "quota": 450.0,
    "used": 0.0,
    "timestamp": 1763986888.5683808
  },
  "linuxdo_84404_cookies": {
    "quota": 75.09,
    "used": 1149.91,
    "timestamp": 1763986896.9984663
  },
  "linux_chuang_cookies": {
    "quota": 925.0,
    "used": 0.0,
    "timestamp": 1763986906.0324419
  },
  "linux_bwj_cookies": {
    "quota": 950.0,
    "used": 0.0,
    "timestamp": 1763986914.823939
  },
  "linux_devbai_cookies": {
    "quota": 900.0,
    "used": 0.0,
    "timestamp": 1763986924.0452645
  },
  "linux_Yeahnet_cookies": {
    "quota": 900.0,
    "used": 0.0,
    "timestamp": 1763986932.5888731
  }
}