{
  "dctx_email": {
    "quota": 574.06,
    "used": 1150.94,
    "timestamp": 1764396861.8561096
  },
  "ljq_email": {
    "quota": 839.86,
    "used": 784.91,
    "timestamp": 1764396885.3337052
  },
  "zc_email": {
    "quota": 1370.11,
    "used": 254.89,
    "timestamp": 1764396907.373549
  },
  "zj_email": {
    "quota": 575.0,
    "used": 0.0,
    "timestamp": 1764396931.5999558
  },
  "fks_email": {
    "quota": 575.0,
    "used": 0.0,
    "timestamp": 1764396955.3526478
  },
  "dxh_email": {
    "quota": 575.0,
    "used": 0.0,
    "timestamp": 1764396978.8136742
  },
  "zhb_email": {
    "quota": 575.0,
    "used": 0.0,
    "timestamp": 1764397002.5132177
  },
  "linuxdo_84404_cookies": {
    "quota": 200.06,
    "used": 1149.94,
    "timestamp": 1764397010.6235986
  },
  "linux_chuang_cookies": {
    "quota": 1050.0,
    "used": 0.0,
    "timestamp": 1764397020.6808088
  },
  "linux_bwj_cookies": {
    "quota": 1075.0,
    "used": 0.0,
    "timestamp": 1764397030.771327
  },
  "linux_devbai_cookies": {
    "quota": 1025.0,
    "used": 0.0,
    "timestamp": 1764397039.1430385
  },
  "linux_Yeahnet_cookies": {
    "quota": 1025.0,
    "used": 0.0,
    "timestamp": 1764397048.9195073
  }
}