{
  "dctx_email": {
    "quota": 594.69,
    "used": 1705.31,
    "timestamp": 1766427339.2871437
  },
  "ljq_email": {
    "quota": 478.06,
    "used": 1722.03,
    "timestamp": 1766427361.2657526
  },
  "zc_email": {
    "quota": 68.94,
    "used": 2118.02,
    "timestamp": 1766427382.9320996
  },
  "zj_email": {
    "quota": 1150.0,
    "used": 0.0,
    "timestamp": 1766427450.6056147
  },
  "fks_email": {
    "quota": 1150.0,
    "used": 0.0,
    "timestamp": 1766427473.720607
  },
  "dxh_email": {
    "quota": 1150.0,
    "used": 0.0,
    "timestamp": 1766427497.724785
  },
  "zhb_email": {
    "quota": 1150.0,
    "used": 0.0,
    "timestamp": 1766427521.5110712
  },
  "linuxdo_84404_cookies": {
    "quota": 722.62,
    "used": 1152.38,
    "timestamp": 1766427392.459771
  },
  "linux_chuang_cookies": {
    "quota": 1614.5,
    "used": 10.5,
    "timestamp": 1766427401.7260516
  },
  "linux_bwj_cookies": {
    "quota": 1600.0,
    "used": 0.0,
    "timestamp": 1766427409.8497026
  },
  "linux_devbai_cookies": {
    "quota": 1600.0,
    "used": 0.0,
    "timestamp": 1766427418.251424
  },
  "linux_Yeahnet_cookies": {
    "quota": 1600.0,
    "used": 0.0,
    "timestamp": 1766427427.134727
  }
}