{
  "dctx_email": {
    "quota": 841.54,
    "used": 3108.75,
    "timestamp": 1772130932.2281554
  },
  "ljq_email": {
    "quota": 816.96,
    "used": 3033.12,
    "timestamp": 1772130953.5799973
  },
  "zc_email": {
    "quota": 1616.13,
    "used": 2233.87,
    "timestamp": 1772130975.2575212
  },
  "zj_email": {
    "quota": 2800.0,
    "used": 0.0,
    "timestamp": 1772131040.701778
  },
  "fks_email": {
    "quota": 2800.0,
    "used": 0.0,
    "timestamp": 1772131064.483279
  },
  "dxh_email": {
    "quota": 2800.0,
    "used": 0.0,
    "timestamp": 1772131086.910698
  },
  "zhb_email": {
    "quota": 2800.0,
    "used": 0.0,
    "timestamp": 1772131109.3009686
  },
  "linuxdo_84404_cookies": {
    "quota": 318.53,
    "used": 3006.47,
    "timestamp": 1772130984.6088712
  },
  "linux_chuang_cookies": {
    "quota": 2925.44,
    "used": 199.56,
    "timestamp": 1772130993.0089948
  },
  "linux_bwj_cookies": {
    "quota": 1018.63,
    "used": 1931.37,
    "timestamp": 1772131002.039605
  },
  "linux_devbai_cookies": {
    "quota": 1185.41,
    "used": 1914.59,
    "timestamp": 1772131010.8627286
  },
  "linux_Yeahnet_cookies": {
    "quota": 1313.26,
    "used": 1786.74,
    "timestamp": 1772131019.2938704
  }
}