{
  "dctx_email": {
    "quota": 474.06,
    "used": 1150.94,
    "timestamp": 1764094534.5432944
  },
  "ljq_email": {
    "quota": 1260.6,
    "used": 264.16,
    "timestamp": 1764094555.9793372
  },
  "zc_email": {
    "quota": 1270.42,
    "used": 254.58,
    "timestamp": 1764094576.8386471
  },
  "zj_email": {
    "quota": 475.0,
    "used": 0.0,
    "timestamp": 1764094599.4621916
  },
  "fks_email": {
    "quota": 475.0,
    "used": 0.0,
    "timestamp": 1764094622.3411067
  },
  "dxh_email": {
    "quota": 475.0,
    "used": 0.0,
    "timestamp": 1764094644.0702188
  },
  "zhb_email": {
    "quota": 475.0,
    "used": 0.0,
    "timestamp": 1764094665.7128692
  },
  "linuxdo_84404_cookies": {
    "quota": 100.09,
    "used": 1149.91,
    "timestamp": 1764094674.4273562
  },
  "linux_chuang_cookies": {
    "quota": 950.0,
    "used": 0.0,
    "timestamp": 1764094682.6410692
  },
  "linux_bwj_cookies": {
    "quota": 975.0,
    "used": 0.0,
    "timestamp": 1764094691.4606066
  },
  "linux_devbai_cookies": {
    "quota": 925.0,
    "used": 0.0,
    "timestamp": 1764094700.0437787
  },
  "linux_Yeahnet_cookies": {
    "quota": 925.0,
    "used": 0.0,
    "timestamp": 1764094709.5537007
  }
}