{
  "dctx_email": {
    "quota": 579.88,
    "used": 2845.12,
    "timestamp": 1770273721.6827073
  },
  "ljq_email": {
    "quota": 1603.06,
    "used": 1722.03,
    "timestamp": 1770273743.3699236
  },
  "zc_email": {
    "quota": 1078.26,
    "used": 2233.7,
    "timestamp": 1770273765.16387
  },
  "zj_email": {
    "quota": 2275.0,
    "used": 0.0,
    "timestamp": 1770273832.0364118
  },
  "fks_email": {
    "quota": 2275.0,
    "used": 0.0,
    "timestamp": 1770273855.3280184
  },
  "dxh_email": {
    "quota": 2275.0,
    "used": 0.0,
    "timestamp": 1770273876.5488591
  },
  "zhb_email": {
    "quota": 2275.0,
    "used": 0.0,
    "timestamp": 1770273898.991507
  },
  "linuxdo_84404_cookies": {
    "quota": 1393.12,
    "used": 1506.88,
    "timestamp": 1770273774.432263
  },
  "linux_chuang_cookies": {
    "quota": 2400.44,
    "used": 199.56,
    "timestamp": 1770273783.1188798
  },
  "linux_bwj_cookies": {
    "quota": 700.04,
    "used": 1849.08,
    "timestamp": 1770273791.2160819
  },
  "linux_devbai_cookies": {
    "quota": 660.41,
    "used": 1914.59,
    "timestamp": 1770273799.902962
  },
  "linux_Yeahnet_cookies": {
    "quota": 788.26,
    "used": 1786.74,
    "timestamp": 1770273808.8353748
  }
}