{
  "dctx_email": {
    "quota": 583.29,
    "used": 1741.71,
    "timestamp": 1766470634.8348281
  },
  "ljq_email": {
    "quota": 503.06,
    "used": 1722.03,
    "timestamp": 1766470656.518189
  },
  "zc_email": {
    "quota": 93.94,
    "used": 2118.02,
    "timestamp": 1766470679.5153942
  },
  "zj_email": {
    "quota": 1175.0,
    "used": 0.0,
    "timestamp": 1766470749.4418538
  },
  "fks_email": {
    "quota": 1175.0,
    "used": 0.0,
    "timestamp": 1766470771.1600459
  },
  "dxh_email": {
    "quota": 1175.0,
    "used": 0.0,
    "timestamp": 1766470794.5082662
  },
  "zhb_email": {
    "quota": 1175.0,
    "used": 0.0,
    "timestamp": 1766470819.7516253
  },
  "linuxdo_84404_cookies": {
    "quota": 747.62,
    "used": 1152.38,
    "timestamp": 1766470688.2244236
  },
  "linux_chuang_cookies": {
    "quota": 1639.5,
    "used": 10.5,
    "timestamp": 1766470697.1355968
  },
  "linux_bwj_cookies": {
    "quota": 1625.0,
    "used": 0.0,
    "timestamp": 1766470706.8977563
  },
  "linux_devbai_cookies": {
    "quota": 1625.0,
    "used": 0.0,
    "timestamp": 1766470716.6064463
  },
  "linux_Yeahnet_cookies": {
    "quota": 1625.0,
    "used": 0.0,
    "timestamp": 1766470725.3069897
  }
}