{
  "dctx_email": {
    "quota": 816.54,
    "used": 3108.75,
    "timestamp": 1772045219.3816752
  },
  "ljq_email": {
    "quota": 822.92,
    "used": 3002.16,
    "timestamp": 1772045240.6180995
  },
  "zc_email": {
    "quota": 1591.13,
    "used": 2233.87,
    "timestamp": 1772045262.0429
  },
  "zj_email": {
    "quota": 2775.0,
    "used": 0.0,
    "timestamp": 1772045325.8692632
  },
  "fks_email": {
    "quota": 2775.0,
    "used": 0.0,
    "timestamp": 1772045349.4330301
  },
  "dxh_email": {
    "quota": 2775.0,
    "used": 0.0,
    "timestamp": 1772045371.1559734
  },
  "zhb_email": {
    "quota": 2775.0,
    "used": 0.0,
    "timestamp": 1772045393.7940347
  },
  "linuxdo_84404_cookies": {
    "quota": 293.53,
    "used": 3006.47,
    "timestamp": 1772045270.415526
  },
  "linux_chuang_cookies": {
    "quota": 2900.44,
    "used": 199.56,
    "timestamp": 1772045279.6792934
  },
  "linux_bwj_cookies": {
    "quota": 999.46,
    "used": 1925.54,
    "timestamp": 1772045287.315654
  },
  "linux_devbai_cookies": {
    "quota": 1160.41,
    "used": 1914.59,
    "timestamp": 1772045295.7316394
  },
  "linux_Yeahnet_cookies": {
    "quota": 1288.26,
    "used": 1786.74,
    "timestamp": 1772045303.9318554
  }
}