{
  "dctx_email": {
    "quota": 513.82,
    "used": 1811.18,
    "timestamp": 1766492397.2049224
  },
  "ljq_email": {
    "quota": 503.06,
    "used": 1722.03,
    "timestamp": 1766492419.2532537
  },
  "zc_email": {
    "quota": 78.57,
    "used": 2133.39,
    "timestamp": 1766492440.753165
  },
  "zj_email": {
    "quota": 1175.0,
    "used": 0.0,
    "timestamp": 1766492510.6548543
  },
  "fks_email": {
    "quota": 1175.0,
    "used": 0.0,
    "timestamp": 1766492533.205429
  },
  "dxh_email": {
    "quota": 1175.0,
    "used": 0.0,
    "timestamp": 1766492554.5338147
  },
  "zhb_email": {
    "quota": 1175.0,
    "used": 0.0,
    "timestamp": 1766492578.365971
  },
  "linuxdo_84404_cookies": {
    "quota": 747.62,
    "used": 1152.38,
    "timestamp": 1766492450.4568214
  },
  "linux_chuang_cookies": {
    "quota": 1639.5,
    "used": 10.5,
    "timestamp": 1766492460.9974585
  },
  "linux_bwj_cookies": {
    "quota": 1625.0,
    "used": 0.0,
    "timestamp": 1766492470.3298104
  },
  "linux_devbai_cookies": {
    "quota": 1625.0,
    "used": 0.0,
    "timestamp": 1766492478.1369298
  },
  "linux_Yeahnet_cookies": {
    "quota": 1625.0,
    "used": 0.0,
    "timestamp": 1766492487.2707396
  }
}