{
  "dctx_email": {
    "quota": 1041.54,
    "used": 3108.75,
    "timestamp": 1772759097.9737396
  },
  "ljq_email": {
    "quota": 100.15,
    "used": 3949.93,
    "timestamp": 1772759120.972899
  },
  "zc_email": {
    "quota": 1780.12,
    "used": 2269.88,
    "timestamp": 1772759144.0068457
  },
  "zj_email": {
    "quota": 3000.0,
    "used": 0.0,
    "timestamp": 1772759218.2896595
  },
  "fks_email": {
    "quota": 3000.0,
    "used": 0.0,
    "timestamp": 1772759242.3549957
  },
  "dxh_email": {
    "quota": 3000.0,
    "used": 0.0,
    "timestamp": 1772759265.1624131
  },
  "zhb_email": {
    "quota": 3000.0,
    "used": 0.0,
    "timestamp": 1772759288.7609594
  },
  "linuxdo_84404_cookies": {
    "quota": 518.53,
    "used": 3006.47,
    "timestamp": 1772759153.2692494
  },
  "linux_chuang_cookies": {
    "quota": 2755.21,
    "used": 569.79,
    "timestamp": 1772759163.519427
  },
  "linux_bwj_cookies": {
    "quota": 936.76,
    "used": 2213.24,
    "timestamp": 1772759172.7750173
  },
  "linux_devbai_cookies": {
    "quota": 1385.41,
    "used": 1914.59,
    "timestamp": 1772759183.3699238
  },
  "linux_Yeahnet_cookies": {
    "quota": 1508.77,
    "used": 1791.23,
    "timestamp": 1772759193.335363
  }
}