{
  "dctx_email": {
    "quota": 449.06,
    "used": 1150.94,
    "timestamp": 1764008130.2082736
  },
  "ljq_email": {
    "quota": 1290.26,
    "used": 209.51,
    "timestamp": 1764008152.342746
  },
  "zc_email": {
    "quota": 1245.42,
    "used": 254.58,
    "timestamp": 1764008174.6412277
  },
  "zj_email": {
    "quota": 450.0,
    "used": 0.0,
    "timestamp": 1764008198.3261352
  },
  "fks_email": {
    "quota": 450.0,
    "used": 0.0,
    "timestamp": 1764008222.9355872
  },
  "dxh_email": {
    "quota": 450.0,
    "used": 0.0,
    "timestamp": 1764008245.6329792
  },
  "zhb_email": {
    "quota": 450.0,
    "used": 0.0,
    "timestamp": 1764008268.9395092
  },
  "linuxdo_84404_cookies": {
    "quota": 75.09,
    "used": 1149.91,
    "timestamp": 1764008277.6061337
  },
  "linux_chuang_cookies": {
    "quota": 925.0,
    "used": 0.0,
    "timestamp": 1764008286.528176
  },
  "linux_bwj_cookies": {
    "quota": 950.0,
    "used": 0.0,
    "timestamp": 1764008295.1550312
  },
  "linux_devbai_cookies": {
    "quota": 900.0,
    "used": 0.0,
    "timestamp": 1764008305.3809109
  },
  "linux_Yeahnet_cookies": {
    "quota": 900.0,
    "used": 0.0,
    "timestamp": 1764008315.121342
  }
}