{
  "dctx_email": {
    "quota": 429.7,
    "used": 3095.3,
    "timestamp": 1770619957.5205142
  },
  "ljq_email": {
    "quota": 1703.06,
    "used": 1722.03,
    "timestamp": 1770619979.5869467
  },
  "zc_email": {
    "quota": 1178.26,
    "used": 2233.7,
    "timestamp": 1770620001.8455253
  },
  "zj_email": {
    "quota": 2375.0,
    "used": 0.0,
    "timestamp": 1770620065.755804
  },
  "fks_email": {
    "quota": 2375.0,
    "used": 0.0,
    "timestamp": 1770620089.4070876
  },
  "dxh_email": {
    "quota": 2375.0,
    "used": 0.0,
    "timestamp": 1770620111.4137225
  },
  "zhb_email": {
    "quota": 2375.0,
    "used": 0.0,
    "timestamp": 1770620132.8036113
  },
  "linuxdo_84404_cookies": {
    "quota": 993.32,
    "used": 2006.68,
    "timestamp": 1770620011.0549686
  },
  "linux_chuang_cookies": {
    "quota": 2500.44,
    "used": 199.56,
    "timestamp": 1770620018.4260967
  },
  "linux_bwj_cookies": {
    "quota": 800.04,
    "used": 1849.08,
    "timestamp": 1770620027.6134295
  },
  "linux_devbai_cookies": {
    "quota": 760.41,
    "used": 1914.59,
    "timestamp": 1770620035.2059178
  },
  "linux_Yeahnet_cookies": {
    "quota": 888.26,
    "used": 1786.74,
    "timestamp": 1770620043.4696565
  }
}