{
  "dctx_email": {
    "quota": 824.06,
    "used": 1150.94,
    "timestamp": 1765261001.6198018
  },
  "ljq_email": {
    "quota": 153.06,
    "used": 1722.03,
    "timestamp": 1765261022.867857
  },
  "zc_email": {
    "quota": 1447.11,
    "used": 427.89,
    "timestamp": 1765261044.4604194
  },
  "zj_email": {
    "quota": 825.0,
    "used": 0.0,
    "timestamp": 1765261067.543205
  },
  "fks_email": {
    "quota": 825.0,
    "used": 0.0,
    "timestamp": 1765261090.6341615
  },
  "dxh_email": {
    "quota": 825.0,
    "used": 0.0,
    "timestamp": 1765261113.025471
  },
  "zhb_email": {
    "quota": 825.0,
    "used": 0.0,
    "timestamp": 1765261135.3021872
  },
  "linuxdo_84404_cookies": {
    "quota": 447.62,
    "used": 1152.38,
    "timestamp": 1765261144.7422059
  },
  "linux_chuang_cookies": {
    "quota": 1300.0,
    "used": 0.0,
    "timestamp": 1765261153.8175607
  },
  "linux_bwj_cookies": {
    "quota": 1325.0,
    "used": 0.0,
    "timestamp": 1765261161.6671293
  },
  "linux_devbai_cookies": {
    "quota": 1275.0,
    "used": 0.0,
    "timestamp": 1765261171.3904808
  },
  "linux_Yeahnet_cookies": {
    "quota": 1275.0,
    "used": 0.0,
    "timestamp": 1765261181.0414646
  }
}