{
  "dctx_email": {
    "quota": 891.54,
    "used": 3108.75,
    "timestamp": 1772281224.8393412
  },
  "ljq_email": {
    "quota": 855.31,
    "used": 3044.77,
    "timestamp": 1772281246.7630923
  },
  "zc_email": {
    "quota": 1666.13,
    "used": 2233.87,
    "timestamp": 1772281267.4597952
  },
  "zj_email": {
    "quota": 2850.0,
    "used": 0.0,
    "timestamp": 1772281349.69423
  },
  "fks_email": {
    "quota": 2850.0,
    "used": 0.0,
    "timestamp": 1772281372.4209073
  },
  "dxh_email": {
    "quota": 2850.0,
    "used": 0.0,
    "timestamp": 1772281402.996207
  },
  "zhb_email": {
    "quota": 2850.0,
    "used": 0.0,
    "timestamp": 1772281426.679046
  },
  "linuxdo_84404_cookies": {
    "quota": 368.53,
    "used": 3006.47,
    "timestamp": 1772281276.0496078
  },
  "linux_chuang_cookies": {
    "quota": 2950.44,
    "used": 199.56,
    "timestamp": 1772195462.5777462
  },
  "linux_bwj_cookies": {
    "quota": 922.32,
    "used": 2077.68,
    "timestamp": 1772281298.1024907
  },
  "linux_devbai_cookies": {
    "quota": 1210.41,
    "used": 1914.59,
    "timestamp": 1772195479.6772537
  },
  "linux_Yeahnet_cookies": {
    "quota": 1338.26,
    "used": 1786.74,
    "timestamp": 1772195488.6796803
  }
}