{
  "dctx_email": {
    "quota": 541.54,
    "used": 3108.75,
    "timestamp": 1771093054.9317787
  },
  "ljq_email": {
    "quota": 1095.27,
    "used": 2454.81,
    "timestamp": 1771093075.9730117
  },
  "zc_email": {
    "quota": 1316.3,
    "used": 2233.7,
    "timestamp": 1771093097.1570008
  },
  "zj_email": {
    "quota": 2500.0,
    "used": 0.0,
    "timestamp": 1771093171.9115262
  },
  "fks_email": {
    "quota": 2500.0,
    "used": 0.0,
    "timestamp": 1771093193.7641983
  },
  "dxh_email": {
    "quota": 2500.0,
    "used": 0.0,
    "timestamp": 1771093215.763635
  },
  "zhb_email": {
    "quota": 2500.0,
    "used": 0.0,
    "timestamp": 1771093239.118661
  },
  "linuxdo_84404_cookies": {
    "quota": 1118.32,
    "used": 2006.68,
    "timestamp": 1771050641.8473558
  },
  "linux_chuang_cookies": {
    "quota": 2625.44,
    "used": 199.56,
    "timestamp": 1771093119.671687
  },
  "linux_bwj_cookies": {
    "quota": 925.92,
    "used": 1849.08,
    "timestamp": 1771050659.1261163
  },
  "linux_devbai_cookies": {
    "quota": 885.41,
    "used": 1914.59,
    "timestamp": 1771093141.0087461
  },
  "linux_Yeahnet_cookies": {
    "quota": 1013.26,
    "used": 1786.74,
    "timestamp": 1771093149.3218358
  }
}