{
  "dctx_email": {
    "quota": 774.06,
    "used": 1150.94,
    "timestamp": 1765088067.2601836
  },
  "ljq_email": {
    "quota": 103.06,
    "used": 1722.03,
    "timestamp": 1765088090.2465534
  },
  "zc_email": {
    "quota": 1527.14,
    "used": 297.86,
    "timestamp": 1765088110.6529672
  },
  "zj_email": {
    "quota": 775.0,
    "used": 0.0,
    "timestamp": 1765088134.7380145
  },
  "fks_email": {
    "quota": 775.0,
    "used": 0.0,
    "timestamp": 1765088158.3510683
  },
  "dxh_email": {
    "quota": 775.0,
    "used": 0.0,
    "timestamp": 1765088181.4010704
  },
  "zhb_email": {
    "quota": 775.0,
    "used": 0.0,
    "timestamp": 1765088204.613674
  },
  "linuxdo_84404_cookies": {
    "quota": 397.62,
    "used": 1152.38,
    "timestamp": 1765088214.508398
  },
  "linux_chuang_cookies": {
    "quota": 1250.0,
    "used": 0.0,
    "timestamp": 1765088222.9793553
  },
  "linux_bwj_cookies": {
    "quota": 1275.0,
    "used": 0.0,
    "timestamp": 1765088233.4253304
  },
  "linux_devbai_cookies": {
    "quota": 1225.0,
    "used": 0.0,
    "timestamp": 1765088243.5353048
  },
  "linux_Yeahnet_cookies": {
    "quota": 1225.0,
    "used": 0.0,
    "timestamp": 1765088253.4544713
  }
}