{
  "dctx_email": {
    "quota": 261.37,
    "used": 2113.63,
    "timestamp": 1766686512.731958
  },
  "ljq_email": {
    "quota": 553.06,
    "used": 1722.03,
    "timestamp": 1766686534.2619169
  },
  "zc_email": {
    "quota": 118.15,
    "used": 2143.81,
    "timestamp": 1766686557.2885349
  },
  "zj_email": {
    "quota": 1225.0,
    "used": 0.0,
    "timestamp": 1766686624.226044
  },
  "fks_email": {
    "quota": 1225.0,
    "used": 0.0,
    "timestamp": 1766686646.8352323
  },
  "dxh_email": {
    "quota": 1225.0,
    "used": 0.0,
    "timestamp": 1766686669.2893927
  },
  "zhb_email": {
    "quota": 1225.0,
    "used": 0.0,
    "timestamp": 1766686692.8329225
  },
  "linuxdo_84404_cookies": {
    "quota": 797.62,
    "used": 1152.38,
    "timestamp": 1766686565.4262543
  },
  "linux_chuang_cookies": {
    "quota": 1689.5,
    "used": 10.5,
    "timestamp": 1766686573.1115208
  },
  "linux_bwj_cookies": {
    "quota": 1561.62,
    "used": 113.38,
    "timestamp": 1766686582.3841474
  },
  "linux_devbai_cookies": {
    "quota": 1675.0,
    "used": 0.0,
    "timestamp": 1766686591.9182923
  },
  "linux_Yeahnet_cookies": {
    "quota": 1675.0,
    "used": 0.0,
    "timestamp": 1766686601.1764328
  }
}