{
  "dctx_email": {
    "quota": 749.06,
    "used": 1150.94,
    "timestamp": 1765001661.3229709
  },
  "ljq_email": {
    "quota": 78.06,
    "used": 1722.03,
    "timestamp": 1765001682.5311852
  },
  "zc_email": {
    "quota": 1514.17,
    "used": 285.83,
    "timestamp": 1765001703.6846066
  },
  "zj_email": {
    "quota": 750.0,
    "used": 0.0,
    "timestamp": 1765001726.017647
  },
  "fks_email": {
    "quota": 750.0,
    "used": 0.0,
    "timestamp": 1765001748.551335
  },
  "dxh_email": {
    "quota": 750.0,
    "used": 0.0,
    "timestamp": 1765001772.4658892
  },
  "zhb_email": {
    "quota": 750.0,
    "used": 0.0,
    "timestamp": 1765001794.4159086
  },
  "linuxdo_84404_cookies": {
    "quota": 372.62,
    "used": 1152.38,
    "timestamp": 1765001803.0514789
  },
  "linux_chuang_cookies": {
    "quota": 1225.0,
    "used": 0.0,
    "timestamp": 1765001811.2320988
  },
  "linux_bwj_cookies": {
    "quota": 1250.0,
    "used": 0.0,
    "timestamp": 1765001821.1051202
  },
  "linux_devbai_cookies": {
    "quota": 1200.0,
    "used": 0.0,
    "timestamp": 1765001831.752077
  },
  "linux_Yeahnet_cookies": {
    "quota": 1200.0,
    "used": 0.0,
    "timestamp": 1765001840.847724
  }
}