{
  "dctx_email": {
    "quota": 966.54,
    "used": 3108.75,
    "timestamp": 1772499680.3150716
  },
  "ljq_email": {
    "quota": 25.15,
    "used": 3949.93,
    "timestamp": 1772499703.234605
  },
  "zc_email": {
    "quota": 1741.13,
    "used": 2233.87,
    "timestamp": 1772499725.8718953
  },
  "zj_email": {
    "quota": 2925.0,
    "used": 0.0,
    "timestamp": 1772499792.8602905
  },
  "fks_email": {
    "quota": 2925.0,
    "used": 0.0,
    "timestamp": 1772499815.9090595
  },
  "dxh_email": {
    "quota": 2925.0,
    "used": 0.0,
    "timestamp": 1772499836.8298225
  },
  "zhb_email": {
    "quota": 2925.0,
    "used": 0.0,
    "timestamp": 1772499859.2868288
  },
  "linuxdo_84404_cookies": {
    "quota": 443.53,
    "used": 3006.47,
    "timestamp": 1772499735.2778902
  },
  "linux_chuang_cookies": {
    "quota": 3042.65,
    "used": 207.35,
    "timestamp": 1772499743.8264956
  },
  "linux_bwj_cookies": {
    "quota": 942.13,
    "used": 2132.87,
    "timestamp": 1772499752.9689593
  },
  "linux_devbai_cookies": {
    "quota": 1310.41,
    "used": 1914.59,
    "timestamp": 1772499760.8796065
  },
  "linux_Yeahnet_cookies": {
    "quota": 1438.26,
    "used": 1786.74,
    "timestamp": 1772499769.7095118
  }
}