{
  "dctx_email": {
    "quota": 284.1,
    "used": 2065.9,
    "timestamp": 1766578750.749112
  },
  "ljq_email": {
    "quota": 528.06,
    "used": 1722.03,
    "timestamp": 1766578771.4504354
  },
  "zc_email": {
    "quota": 97.48,
    "used": 2139.48,
    "timestamp": 1766578793.1814373
  },
  "zj_email": {
    "quota": 1200.0,
    "used": 0.0,
    "timestamp": 1766578858.9992847
  },
  "fks_email": {
    "quota": 1200.0,
    "used": 0.0,
    "timestamp": 1766578881.5778742
  },
  "dxh_email": {
    "quota": 1200.0,
    "used": 0.0,
    "timestamp": 1766578903.8385985
  },
  "zhb_email": {
    "quota": 1200.0,
    "used": 0.0,
    "timestamp": 1766578926.5159385
  },
  "linuxdo_84404_cookies": {
    "quota": 772.62,
    "used": 1152.38,
    "timestamp": 1766578801.7215588
  },
  "linux_chuang_cookies": {
    "quota": 1664.5,
    "used": 10.5,
    "timestamp": 1766578809.6037173
  },
  "linux_bwj_cookies": {
    "quota": 1633.34,
    "used": 16.66,
    "timestamp": 1766578818.8617723
  },
  "linux_devbai_cookies": {
    "quota": 1650.0,
    "used": 0.0,
    "timestamp": 1766578827.035778
  },
  "linux_Yeahnet_cookies": {
    "quota": 1650.0,
    "used": 0.0,
    "timestamp": 1766578836.0325785
  }
}