{
  "dctx_email": {
    "quota": 599.06,
    "used": 1150.94,
    "timestamp": 1764526411.9842045
  },
  "ljq_email": {
    "quota": 705.19,
    "used": 944.89,
    "timestamp": 1764526435.1659002
  },
  "zc_email": {
    "quota": 1395.11,
    "used": 254.89,
    "timestamp": 1764526457.7366908
  },
  "zj_email": {
    "quota": 600.0,
    "used": 0.0,
    "timestamp": 1764526481.4108133
  },
  "fks_email": {
    "quota": 600.0,
    "used": 0.0,
    "timestamp": 1764526506.239498
  },
  "dxh_email": {
    "quota": 600.0,
    "used": 0.0,
    "timestamp": 1764526532.5780663
  },
  "zhb_email": {
    "quota": 600.0,
    "used": 0.0,
    "timestamp": 1764526562.3980658
  },
  "linuxdo_84404_cookies": {
    "quota": 225.06,
    "used": 1149.94,
    "timestamp": 1764526571.732681
  },
  "linux_chuang_cookies": {
    "quota": 1075.0,
    "used": 0.0,
    "timestamp": 1764526581.8526254
  },
  "linux_bwj_cookies": {
    "quota": 1100.0,
    "used": 0.0,
    "timestamp": 1764526589.7980533
  },
  "linux_devbai_cookies": {
    "quota": 1050.0,
    "used": 0.0,
    "timestamp": 1764526598.033093
  },
  "linux_Yeahnet_cookies": {
    "quota": 1050.0,
    "used": 0.0,
    "timestamp": 1764526607.4300678
  }
}