{
  "dctx_email": {
    "quota": 841.54,
    "used": 3108.75,
    "timestamp": 1772067477.4141097
  },
  "ljq_email": {
    "quota": 847.92,
    "used": 3002.16,
    "timestamp": 1772067498.0003572
  },
  "zc_email": {
    "quota": 1616.13,
    "used": 2233.87,
    "timestamp": 1772067518.927593
  },
  "zj_email": {
    "quota": 2800.0,
    "used": 0.0,
    "timestamp": 1772067585.1670938
  },
  "fks_email": {
    "quota": 2800.0,
    "used": 0.0,
    "timestamp": 1772067608.5503154
  },
  "dxh_email": {
    "quota": 2800.0,
    "used": 0.0,
    "timestamp": 1772067631.3648372
  },
  "zhb_email": {
    "quota": 2800.0,
    "used": 0.0,
    "timestamp": 1772067654.3077247
  },
  "linuxdo_84404_cookies": {
    "quota": 318.53,
    "used": 3006.47,
    "timestamp": 1772067528.0202532
  },
  "linux_chuang_cookies": {
    "quota": 2925.44,
    "used": 199.56,
    "timestamp": 1772067536.5365093
  },
  "linux_bwj_cookies": {
    "quota": 1024.46,
    "used": 1925.54,
    "timestamp": 1772067546.1709185
  },
  "linux_devbai_cookies": {
    "quota": 1185.41,
    "used": 1914.59,
    "timestamp": 1772067554.2561755
  },
  "linux_Yeahnet_cookies": {
    "quota": 1313.26,
    "used": 1786.74,
    "timestamp": 1772067562.9118905
  }
}