{
  "dctx_email": {
    "quota": 486.37,
    "used": 2113.63,
    "timestamp": 1767442658.8079746
  },
  "ljq_email": {
    "quota": 778.06,
    "used": 1722.03,
    "timestamp": 1767442681.0936255
  },
  "zc_email": {
    "quota": 290.52,
    "used": 2196.44,
    "timestamp": 1767442704.0034873
  },
  "zj_email": {
    "quota": 1450.0,
    "used": 0.0,
    "timestamp": 1767442768.8343868
  },
  "fks_email": {
    "quota": 1450.0,
    "used": 0.0,
    "timestamp": 1767442791.3442414
  },
  "dxh_email": {
    "quota": 1450.0,
    "used": 0.0,
    "timestamp": 1767442814.3048801
  },
  "zhb_email": {
    "quota": 1450.0,
    "used": 0.0,
    "timestamp": 1767442838.2789893
  },
  "linuxdo_84404_cookies": {
    "quota": 1022.62,
    "used": 1152.38,
    "timestamp": 1767442712.46893
  },
  "linux_chuang_cookies": {
    "quota": 1883.99,
    "used": 41.01,
    "timestamp": 1767442720.095906
  },
  "linux_bwj_cookies": {
    "quota": 50.04,
    "used": 1849.08,
    "timestamp": 1767442728.313618
  },
  "linux_devbai_cookies": {
    "quota": 1369.81,
    "used": 530.19,
    "timestamp": 1767442737.5380964
  },
  "linux_Yeahnet_cookies": {
    "quota": 1900.0,
    "used": 0.0,
    "timestamp": 1767442745.7739604
  }
}