{
  "dctx_email": {
    "quota": 536.37,
    "used": 2113.63,
    "timestamp": 1767594125.4664366
  },
  "ljq_email": {
    "quota": 828.06,
    "used": 1722.03,
    "timestamp": 1767594147.2189314
  },
  "zc_email": {
    "quota": 333.3,
    "used": 2203.66,
    "timestamp": 1767594168.786453
  },
  "zj_email": {
    "quota": 1500.0,
    "used": 0.0,
    "timestamp": 1767594234.1983385
  },
  "fks_email": {
    "quota": 1500.0,
    "used": 0.0,
    "timestamp": 1767594256.6894605
  },
  "dxh_email": {
    "quota": 1500.0,
    "used": 0.0,
    "timestamp": 1767594280.2445576
  },
  "zhb_email": {
    "quota": 1500.0,
    "used": 0.0,
    "timestamp": 1767594303.6129289
  },
  "linuxdo_84404_cookies": {
    "quota": 1072.62,
    "used": 1152.38,
    "timestamp": 1767594176.0647573
  },
  "linux_chuang_cookies": {
    "quota": 1933.99,
    "used": 41.01,
    "timestamp": 1767594183.9551404
  },
  "linux_bwj_cookies": {
    "quota": 100.04,
    "used": 1849.08,
    "timestamp": 1767594192.8973968
  },
  "linux_devbai_cookies": {
    "quota": 1110.99,
    "used": 839.01,
    "timestamp": 1767594202.4471254
  },
  "linux_Yeahnet_cookies": {
    "quota": 1950.0,
    "used": 0.0,
    "timestamp": 1767594212.0599275
  }
}