{
  "dctx_email": {
    "quota": 461.37,
    "used": 2113.63,
    "timestamp": 1767334656.3830352
  },
  "ljq_email": {
    "quota": 753.06,
    "used": 1722.03,
    "timestamp": 1767334677.98908
  },
  "zc_email": {
    "quota": 267.55,
    "used": 2194.41,
    "timestamp": 1767334701.1443412
  },
  "zj_email": {
    "quota": 1425.0,
    "used": 0.0,
    "timestamp": 1767334770.7715917
  },
  "fks_email": {
    "quota": 1425.0,
    "used": 0.0,
    "timestamp": 1767334794.40758
  },
  "dxh_email": {
    "quota": 1425.0,
    "used": 0.0,
    "timestamp": 1767334817.571182
  },
  "zhb_email": {
    "quota": 1425.0,
    "used": 0.0,
    "timestamp": 1767334841.7410483
  },
  "linuxdo_84404_cookies": {
    "quota": 997.62,
    "used": 1152.38,
    "timestamp": 1767334711.3822787
  },
  "linux_chuang_cookies": {
    "quota": 1858.99,
    "used": 41.01,
    "timestamp": 1767334720.5702016
  },
  "linux_bwj_cookies": {
    "quota": 25.04,
    "used": 1849.08,
    "timestamp": 1767334729.9292336
  },
  "linux_devbai_cookies": {
    "quota": 1734.95,
    "used": 140.05,
    "timestamp": 1767334739.7005637
  },
  "linux_Yeahnet_cookies": {
    "quota": 1875.0,
    "used": 0.0,
    "timestamp": 1767334748.4508514
  }
}