{
  "dctx_email": {
    "quota": 1011.05,
    "used": 2263.95,
    "timestamp": 1769797536.4852662
  },
  "ljq_email": {
    "quota": 1453.06,
    "used": 1722.03,
    "timestamp": 1769797559.3059385
  },
  "zc_email": {
    "quota": 928.26,
    "used": 2233.7,
    "timestamp": 1769797581.5441477
  },
  "zj_email": {
    "quota": 2125.0,
    "used": 0.0,
    "timestamp": 1769797648.3676016
  },
  "fks_email": {
    "quota": 2125.0,
    "used": 0.0,
    "timestamp": 1769797671.6004834
  },
  "dxh_email": {
    "quota": 2125.0,
    "used": 0.0,
    "timestamp": 1769797694.4046068
  },
  "zhb_email": {
    "quota": 2125.0,
    "used": 0.0,
    "timestamp": 1769797718.1235244
  },
  "linuxdo_84404_cookies": {
    "quota": 1243.12,
    "used": 1506.88,
    "timestamp": 1769797590.9467077
  },
  "linux_chuang_cookies": {
    "quota": 2250.44,
    "used": 199.56,
    "timestamp": 1769797600.8540127
  },
  "linux_bwj_cookies": {
    "quota": 550.04,
    "used": 1849.08,
    "timestamp": 1769797610.292665
  },
  "linux_devbai_cookies": {
    "quota": 510.41,
    "used": 1914.59,
    "timestamp": 1769797618.7001617
  },
  "linux_Yeahnet_cookies": {
    "quota": 638.26,
    "used": 1786.74,
    "timestamp": 1769797627.2131405
  }
}