{
  "dctx_email": {
    "quota": 361.37,
    "used": 2113.63,
    "timestamp": 1766989173.346488
  },
  "ljq_email": {
    "quota": 653.06,
    "used": 1722.03,
    "timestamp": 1766989195.0316508
  },
  "zc_email": {
    "quota": 196.74,
    "used": 2165.22,
    "timestamp": 1766989214.7496994
  },
  "zj_email": {
    "quota": 1325.0,
    "used": 0.0,
    "timestamp": 1766989280.0964904
  },
  "fks_email": {
    "quota": 1325.0,
    "used": 0.0,
    "timestamp": 1766989302.6110408
  },
  "dxh_email": {
    "quota": 1325.0,
    "used": 0.0,
    "timestamp": 1766989323.9272666
  },
  "zhb_email": {
    "quota": 1325.0,
    "used": 0.0,
    "timestamp": 1766989345.6896183
  },
  "linuxdo_84404_cookies": {
    "quota": 897.62,
    "used": 1152.38,
    "timestamp": 1766989223.477199
  },
  "linux_chuang_cookies": {
    "quota": 1787.86,
    "used": 12.14,
    "timestamp": 1766989230.853693
  },
  "linux_bwj_cookies": {
    "quota": 620.82,
    "used": 1154.18,
    "timestamp": 1766989239.3372333
  },
  "linux_devbai_cookies": {
    "quota": 1775.0,
    "used": 0.0,
    "timestamp": 1766989247.9651144
  },
  "linux_Yeahnet_cookies": {
    "quota": 1775.0,
    "used": 0.0,
    "timestamp": 1766989256.9699056
  }
}