{
  "dctx_email": {
    "quota": 923.45,
    "used": 1151.55,
    "timestamp": 1765606502.3122933
  },
  "ljq_email": {
    "quota": 253.06,
    "used": 1722.03,
    "timestamp": 1765606524.4311078
  },
  "zc_email": {
    "quota": 1113.74,
    "used": 861.26,
    "timestamp": 1765606544.5513778
  },
  "zj_email": {
    "quota": 925.0,
    "used": 0.0,
    "timestamp": 1765606567.734584
  },
  "fks_email": {
    "quota": 925.0,
    "used": 0.0,
    "timestamp": 1765606590.5384617
  },
  "dxh_email": {
    "quota": 925.0,
    "used": 0.0,
    "timestamp": 1765606613.7759218
  },
  "zhb_email": {
    "quota": 925.0,
    "used": 0.0,
    "timestamp": 1765606634.9690032
  },
  "linuxdo_84404_cookies": {
    "quota": 547.62,
    "used": 1152.38,
    "timestamp": 1765606643.1339786
  },
  "linux_chuang_cookies": {
    "quota": 1397.68,
    "used": 2.32,
    "timestamp": 1765606651.763321
  },
  "linux_bwj_cookies": {
    "quota": 1350.0,
    "used": 0.0,
    "timestamp": 1765327756.8106296
  },
  "linux_devbai_cookies": {
    "quota": 1375.0,
    "used": 0.0,
    "timestamp": 1765606672.604734
  },
  "linux_Yeahnet_cookies": {
    "quota": 1375.0,
    "used": 0.0,
    "timestamp": 1765606679.712443
  }
}