{
  "dctx_email": {
    "quota": 441.25,
    "used": 3108.75,
    "timestamp": 1770706348.88105
  },
  "ljq_email": {
    "quota": 1616.94,
    "used": 1833.14,
    "timestamp": 1770706370.2437065
  },
  "zc_email": {
    "quota": 1203.26,
    "used": 2233.7,
    "timestamp": 1770706391.5924091
  },
  "zj_email": {
    "quota": 2400.0,
    "used": 0.0,
    "timestamp": 1770706455.8451548
  },
  "fks_email": {
    "quota": 2400.0,
    "used": 0.0,
    "timestamp": 1770706478.683503
  },
  "dxh_email": {
    "quota": 2400.0,
    "used": 0.0,
    "timestamp": 1770706500.7178545
  },
  "zhb_email": {
    "quota": 2400.0,
    "used": 0.0,
    "timestamp": 1770706523.0996933
  },
  "linuxdo_84404_cookies": {
    "quota": 1018.32,
    "used": 2006.68,
    "timestamp": 1770706399.2261071
  },
  "linux_chuang_cookies": {
    "quota": 2525.44,
    "used": 199.56,
    "timestamp": 1770706407.5112612
  },
  "linux_bwj_cookies": {
    "quota": 825.04,
    "used": 1849.08,
    "timestamp": 1770706416.7904756
  },
  "linux_devbai_cookies": {
    "quota": 785.41,
    "used": 1914.59,
    "timestamp": 1770706424.9952095
  },
  "linux_Yeahnet_cookies": {
    "quota": 913.26,
    "used": 1786.74,
    "timestamp": 1770706432.5459542
  }
}