{
  "dctx_email": {
    "quota": 1011.05,
    "used": 2263.95,
    "timestamp": 1769734640.9762511
  },
  "ljq_email": {
    "quota": 1453.06,
    "used": 1722.03,
    "timestamp": 1769734662.4897373
  },
  "zc_email": {
    "quota": 928.26,
    "used": 2233.7,
    "timestamp": 1769734683.7255173
  },
  "zj_email": {
    "quota": 2125.0,
    "used": 0.0,
    "timestamp": 1769734751.5617778
  },
  "fks_email": {
    "quota": 2125.0,
    "used": 0.0,
    "timestamp": 1769734777.5987275
  },
  "dxh_email": {
    "quota": 2125.0,
    "used": 0.0,
    "timestamp": 1769734803.8771622
  },
  "zhb_email": {
    "quota": 2125.0,
    "used": 0.0,
    "timestamp": 1769734827.9751241
  },
  "linuxdo_84404_cookies": {
    "quota": 1243.12,
    "used": 1506.88,
    "timestamp": 1769734692.9765937
  },
  "linux_chuang_cookies": {
    "quota": 2250.44,
    "used": 199.56,
    "timestamp": 1769734702.2660196
  },
  "linux_bwj_cookies": {
    "quota": 550.04,
    "used": 1849.08,
    "timestamp": 1769734710.8375518
  },
  "linux_devbai_cookies": {
    "quota": 510.41,
    "used": 1914.59,
    "timestamp": 1769734719.6671462
  },
  "linux_Yeahnet_cookies": {
    "quota": 638.26,
    "used": 1786.74,
    "timestamp": 1769734728.136959
  }
}