{
  "dctx_email": {
    "quota": 361.37,
    "used": 2113.63,
    "timestamp": 1766969566.7387197
  },
  "ljq_email": {
    "quota": 653.06,
    "used": 1722.03,
    "timestamp": 1766969588.4234114
  },
  "zc_email": {
    "quota": 196.74,
    "used": 2165.22,
    "timestamp": 1766969611.0081208
  },
  "zj_email": {
    "quota": 1325.0,
    "used": 0.0,
    "timestamp": 1766969675.7950945
  },
  "fks_email": {
    "quota": 1325.0,
    "used": 0.0,
    "timestamp": 1766969698.4182215
  },
  "dxh_email": {
    "quota": 1325.0,
    "used": 0.0,
    "timestamp": 1766969721.043719
  },
  "zhb_email": {
    "quota": 1325.0,
    "used": 0.0,
    "timestamp": 1766969744.4361336
  },
  "linuxdo_84404_cookies": {
    "quota": 897.62,
    "used": 1152.38,
    "timestamp": 1766969619.721681
  },
  "linux_chuang_cookies": {
    "quota": 1787.86,
    "used": 12.14,
    "timestamp": 1766969628.067928
  },
  "linux_bwj_cookies": {
    "quota": 681.36,
    "used": 1093.64,
    "timestamp": 1766969635.8312228
  },
  "linux_devbai_cookies": {
    "quota": 1775.0,
    "used": 0.0,
    "timestamp": 1766969645.142038
  },
  "linux_Yeahnet_cookies": {
    "quota": 1775.0,
    "used": 0.0,
    "timestamp": 1766969653.848113
  }
}