{
  "dctx_email": {
    "quota": 823.45,
    "used": 1151.55,
    "timestamp": 1765304012.035632
  },
  "ljq_email": {
    "quota": 153.06,
    "used": 1722.03,
    "timestamp": 1765304035.0737607
  },
  "zc_email": {
    "quota": 1307.81,
    "used": 567.19,
    "timestamp": 1765304057.8581097
  },
  "zj_email": {
    "quota": 825.0,
    "used": 0.0,
    "timestamp": 1765304080.6640267
  },
  "fks_email": {
    "quota": 825.0,
    "used": 0.0,
    "timestamp": 1765304105.1129248
  },
  "dxh_email": {
    "quota": 825.0,
    "used": 0.0,
    "timestamp": 1765304128.5226626
  },
  "zhb_email": {
    "quota": 825.0,
    "used": 0.0,
    "timestamp": 1765304151.8038597
  },
  "linuxdo_84404_cookies": {
    "quota": 447.62,
    "used": 1152.38,
    "timestamp": 1765304160.9048955
  },
  "linux_chuang_cookies": {
    "quota": 1300.0,
    "used": 0.0,
    "timestamp": 1765304170.0949483
  },
  "linux_bwj_cookies": {
    "quota": 1325.0,
    "used": 0.0,
    "timestamp": 1765304181.4783242
  },
  "linux_devbai_cookies": {
    "quota": 1275.0,
    "used": 0.0,
    "timestamp": 1765304190.63663
  },
  "linux_Yeahnet_cookies": {
    "quota": 1275.0,
    "used": 0.0,
    "timestamp": 1765304200.5772781
  }
}