{
  "dctx_email": {
    "quota": 591.54,
    "used": 3108.75,
    "timestamp": 1771245147.300248
  },
  "ljq_email": {
    "quota": 1077.87,
    "used": 2522.22,
    "timestamp": 1771245169.3381107
  },
  "zc_email": {
    "quota": 1366.3,
    "used": 2233.7,
    "timestamp": 1771245190.7905667
  },
  "zj_email": {
    "quota": 2550.0,
    "used": 0.0,
    "timestamp": 1771245264.0692756
  },
  "fks_email": {
    "quota": 2550.0,
    "used": 0.0,
    "timestamp": 1771245286.7542794
  },
  "dxh_email": {
    "quota": 2550.0,
    "used": 0.0,
    "timestamp": 1771245308.0245097
  },
  "zhb_email": {
    "quota": 2550.0,
    "used": 0.0,
    "timestamp": 1771245331.1866329
  },
  "linuxdo_84404_cookies": {
    "quota": 1118.32,
    "used": 2006.68,
    "timestamp": 1771050641.8473558
  },
  "linux_chuang_cookies": {
    "quota": 2675.44,
    "used": 199.56,
    "timestamp": 1771245212.2977993
  },
  "linux_bwj_cookies": {
    "quota": 925.92,
    "used": 1849.08,
    "timestamp": 1771050659.1261163
  },
  "linux_devbai_cookies": {
    "quota": 935.41,
    "used": 1914.59,
    "timestamp": 1771245234.0929077
  },
  "linux_Yeahnet_cookies": {
    "quota": 1063.26,
    "used": 1786.74,
    "timestamp": 1771245243.002131
  }
}