{
  "dctx_email": {
    "quota": 1012.94,
    "used": 2187.06,
    "timestamp": 1769475161.739748
  },
  "ljq_email": {
    "quota": 1378.06,
    "used": 1722.03,
    "timestamp": 1769475182.4642105
  },
  "zc_email": {
    "quota": 853.26,
    "used": 2233.7,
    "timestamp": 1769475204.1685305
  },
  "zj_email": {
    "quota": 2050.0,
    "used": 0.0,
    "timestamp": 1769475280.581093
  },
  "fks_email": {
    "quota": 2050.0,
    "used": 0.0,
    "timestamp": 1769475302.7846942
  },
  "dxh_email": {
    "quota": 2050.0,
    "used": 0.0,
    "timestamp": 1769475324.9689744
  },
  "zhb_email": {
    "quota": 2050.0,
    "used": 0.0,
    "timestamp": 1769475347.364876
  },
  "linuxdo_84404_cookies": {
    "quota": 1168.12,
    "used": 1506.88,
    "timestamp": 1769475211.9202268
  },
  "linux_chuang_cookies": {
    "quota": 2316.86,
    "used": 58.14,
    "timestamp": 1768976425.9971125
  },
  "linux_bwj_cookies": {
    "quota": 475.04,
    "used": 1849.08,
    "timestamp": 1769475232.8751721
  },
  "linux_devbai_cookies": {
    "quota": 435.41,
    "used": 1914.59,
    "timestamp": 1768976443.3059564
  },
  "linux_Yeahnet_cookies": {
    "quota": 563.26,
    "used": 1786.74,
    "timestamp": 1768976452.2607367
  }
}