{
  "dctx_email": {
    "quota": 299.06,
    "used": 1150.94,
    "timestamp": 1763446552.0270665
  },
  "ljq_email": {
    "quota": 1249.33,
    "used": 100.43,
    "timestamp": 1763446574.3413813
  },
  "zc_email": {
    "quota": 1095.42,
    "used": 254.58,
    "timestamp": 1763446596.4436414
  },
  "zj_email": {
    "quota": 300.0,
    "used": 0.0,
    "timestamp": 1763446632.4572897
  },
  "fks_email": {
    "quota": 300.0,
    "used": 0.0,
    "timestamp": 1763446655.0681274
  },
  "dxh_email": {
    "quota": 300.0,
    "used": 0.0,
    "timestamp": 1763446678.243443
  },
  "zhb_email": {
    "quota": 300.0,
    "used": 0.0,
    "timestamp": 1763446701.3552113
  }
}