{
  "dctx_email": {
    "quota": 1048.5,
    "used": 2351.5,
    "timestamp": 1770186943.4615388
  },
  "ljq_email": {
    "quota": 1578.06,
    "used": 1722.03,
    "timestamp": 1770186963.5348392
  },
  "zc_email": {
    "quota": 1053.26,
    "used": 2233.7,
    "timestamp": 1770186985.5170667
  },
  "zj_email": {
    "quota": 2250.0,
    "used": 0.0,
    "timestamp": 1770187064.8635013
  },
  "fks_email": {
    "quota": 2250.0,
    "used": 0.0,
    "timestamp": 1770187088.2670019
  },
  "dxh_email": {
    "quota": 2250.0,
    "used": 0.0,
    "timestamp": 1770187111.3336506
  },
  "zhb_email": {
    "quota": 2250.0,
    "used": 0.0,
    "timestamp": 1770187135.4177413
  },
  "linuxdo_84404_cookies": {
    "quota": 1368.12,
    "used": 1506.88,
    "timestamp": 1770187008.4512613
  },
  "linux_chuang_cookies": {
    "quota": 2375.44,
    "used": 199.56,
    "timestamp": 1770187016.476519
  },
  "linux_bwj_cookies": {
    "quota": 675.04,
    "used": 1849.08,
    "timestamp": 1770187024.8904638
  },
  "linux_devbai_cookies": {
    "quota": 635.41,
    "used": 1914.59,
    "timestamp": 1770187033.5563564
  },
  "linux_Yeahnet_cookies": {
    "quota": 763.26,
    "used": 1786.74,
    "timestamp": 1770187041.6820452
  }
}