{
  "dctx_email": {
    "quota": 599.06,
    "used": 1150.94,
    "timestamp": 1764483305.675748
  },
  "ljq_email": {
    "quota": 726.53,
    "used": 923.55,
    "timestamp": 1764483333.491623
  },
  "zc_email": {
    "quota": 1395.11,
    "used": 254.89,
    "timestamp": 1764483364.1723611
  },
  "zj_email": {
    "quota": 600.0,
    "used": 0.0,
    "timestamp": 1764483387.4674928
  },
  "fks_email": {
    "quota": 600.0,
    "used": 0.0,
    "timestamp": 1764483414.3402245
  },
  "dxh_email": {
    "quota": 600.0,
    "used": 0.0,
    "timestamp": 1764483444.2722385
  },
  "zhb_email": {
    "quota": 600.0,
    "used": 0.0,
    "timestamp": 1764483471.0503078
  },
  "linuxdo_84404_cookies": {
    "quota": 225.06,
    "used": 1149.94,
    "timestamp": 1764483484.1618006
  },
  "linux_chuang_cookies": {
    "quota": 1075.0,
    "used": 0.0,
    "timestamp": 1764483499.982647
  },
  "linux_bwj_cookies": {
    "quota": 1100.0,
    "used": 0.0,
    "timestamp": 1764483512.7298589
  },
  "linux_devbai_cookies": {
    "quota": 1050.0,
    "used": 0.0,
    "timestamp": 1764483535.550816
  },
  "linux_Yeahnet_cookies": {
    "quota": 1050.0,
    "used": 0.0,
    "timestamp": 1764483544.8276854
  }
}