{
  "dctx_email": {
    "quota": 1036.05,
    "used": 2263.95,
    "timestamp": 1769862026.4992924
  },
  "ljq_email": {
    "quota": 1478.06,
    "used": 1722.03,
    "timestamp": 1769862047.4187064
  },
  "zc_email": {
    "quota": 953.26,
    "used": 2233.7,
    "timestamp": 1769862069.9207935
  },
  "zj_email": {
    "quota": 2150.0,
    "used": 0.0,
    "timestamp": 1769862138.7720175
  },
  "fks_email": {
    "quota": 2150.0,
    "used": 0.0,
    "timestamp": 1769862161.6746445
  },
  "dxh_email": {
    "quota": 2150.0,
    "used": 0.0,
    "timestamp": 1769862185.1115112
  },
  "zhb_email": {
    "quota": 2150.0,
    "used": 0.0,
    "timestamp": 1769862207.9555862
  },
  "linuxdo_84404_cookies": {
    "quota": 1268.12,
    "used": 1506.88,
    "timestamp": 1769862079.6712806
  },
  "linux_chuang_cookies": {
    "quota": 2275.44,
    "used": 199.56,
    "timestamp": 1769862088.1869085
  },
  "linux_bwj_cookies": {
    "quota": 575.04,
    "used": 1849.08,
    "timestamp": 1769862096.721698
  },
  "linux_devbai_cookies": {
    "quota": 535.41,
    "used": 1914.59,
    "timestamp": 1769862105.834243
  },
  "linux_Yeahnet_cookies": {
    "quota": 663.26,
    "used": 1786.74,
    "timestamp": 1769862114.9838839
  }
}