{
  "dctx_email": {
    "quota": 891.05,
    "used": 1333.95,
    "timestamp": 1766146734.9138548
  },
  "ljq_email": {
    "quota": 403.06,
    "used": 1722.03,
    "timestamp": 1766146756.0691497
  },
  "zc_email": {
    "quota": 25.22,
    "used": 2086.74,
    "timestamp": 1766146778.4614346
  },
  "zj_email": {
    "quota": 1075.0,
    "used": 0.0,
    "timestamp": 1766146843.2520885
  },
  "fks_email": {
    "quota": 1075.0,
    "used": 0.0,
    "timestamp": 1766146866.373622
  },
  "dxh_email": {
    "quota": 1075.0,
    "used": 0.0,
    "timestamp": 1766146889.664451
  },
  "zhb_email": {
    "quota": 1075.0,
    "used": 0.0,
    "timestamp": 1766146912.698524
  },
  "linuxdo_84404_cookies": {
    "quota": 647.62,
    "used": 1152.38,
    "timestamp": 1766146786.2125642
  },
  "linux_chuang_cookies": {
    "quota": 1547.68,
    "used": 2.32,
    "timestamp": 1766146795.766782
  },
  "linux_bwj_cookies": {
    "quota": 1525.0,
    "used": 0.0,
    "timestamp": 1766146804.6181328
  },
  "linux_devbai_cookies": {
    "quota": 1525.0,
    "used": 0.0,
    "timestamp": 1766146813.139232
  },
  "linux_Yeahnet_cookies": {
    "quota": 1525.0,
    "used": 0.0,
    "timestamp": 1766146821.1345344
  }
}