{
  "dctx_email": {
    "quota": 224.18,
    "used": 1150.82,
    "timestamp": 1763167274.0204017
  },
  "ljq_email": {
    "quota": 1174.33,
    "used": 100.43,
    "timestamp": 1763167294.8393078
  },
  "zc_email": {
    "quota": 1020.42,
    "used": 254.58,
    "timestamp": 1763167316.9469733
  },
  "zj_email": {
    "quota": 225.0,
    "used": 0.0,
    "timestamp": 1763167695.9580922
  },
  "fks_email": {
    "quota": 225.0,
    "used": 0.0,
    "timestamp": 1763167718.1402068
  },
  "dxh_email": {
    "quota": 225.0,
    "used": 0.0,
    "timestamp": 1763167738.9687822
  },
  "zhb_email": {
    "quota": 225.0,
    "used": 0.0,
    "timestamp": 1763167760.774687
  }
}