{
  "dctx_email": {
    "quota": 1008.46,
    "used": 2191.54,
    "timestamp": 1769538075.1182961
  },
  "ljq_email": {
    "quota": 1378.06,
    "used": 1722.03,
    "timestamp": 1769538098.2377446
  },
  "zc_email": {
    "quota": 853.26,
    "used": 2233.7,
    "timestamp": 1769538119.2264426
  },
  "zj_email": {
    "quota": 2050.0,
    "used": 0.0,
    "timestamp": 1769538201.4279847
  },
  "fks_email": {
    "quota": 2050.0,
    "used": 0.0,
    "timestamp": 1769538224.15438
  },
  "dxh_email": {
    "quota": 2050.0,
    "used": 0.0,
    "timestamp": 1769538247.138753
  },
  "zhb_email": {
    "quota": 2050.0,
    "used": 0.0,
    "timestamp": 1769538270.0009155
  },
  "linuxdo_84404_cookies": {
    "quota": 1168.12,
    "used": 1506.88,
    "timestamp": 1769538127.8439736
  },
  "linux_chuang_cookies": {
    "quota": 2316.86,
    "used": 58.14,
    "timestamp": 1768976425.9971125
  },
  "linux_bwj_cookies": {
    "quota": 475.04,
    "used": 1849.08,
    "timestamp": 1769538150.5274503
  },
  "linux_devbai_cookies": {
    "quota": 435.41,
    "used": 1914.59,
    "timestamp": 1768976443.3059564
  },
  "linux_Yeahnet_cookies": {
    "quota": 563.26,
    "used": 1786.74,
    "timestamp": 1768976452.2607367
  }
}