{
  "dctx_email": {
    "quota": 199.34,
    "used": 1150.66,
    "timestamp": 1763108572.774274
  },
  "ljq_email": {
    "quota": 1149.33,
    "used": 100.43,
    "timestamp": 1763108592.8198254
  },
  "zc_email": {
    "quota": 995.42,
    "used": 254.58,
    "timestamp": 1763108612.3236303
  },
  "zj_email": {
    "quota": 200.0,
    "used": 0.0,
    "timestamp": 1763108978.853263
  },
  "fks_email": {
    "quota": 200.0,
    "used": 0.0,
    "timestamp": 1763108998.7433817
  },
  "dxh_email": {
    "quota": 200.0,
    "used": 0.0,
    "timestamp": 1763109017.6670485
  },
  "zhb_email": {
    "quota": 200.0,
    "used": 0.0,
    "timestamp": 1763109036.5056586
  }
}