{
  "dctx_email": {
    "quota": 591.54,
    "used": 3108.75,
    "timestamp": 1771266452.0425088
  },
  "ljq_email": {
    "quota": 1077.87,
    "used": 2522.22,
    "timestamp": 1771266473.6795502
  },
  "zc_email": {
    "quota": 1366.3,
    "used": 2233.7,
    "timestamp": 1771266495.7767184
  },
  "zj_email": {
    "quota": 2550.0,
    "used": 0.0,
    "timestamp": 1771266575.7259488
  },
  "fks_email": {
    "quota": 2550.0,
    "used": 0.0,
    "timestamp": 1771266599.0282655
  },
  "dxh_email": {
    "quota": 2550.0,
    "used": 0.0,
    "timestamp": 1771266622.251047
  },
  "zhb_email": {
    "quota": 2550.0,
    "used": 0.0,
    "timestamp": 1771266645.234107
  },
  "linuxdo_84404_cookies": {
    "quota": 1118.32,
    "used": 2006.68,
    "timestamp": 1771050641.8473558
  },
  "linux_chuang_cookies": {
    "quota": 2675.44,
    "used": 199.56,
    "timestamp": 1771266521.651008
  },
  "linux_bwj_cookies": {
    "quota": 925.92,
    "used": 1849.08,
    "timestamp": 1771050659.1261163
  },
  "linux_devbai_cookies": {
    "quota": 935.41,
    "used": 1914.59,
    "timestamp": 1771266544.1451166
  },
  "linux_Yeahnet_cookies": {
    "quota": 1063.26,
    "used": 1786.74,
    "timestamp": 1771266553.210162
  }
}