{
  "dctx_email": {
    "quota": 449.06,
    "used": 1150.94,
    "timestamp": 1763965016.1437442
  },
  "ljq_email": {
    "quota": 1300.06,
    "used": 199.71,
    "timestamp": 1763965035.824581
  },
  "zc_email": {
    "quota": 1245.42,
    "used": 254.58,
    "timestamp": 1763965058.2933245
  },
  "zj_email": {
    "quota": 450.0,
    "used": 0.0,
    "timestamp": 1763965080.78766
  },
  "fks_email": {
    "quota": 450.0,
    "used": 0.0,
    "timestamp": 1763965102.9954696
  },
  "dxh_email": {
    "quota": 450.0,
    "used": 0.0,
    "timestamp": 1763965126.5806165
  },
  "zhb_email": {
    "quota": 450.0,
    "used": 0.0,
    "timestamp": 1763965149.4091852
  },
  "linuxdo_84404_cookies": {
    "quota": 75.09,
    "used": 1149.91,
    "timestamp": 1763965159.1572633
  },
  "linux_chuang_cookies": {
    "quota": 925.0,
    "used": 0.0,
    "timestamp": 1763965167.5416384
  },
  "linux_bwj_cookies": {
    "quota": 950.0,
    "used": 0.0,
    "timestamp": 1763965176.7387142
  },
  "linux_devbai_cookies": {
    "quota": 900.0,
    "used": 0.0,
    "timestamp": 1763965184.1003435
  },
  "linux_Yeahnet_cookies": {
    "quota": 900.0,
    "used": 0.0,
    "timestamp": 1763965191.540978
  }
}