{
  "dctx_email": {
    "quota": 1111.05,
    "used": 2263.95,
    "timestamp": 1770121822.4077897
  },
  "ljq_email": {
    "quota": 1553.06,
    "used": 1722.03,
    "timestamp": 1770121843.9885638
  },
  "zc_email": {
    "quota": 1028.26,
    "used": 2233.7,
    "timestamp": 1770121865.0428858
  },
  "zj_email": {
    "quota": 2225.0,
    "used": 0.0,
    "timestamp": 1770121930.5388064
  },
  "fks_email": {
    "quota": 2225.0,
    "used": 0.0,
    "timestamp": 1770121953.1109726
  },
  "dxh_email": {
    "quota": 2225.0,
    "used": 0.0,
    "timestamp": 1770121975.882476
  },
  "zhb_email": {
    "quota": 2225.0,
    "used": 0.0,
    "timestamp": 1770122000.6659274
  },
  "linuxdo_84404_cookies": {
    "quota": 1343.12,
    "used": 1506.88,
    "timestamp": 1770121873.3077407
  },
  "linux_chuang_cookies": {
    "quota": 2350.44,
    "used": 199.56,
    "timestamp": 1770121881.6657228
  },
  "linux_bwj_cookies": {
    "quota": 650.04,
    "used": 1849.08,
    "timestamp": 1770121890.46394
  },
  "linux_devbai_cookies": {
    "quota": 610.41,
    "used": 1914.59,
    "timestamp": 1770121899.4437017
  },
  "linux_Yeahnet_cookies": {
    "quota": 738.26,
    "used": 1786.74,
    "timestamp": 1770121907.8163836
  }
}