{
  "dctx_email": {
    "quota": 893.1,
    "used": 1356.9,
    "timestamp": 1766211319.4535534
  },
  "ljq_email": {
    "quota": 428.06,
    "used": 1722.03,
    "timestamp": 1766211341.3423395
  },
  "zc_email": {
    "quota": 50.22,
    "used": 2086.74,
    "timestamp": 1766211363.66731
  },
  "zj_email": {
    "quota": 1100.0,
    "used": 0.0,
    "timestamp": 1766211429.7915184
  },
  "fks_email": {
    "quota": 1100.0,
    "used": 0.0,
    "timestamp": 1766211451.6792173
  },
  "dxh_email": {
    "quota": 1100.0,
    "used": 0.0,
    "timestamp": 1766211473.7183454
  },
  "zhb_email": {
    "quota": 1100.0,
    "used": 0.0,
    "timestamp": 1766211495.2252903
  },
  "linuxdo_84404_cookies": {
    "quota": 672.62,
    "used": 1152.38,
    "timestamp": 1766211371.618634
  },
  "linux_chuang_cookies": {
    "quota": 1572.68,
    "used": 2.32,
    "timestamp": 1766211380.9076765
  },
  "linux_bwj_cookies": {
    "quota": 1550.0,
    "used": 0.0,
    "timestamp": 1766211389.1431115
  },
  "linux_devbai_cookies": {
    "quota": 1550.0,
    "used": 0.0,
    "timestamp": 1766211397.9434996
  },
  "linux_Yeahnet_cookies": {
    "quota": 1550.0,
    "used": 0.0,
    "timestamp": 1766211406.896635
  }
}