{
  "dctx_email": {
    "quota": 349.06,
    "used": 1150.94,
    "timestamp": 1763599389.431717
  },
  "ljq_email": {
    "quota": 1299.33,
    "used": 100.43,
    "timestamp": 1763599412.8200853
  },
  "zc_email": {
    "quota": 1145.42,
    "used": 254.58,
    "timestamp": 1763599435.5170135
  },
  "zj_email": {
    "quota": 350.0,
    "used": 0.0,
    "timestamp": 1763599474.723351
  },
  "fks_email": {
    "quota": 350.0,
    "used": 0.0,
    "timestamp": 1763599498.7601528
  },
  "dxh_email": {
    "quota": 350.0,
    "used": 0.0,
    "timestamp": 1763599522.4814985
  },
  "zhb_email": {
    "quota": 350.0,
    "used": 0.0,
    "timestamp": 1763599546.3658164
  }
}