{
  "dctx_email": {
    "quota": 274.06,
    "used": 1150.94,
    "timestamp": 1763403223.4482448
  },
  "ljq_email": {
    "quota": 1224.33,
    "used": 100.43,
    "timestamp": 1763403246.172205
  },
  "zc_email": {
    "quota": 1070.42,
    "used": 254.58,
    "timestamp": 1763403268.2408922
  },
  "zj_email": {
    "quota": 275.0,
    "used": 0.0,
    "timestamp": 1763403309.462275
  },
  "fks_email": {
    "quota": 275.0,
    "used": 0.0,
    "timestamp": 1763403331.5164392
  },
  "dxh_email": {
    "quota": 275.0,
    "used": 0.0,
    "timestamp": 1763403355.0782654
  },
  "zhb_email": {
    "quota": 275.0,
    "used": 0.0,
    "timestamp": 1763403376.433204
  }
}