{
  "dctx_email": {
    "quota": 441.25,
    "used": 3108.75,
    "timestamp": 1770749341.762014
  },
  "ljq_email": {
    "quota": 1366.27,
    "used": 2083.81,
    "timestamp": 1770749363.1638212
  },
  "zc_email": {
    "quota": 1203.26,
    "used": 2233.7,
    "timestamp": 1770749385.6137185
  },
  "zj_email": {
    "quota": 2400.0,
    "used": 0.0,
    "timestamp": 1770749452.306962
  },
  "fks_email": {
    "quota": 2400.0,
    "used": 0.0,
    "timestamp": 1770749475.6339238
  },
  "dxh_email": {
    "quota": 2400.0,
    "used": 0.0,
    "timestamp": 1770749499.0069568
  },
  "zhb_email": {
    "quota": 2400.0,
    "used": 0.0,
    "timestamp": 1770749521.0343683
  },
  "linuxdo_84404_cookies": {
    "quota": 1018.32,
    "used": 2006.68,
    "timestamp": 1770749395.2753959
  },
  "linux_chuang_cookies": {
    "quota": 2525.44,
    "used": 199.56,
    "timestamp": 1770749403.1825123
  },
  "linux_bwj_cookies": {
    "quota": 825.04,
    "used": 1849.08,
    "timestamp": 1770749411.7983234
  },
  "linux_devbai_cookies": {
    "quota": 785.41,
    "used": 1914.59,
    "timestamp": 1770749421.2234523
  },
  "linux_Yeahnet_cookies": {
    "quota": 913.26,
    "used": 1786.74,
    "timestamp": 1770749430.1398454
  }
}