{
  "dctx_email": {
    "quota": 711.37,
    "used": 2113.63,
    "timestamp": 1768179127.0767415
  },
  "ljq_email": {
    "quota": 1003.06,
    "used": 1722.03,
    "timestamp": 1768179147.573722
  },
  "zc_email": {
    "quota": 478.26,
    "used": 2233.7,
    "timestamp": 1768179169.8050232
  },
  "zj_email": {
    "quota": 1675.0,
    "used": 0.0,
    "timestamp": 1768179237.8401997
  },
  "fks_email": {
    "quota": 1675.0,
    "used": 0.0,
    "timestamp": 1768179260.3508403
  },
  "dxh_email": {
    "quota": 1675.0,
    "used": 0.0,
    "timestamp": 1768179282.4017475
  },
  "zhb_email": {
    "quota": 1675.0,
    "used": 0.0,
    "timestamp": 1768179304.9601715
  },
  "linuxdo_84404_cookies": {
    "quota": 1247.62,
    "used": 1152.38,
    "timestamp": 1768179178.5812507
  },
  "linux_chuang_cookies": {
    "quota": 2108.99,
    "used": 41.01,
    "timestamp": 1768179187.1018908
  },
  "linux_bwj_cookies": {
    "quota": 275.04,
    "used": 1849.08,
    "timestamp": 1768179197.2006361
  },
  "linux_devbai_cookies": {
    "quota": 210.41,
    "used": 1914.59,
    "timestamp": 1768179205.2847407
  },
  "linux_Yeahnet_cookies": {
    "quota": 678.69,
    "used": 1446.31,
    "timestamp": 1768179215.6016223
  }
}