{
  "dctx_email": {
    "quota": 749.06,
    "used": 1150.94,
    "timestamp": 1765044802.907112
  },
  "ljq_email": {
    "quota": 78.06,
    "used": 1722.03,
    "timestamp": 1765044825.039994
  },
  "zc_email": {
    "quota": 1514.17,
    "used": 285.83,
    "timestamp": 1765044845.7487519
  },
  "zj_email": {
    "quota": 750.0,
    "used": 0.0,
    "timestamp": 1765044867.1144333
  },
  "fks_email": {
    "quota": 750.0,
    "used": 0.0,
    "timestamp": 1765044888.8495798
  },
  "dxh_email": {
    "quota": 750.0,
    "used": 0.0,
    "timestamp": 1765044911.563436
  },
  "zhb_email": {
    "quota": 750.0,
    "used": 0.0,
    "timestamp": 1765044934.6303658
  },
  "linuxdo_84404_cookies": {
    "quota": 372.62,
    "used": 1152.38,
    "timestamp": 1765044942.2775517
  },
  "linux_chuang_cookies": {
    "quota": 1225.0,
    "used": 0.0,
    "timestamp": 1765044950.8215365
  },
  "linux_bwj_cookies": {
    "quota": 1250.0,
    "used": 0.0,
    "timestamp": 1765044959.4993312
  },
  "linux_devbai_cookies": {
    "quota": 1200.0,
    "used": 0.0,
    "timestamp": 1765044968.3252053
  },
  "linux_Yeahnet_cookies": {
    "quota": 1200.0,
    "used": 0.0,
    "timestamp": 1765044977.243344
  }
}