{
  "dctx_email": {
    "quota": 866.54,
    "used": 3108.75,
    "timestamp": 1772174247.2413094
  },
  "ljq_email": {
    "quota": 841.96,
    "used": 3033.12,
    "timestamp": 1772174269.5093122
  },
  "zc_email": {
    "quota": 1641.13,
    "used": 2233.87,
    "timestamp": 1772174290.121953
  },
  "zj_email": {
    "quota": 2825.0,
    "used": 0.0,
    "timestamp": 1772174356.0052984
  },
  "fks_email": {
    "quota": 2825.0,
    "used": 0.0,
    "timestamp": 1772174379.4293108
  },
  "dxh_email": {
    "quota": 2825.0,
    "used": 0.0,
    "timestamp": 1772174402.5058064
  },
  "zhb_email": {
    "quota": 2825.0,
    "used": 0.0,
    "timestamp": 1772174425.4619987
  },
  "linuxdo_84404_cookies": {
    "quota": 343.53,
    "used": 3006.47,
    "timestamp": 1772174299.451912
  },
  "linux_chuang_cookies": {
    "quota": 2950.44,
    "used": 199.56,
    "timestamp": 1772174307.9502134
  },
  "linux_bwj_cookies": {
    "quota": 1031.73,
    "used": 1943.27,
    "timestamp": 1772174315.4233863
  },
  "linux_devbai_cookies": {
    "quota": 1210.41,
    "used": 1914.59,
    "timestamp": 1772174324.763161
  },
  "linux_Yeahnet_cookies": {
    "quota": 1338.26,
    "used": 1786.74,
    "timestamp": 1772174332.6674006
  }
}