{
  "dctx_email": {
    "quota": 611.37,
    "used": 2113.63,
    "timestamp": 1767853055.7485268
  },
  "ljq_email": {
    "quota": 903.06,
    "used": 1722.03,
    "timestamp": 1767853076.9783487
  },
  "zc_email": {
    "quota": 388.27,
    "used": 2223.7,
    "timestamp": 1767853098.9157414
  },
  "zj_email": {
    "quota": 1575.0,
    "used": 0.0,
    "timestamp": 1767853163.2210526
  },
  "fks_email": {
    "quota": 1575.0,
    "used": 0.0,
    "timestamp": 1767853186.572499
  },
  "dxh_email": {
    "quota": 1575.0,
    "used": 0.0,
    "timestamp": 1767853209.0771816
  },
  "zhb_email": {
    "quota": 1575.0,
    "used": 0.0,
    "timestamp": 1767853230.9934604
  },
  "linuxdo_84404_cookies": {
    "quota": 1147.62,
    "used": 1152.38,
    "timestamp": 1767853107.1757612
  },
  "linux_chuang_cookies": {
    "quota": 2008.99,
    "used": 41.01,
    "timestamp": 1767853115.4551117
  },
  "linux_bwj_cookies": {
    "quota": 175.04,
    "used": 1849.08,
    "timestamp": 1767853124.1134427
  },
  "linux_devbai_cookies": {
    "quota": 333.06,
    "used": 1691.94,
    "timestamp": 1767853132.7983258
  },
  "linux_Yeahnet_cookies": {
    "quota": 2025.0,
    "used": 0.0,
    "timestamp": 1767853140.5768585
  }
}