{
  "dctx_email": {
    "quota": 816.54,
    "used": 3108.75,
    "timestamp": 1772022870.1402805
  },
  "ljq_email": {
    "quota": 822.92,
    "used": 3002.16,
    "timestamp": 1772022891.9905527
  },
  "zc_email": {
    "quota": 1591.13,
    "used": 2233.87,
    "timestamp": 1772022912.7463877
  },
  "zj_email": {
    "quota": 2775.0,
    "used": 0.0,
    "timestamp": 1772022982.0921915
  },
  "fks_email": {
    "quota": 2775.0,
    "used": 0.0,
    "timestamp": 1772023005.7531376
  },
  "dxh_email": {
    "quota": 2775.0,
    "used": 0.0,
    "timestamp": 1772023028.6308553
  },
  "zhb_email": {
    "quota": 2775.0,
    "used": 0.0,
    "timestamp": 1772023051.3690188
  },
  "linuxdo_84404_cookies": {
    "quota": 293.53,
    "used": 3006.47,
    "timestamp": 1772022922.2777336
  },
  "linux_chuang_cookies": {
    "quota": 2900.44,
    "used": 199.56,
    "timestamp": 1772022931.2811875
  },
  "linux_bwj_cookies": {
    "quota": 999.46,
    "used": 1925.54,
    "timestamp": 1772022939.9973207
  },
  "linux_devbai_cookies": {
    "quota": 1160.41,
    "used": 1914.59,
    "timestamp": 1772022949.0949922
  },
  "linux_Yeahnet_cookies": {
    "quota": 1288.26,
    "used": 1786.74,
    "timestamp": 1772022958.439883
  }
}