{
  "dctx_email": {
    "quota": 907.73,
    "used": 1292.27,
    "timestamp": 1766060380.7434082
  },
  "ljq_email": {
    "quota": 378.06,
    "used": 1722.03,
    "timestamp": 1766060402.9240985
  },
  "zc_email": {
    "quota": 0.22,
    "used": 2086.74,
    "timestamp": 1766060425.5470526
  },
  "zj_email": {
    "quota": 1050.0,
    "used": 0.0,
    "timestamp": 1766060491.212723
  },
  "fks_email": {
    "quota": 1050.0,
    "used": 0.0,
    "timestamp": 1766060513.5581493
  },
  "dxh_email": {
    "quota": 1050.0,
    "used": 0.0,
    "timestamp": 1766060536.0990543
  },
  "zhb_email": {
    "quota": 1050.0,
    "used": 0.0,
    "timestamp": 1766060558.0408826
  },
  "linuxdo_84404_cookies": {
    "quota": 622.62,
    "used": 1152.38,
    "timestamp": 1766060434.2847905
  },
  "linux_chuang_cookies": {
    "quota": 1522.68,
    "used": 2.32,
    "timestamp": 1766060442.412064
  },
  "linux_bwj_cookies": {
    "quota": 1500.0,
    "used": 0.0,
    "timestamp": 1766060451.6391606
  },
  "linux_devbai_cookies": {
    "quota": 1500.0,
    "used": 0.0,
    "timestamp": 1766060459.8381732
  },
  "linux_Yeahnet_cookies": {
    "quota": 1500.0,
    "used": 0.0,
    "timestamp": 1766060469.2436864
  }
}