{
  "dctx_email": {
    "quota": 311.37,
    "used": 2113.63,
    "timestamp": 1766816114.6252792
  },
  "ljq_email": {
    "quota": 603.06,
    "used": 1722.03,
    "timestamp": 1766816135.4242904
  },
  "zc_email": {
    "quota": 146.74,
    "used": 2165.22,
    "timestamp": 1766816156.1386259
  },
  "zj_email": {
    "quota": 1275.0,
    "used": 0.0,
    "timestamp": 1766816222.320227
  },
  "fks_email": {
    "quota": 1275.0,
    "used": 0.0,
    "timestamp": 1766816245.3743706
  },
  "dxh_email": {
    "quota": 1275.0,
    "used": 0.0,
    "timestamp": 1766816268.3569248
  },
  "zhb_email": {
    "quota": 1275.0,
    "used": 0.0,
    "timestamp": 1766816291.581891
  },
  "linuxdo_84404_cookies": {
    "quota": 847.62,
    "used": 1152.38,
    "timestamp": 1766816165.2158287
  },
  "linux_chuang_cookies": {
    "quota": 1737.86,
    "used": 12.14,
    "timestamp": 1766816173.749048
  },
  "linux_bwj_cookies": {
    "quota": 1334.45,
    "used": 390.55,
    "timestamp": 1766816182.5771396
  },
  "linux_devbai_cookies": {
    "quota": 1725.0,
    "used": 0.0,
    "timestamp": 1766816190.9714696
  },
  "linux_Yeahnet_cookies": {
    "quota": 1725.0,
    "used": 0.0,
    "timestamp": 1766816198.799901
  }
}