{
  "dctx_email": {
    "quota": 641.54,
    "used": 3108.75,
    "timestamp": 1771439742.7227883
  },
  "ljq_email": {
    "quota": 1127.87,
    "used": 2522.22,
    "timestamp": 1771439763.8270001
  },
  "zc_email": {
    "quota": 1416.3,
    "used": 2233.7,
    "timestamp": 1771439785.0913496
  },
  "zj_email": {
    "quota": 2600.0,
    "used": 0.0,
    "timestamp": 1771439863.4138043
  },
  "fks_email": {
    "quota": 2600.0,
    "used": 0.0,
    "timestamp": 1771439885.4640963
  },
  "dxh_email": {
    "quota": 2600.0,
    "used": 0.0,
    "timestamp": 1771439909.6549478
  },
  "zhb_email": {
    "quota": 2600.0,
    "used": 0.0,
    "timestamp": 1771439932.8237417
  },
  "linuxdo_84404_cookies": {
    "quota": 1118.32,
    "used": 2006.68,
    "timestamp": 1771050641.8473558
  },
  "linux_chuang_cookies": {
    "quota": 2725.44,
    "used": 199.56,
    "timestamp": 1771439807.7659295
  },
  "linux_bwj_cookies": {
    "quota": 925.92,
    "used": 1849.08,
    "timestamp": 1771050659.1261163
  },
  "linux_devbai_cookies": {
    "quota": 985.41,
    "used": 1914.59,
    "timestamp": 1771439831.3503726
  },
  "linux_Yeahnet_cookies": {
    "quota": 1113.26,
    "used": 1786.74,
    "timestamp": 1771439840.8425727
  }
}