{
  "dctx_email": {
    "quota": 466.25,
    "used": 3108.75,
    "timestamp": 1770772136.4694264
  },
  "ljq_email": {
    "quota": 1391.27,
    "used": 2083.81,
    "timestamp": 1770772158.3707786
  },
  "zc_email": {
    "quota": 1228.26,
    "used": 2233.7,
    "timestamp": 1770772178.8361547
  },
  "zj_email": {
    "quota": 2425.0,
    "used": 0.0,
    "timestamp": 1770772244.6198568
  },
  "fks_email": {
    "quota": 2425.0,
    "used": 0.0,
    "timestamp": 1770772267.260218
  },
  "dxh_email": {
    "quota": 2425.0,
    "used": 0.0,
    "timestamp": 1770772289.0635376
  },
  "zhb_email": {
    "quota": 2425.0,
    "used": 0.0,
    "timestamp": 1770772312.650301
  },
  "linuxdo_84404_cookies": {
    "quota": 1043.32,
    "used": 2006.68,
    "timestamp": 1770772188.1404812
  },
  "linux_chuang_cookies": {
    "quota": 2550.44,
    "used": 199.56,
    "timestamp": 1770772196.1488936
  },
  "linux_bwj_cookies": {
    "quota": 850.04,
    "used": 1849.08,
    "timestamp": 1770772203.6031396
  },
  "linux_devbai_cookies": {
    "quota": 810.41,
    "used": 1914.59,
    "timestamp": 1770772212.7162852
  },
  "linux_Yeahnet_cookies": {
    "quota": 938.26,
    "used": 1786.74,
    "timestamp": 1770772222.0254781
  }
}