{
  "dctx_email": {
    "quota": 998.45,
    "used": 1151.55,
    "timestamp": 1765865860.343895
  },
  "ljq_email": {
    "quota": 328.06,
    "used": 1722.03,
    "timestamp": 1765865883.3708744
  },
  "zc_email": {
    "quota": 545.04,
    "used": 1491.93,
    "timestamp": 1765865905.0986278
  },
  "zj_email": {
    "quota": 1000.0,
    "used": 0.0,
    "timestamp": 1765865971.587662
  },
  "fks_email": {
    "quota": 1000.0,
    "used": 0.0,
    "timestamp": 1765865993.7237685
  },
  "dxh_email": {
    "quota": 1000.0,
    "used": 0.0,
    "timestamp": 1765866016.7250824
  },
  "zhb_email": {
    "quota": 1000.0,
    "used": 0.0,
    "timestamp": 1765866040.4562967
  },
  "linuxdo_84404_cookies": {
    "quota": 572.62,
    "used": 1152.38,
    "timestamp": 1765865914.7482543
  },
  "linux_chuang_cookies": {
    "quota": 1472.68,
    "used": 2.32,
    "timestamp": 1765865923.56195
  },
  "linux_bwj_cookies": {
    "quota": 1450.0,
    "used": 0.0,
    "timestamp": 1765865932.166323
  },
  "linux_devbai_cookies": {
    "quota": 1450.0,
    "used": 0.0,
    "timestamp": 1765865941.0496595
  },
  "linux_Yeahnet_cookies": {
    "quota": 1450.0,
    "used": 0.0,
    "timestamp": 1765865949.9587173
  }
}