{
  "dctx_email": {
    "quota": 349.06,
    "used": 1150.94,
    "timestamp": 1763619304.8189313
  },
  "ljq_email": {
    "quota": 1299.33,
    "used": 100.43,
    "timestamp": 1763619326.1662254
  },
  "zc_email": {
    "quota": 1145.42,
    "used": 254.58,
    "timestamp": 1763619349.394538
  },
  "zj_email": {
    "quota": 350.0,
    "used": 0.0,
    "timestamp": 1763619390.4599462
  },
  "fks_email": {
    "quota": 350.0,
    "used": 0.0,
    "timestamp": 1763619413.240732
  },
  "dxh_email": {
    "quota": 350.0,
    "used": 0.0,
    "timestamp": 1763619437.3972614
  },
  "zhb_email": {
    "quota": 350.0,
    "used": 0.0,
    "timestamp": 1763619460.4719071
  }
}