{
  "dctx_email": {
    "quota": 386.37,
    "used": 2113.63,
    "timestamp": 1767075408.3649087
  },
  "ljq_email": {
    "quota": 678.06,
    "used": 1722.03,
    "timestamp": 1767075429.1579957
  },
  "zc_email": {
    "quota": 200.23,
    "used": 2186.73,
    "timestamp": 1767075451.5602262
  },
  "zj_email": {
    "quota": 1350.0,
    "used": 0.0,
    "timestamp": 1767075517.9294956
  },
  "fks_email": {
    "quota": 1350.0,
    "used": 0.0,
    "timestamp": 1767075540.905721
  },
  "dxh_email": {
    "quota": 1350.0,
    "used": 0.0,
    "timestamp": 1767075562.9064958
  },
  "zhb_email": {
    "quota": 1350.0,
    "used": 0.0,
    "timestamp": 1767075586.048678
  },
  "linuxdo_84404_cookies": {
    "quota": 922.62,
    "used": 1152.38,
    "timestamp": 1767075459.6225786
  },
  "linux_chuang_cookies": {
    "quota": 1812.86,
    "used": 12.14,
    "timestamp": 1767075468.7942026
  },
  "linux_bwj_cookies": {
    "quota": 468.04,
    "used": 1331.96,
    "timestamp": 1767075477.7735586
  },
  "linux_devbai_cookies": {
    "quota": 1800.0,
    "used": 0.0,
    "timestamp": 1767075487.081974
  },
  "linux_Yeahnet_cookies": {
    "quota": 1800.0,
    "used": 0.0,
    "timestamp": 1767075496.220812
  }
}