{
  "dctx_email": {
    "quota": 905.58,
    "used": 1344.42,
    "timestamp": 1766191460.4192555
  },
  "ljq_email": {
    "quota": 428.06,
    "used": 1722.03,
    "timestamp": 1766191481.220654
  },
  "zc_email": {
    "quota": 50.22,
    "used": 2086.74,
    "timestamp": 1766191502.0877392
  },
  "zj_email": {
    "quota": 1100.0,
    "used": 0.0,
    "timestamp": 1766191568.294411
  },
  "fks_email": {
    "quota": 1100.0,
    "used": 0.0,
    "timestamp": 1766191591.8539019
  },
  "dxh_email": {
    "quota": 1100.0,
    "used": 0.0,
    "timestamp": 1766191613.672044
  },
  "zhb_email": {
    "quota": 1100.0,
    "used": 0.0,
    "timestamp": 1766191635.023544
  },
  "linuxdo_84404_cookies": {
    "quota": 672.62,
    "used": 1152.38,
    "timestamp": 1766191511.3800719
  },
  "linux_chuang_cookies": {
    "quota": 1572.68,
    "used": 2.32,
    "timestamp": 1766191520.3227506
  },
  "linux_bwj_cookies": {
    "quota": 1550.0,
    "used": 0.0,
    "timestamp": 1766191528.4244316
  },
  "linux_devbai_cookies": {
    "quota": 1550.0,
    "used": 0.0,
    "timestamp": 1766191537.6130087
  },
  "linux_Yeahnet_cookies": {
    "quota": 1550.0,
    "used": 0.0,
    "timestamp": 1766191545.5214832
  }
}