{
  "dctx_email": {
    "quota": 741.54,
    "used": 3108.75,
    "timestamp": 1771722043.2263305
  },
  "ljq_email": {
    "quota": 749.03,
    "used": 3001.06,
    "timestamp": 1771722064.7461102
  },
  "zc_email": {
    "quota": 1516.13,
    "used": 2233.87,
    "timestamp": 1771722086.6120615
  },
  "zj_email": {
    "quota": 2700.0,
    "used": 0.0,
    "timestamp": 1771722149.053447
  },
  "fks_email": {
    "quota": 2700.0,
    "used": 0.0,
    "timestamp": 1771722170.4415896
  },
  "dxh_email": {
    "quota": 2700.0,
    "used": 0.0,
    "timestamp": 1771722192.7792287
  },
  "zhb_email": {
    "quota": 2700.0,
    "used": 0.0,
    "timestamp": 1771722214.85742
  },
  "linuxdo_84404_cookies": {
    "quota": 218.69,
    "used": 3006.31,
    "timestamp": 1771722095.1269228
  },
  "linux_chuang_cookies": {
    "quota": 2825.44,
    "used": 199.56,
    "timestamp": 1771722103.2290227
  },
  "linux_bwj_cookies": {
    "quota": 1000.92,
    "used": 1849.08,
    "timestamp": 1771722111.6046655
  },
  "linux_devbai_cookies": {
    "quota": 1085.41,
    "used": 1914.59,
    "timestamp": 1771722120.1550527
  },
  "linux_Yeahnet_cookies": {
    "quota": 1213.26,
    "used": 1786.74,
    "timestamp": 1771722127.713057
  }
}