{
  "dctx_email": {
    "quota": 898.45,
    "used": 1151.55,
    "timestamp": 1765520211.3148625
  },
  "ljq_email": {
    "quota": 228.06,
    "used": 1722.03,
    "timestamp": 1765520234.203883
  },
  "zc_email": {
    "quota": 1145.0,
    "used": 805.0,
    "timestamp": 1765520254.6181824
  },
  "zj_email": {
    "quota": 900.0,
    "used": 0.0,
    "timestamp": 1765520278.4305894
  },
  "fks_email": {
    "quota": 900.0,
    "used": 0.0,
    "timestamp": 1765520301.6584396
  },
  "dxh_email": {
    "quota": 900.0,
    "used": 0.0,
    "timestamp": 1765520324.188713
  },
  "zhb_email": {
    "quota": 900.0,
    "used": 0.0,
    "timestamp": 1765520346.5062306
  },
  "linuxdo_84404_cookies": {
    "quota": 522.62,
    "used": 1152.38,
    "timestamp": 1765520354.4212515
  },
  "linux_chuang_cookies": {
    "quota": 1372.68,
    "used": 2.32,
    "timestamp": 1765520361.9469094
  },
  "linux_bwj_cookies": {
    "quota": 1350.0,
    "used": 0.0,
    "timestamp": 1765327756.8106296
  },
  "linux_devbai_cookies": {
    "quota": 1350.0,
    "used": 0.0,
    "timestamp": 1765520382.7759836
  },
  "linux_Yeahnet_cookies": {
    "quota": 1350.0,
    "used": 0.0,
    "timestamp": 1765520390.5348947
  }
}