{
  "dctx_email": {
    "quota": 624.06,
    "used": 1150.94,
    "timestamp": 1764569847.8096442
  },
  "ljq_email": {
    "quota": 709.02,
    "used": 966.07,
    "timestamp": 1764569870.6869552
  },
  "zc_email": {
    "quota": 1420.11,
    "used": 254.89,
    "timestamp": 1764569893.4090712
  },
  "zj_email": {
    "quota": 625.0,
    "used": 0.0,
    "timestamp": 1764569916.6475444
  },
  "fks_email": {
    "quota": 625.0,
    "used": 0.0,
    "timestamp": 1764569939.0118165
  },
  "dxh_email": {
    "quota": 625.0,
    "used": 0.0,
    "timestamp": 1764569962.090842
  },
  "zhb_email": {
    "quota": 625.0,
    "used": 0.0,
    "timestamp": 1764569984.5600922
  },
  "linuxdo_84404_cookies": {
    "quota": 250.06,
    "used": 1149.94,
    "timestamp": 1764569994.7266138
  },
  "linux_chuang_cookies": {
    "quota": 1100.0,
    "used": 0.0,
    "timestamp": 1764570003.3182125
  },
  "linux_bwj_cookies": {
    "quota": 1125.0,
    "used": 0.0,
    "timestamp": 1764570014.207651
  },
  "linux_devbai_cookies": {
    "quota": 1075.0,
    "used": 0.0,
    "timestamp": 1764570023.6750941
  },
  "linux_Yeahnet_cookies": {
    "quota": 1075.0,
    "used": 0.0,
    "timestamp": 1764570032.6165307
  }
}