{
  "dctx_email": {
    "quota": 524.06,
    "used": 1150.94,
    "timestamp": 1764224183.956998
  },
  "ljq_email": {
    "quota": 1195.52,
    "used": 379.25,
    "timestamp": 1764224206.2924528
  },
  "zc_email": {
    "quota": 1320.42,
    "used": 254.58,
    "timestamp": 1764224228.951961
  },
  "zj_email": {
    "quota": 525.0,
    "used": 0.0,
    "timestamp": 1764224250.719548
  },
  "fks_email": {
    "quota": 525.0,
    "used": 0.0,
    "timestamp": 1764224273.4560432
  },
  "dxh_email": {
    "quota": 525.0,
    "used": 0.0,
    "timestamp": 1764224296.734713
  },
  "zhb_email": {
    "quota": 525.0,
    "used": 0.0,
    "timestamp": 1764224319.8175108
  },
  "linuxdo_84404_cookies": {
    "quota": 150.06,
    "used": 1149.94,
    "timestamp": 1764224328.5934064
  },
  "linux_chuang_cookies": {
    "quota": 1000.0,
    "used": 0.0,
    "timestamp": 1764224336.5347993
  },
  "linux_bwj_cookies": {
    "quota": 1025.0,
    "used": 0.0,
    "timestamp": 1764224344.5713255
  },
  "linux_devbai_cookies": {
    "quota": 975.0,
    "used": 0.0,
    "timestamp": 1764224353.223303
  },
  "linux_Yeahnet_cookies": {
    "quota": 975.0,
    "used": 0.0,
    "timestamp": 1764224361.3393557
  }
}