{
  "dctx_email": {
    "quota": 1013.71,
    "used": 2211.29,
    "timestamp": 1769602954.9943545
  },
  "ljq_email": {
    "quota": 1403.06,
    "used": 1722.03,
    "timestamp": 1769602977.322385
  },
  "zc_email": {
    "quota": 878.26,
    "used": 2233.7,
    "timestamp": 1769602999.1902685
  },
  "zj_email": {
    "quota": 2075.0,
    "used": 0.0,
    "timestamp": 1769603080.7833233
  },
  "fks_email": {
    "quota": 2075.0,
    "used": 0.0,
    "timestamp": 1769603103.7516363
  },
  "dxh_email": {
    "quota": 2075.0,
    "used": 0.0,
    "timestamp": 1769603127.1243503
  },
  "zhb_email": {
    "quota": 2075.0,
    "used": 0.0,
    "timestamp": 1769603152.1005964
  },
  "linuxdo_84404_cookies": {
    "quota": 1193.12,
    "used": 1506.88,
    "timestamp": 1769603008.5335119
  },
  "linux_chuang_cookies": {
    "quota": 2316.86,
    "used": 58.14,
    "timestamp": 1768976425.9971125
  },
  "linux_bwj_cookies": {
    "quota": 500.04,
    "used": 1849.08,
    "timestamp": 1769603030.8322458
  },
  "linux_devbai_cookies": {
    "quota": 435.41,
    "used": 1914.59,
    "timestamp": 1768976443.3059564
  },
  "linux_Yeahnet_cookies": {
    "quota": 563.26,
    "used": 1786.74,
    "timestamp": 1768976452.2607367
  }
}