{
  "dctx_email": {
    "quota": 961.37,
    "used": 2113.63,
    "timestamp": 1769062716.3372529
  },
  "ljq_email": {
    "quota": 1253.06,
    "used": 1722.03,
    "timestamp": 1769062739.6334584
  },
  "zc_email": {
    "quota": 728.26,
    "used": 2233.7,
    "timestamp": 1769062762.6293123
  },
  "zj_email": {
    "quota": 1925.0,
    "used": 0.0,
    "timestamp": 1769062844.028796
  },
  "fks_email": {
    "quota": 1925.0,
    "used": 0.0,
    "timestamp": 1769062866.0735776
  },
  "dxh_email": {
    "quota": 1925.0,
    "used": 0.0,
    "timestamp": 1769062887.2862697
  },
  "zhb_email": {
    "quota": 1925.0,
    "used": 0.0,
    "timestamp": 1769062911.424421
  },
  "linuxdo_84404_cookies": {
    "quota": 1043.12,
    "used": 1506.88,
    "timestamp": 1769062771.2836869
  },
  "linux_chuang_cookies": {
    "quota": 2316.86,
    "used": 58.14,
    "timestamp": 1768976425.9971125
  },
  "linux_bwj_cookies": {
    "quota": 350.04,
    "used": 1849.08,
    "timestamp": 1769062794.4140215
  },
  "linux_devbai_cookies": {
    "quota": 435.41,
    "used": 1914.59,
    "timestamp": 1768976443.3059564
  },
  "linux_Yeahnet_cookies": {
    "quota": 563.26,
    "used": 1786.74,
    "timestamp": 1768976452.2607367
  }
}