{
  "dctx_email": {
    "quota": 966.54,
    "used": 3108.75,
    "timestamp": 1772519746.1529436
  },
  "ljq_email": {
    "quota": 25.15,
    "used": 3949.93,
    "timestamp": 1772519769.517704
  },
  "zc_email": {
    "quota": 1741.13,
    "used": 2233.87,
    "timestamp": 1772519790.9625056
  },
  "zj_email": {
    "quota": 2925.0,
    "used": 0.0,
    "timestamp": 1772519865.083774
  },
  "fks_email": {
    "quota": 2925.0,
    "used": 0.0,
    "timestamp": 1772519886.207978
  },
  "dxh_email": {
    "quota": 2925.0,
    "used": 0.0,
    "timestamp": 1772519907.9371128
  },
  "zhb_email": {
    "quota": 2925.0,
    "used": 0.0,
    "timestamp": 1772519930.412925
  },
  "linuxdo_84404_cookies": {
    "quota": 443.53,
    "used": 3006.47,
    "timestamp": 1772519800.5520365
  },
  "linux_chuang_cookies": {
    "quota": 2823.52,
    "used": 426.48,
    "timestamp": 1772519809.6177754
  },
  "linux_bwj_cookies": {
    "quota": 939.89,
    "used": 2135.11,
    "timestamp": 1772519822.9728131
  },
  "linux_devbai_cookies": {
    "quota": 1310.41,
    "used": 1914.59,
    "timestamp": 1772519830.7698317
  },
  "linux_Yeahnet_cookies": {
    "quota": 1433.99,
    "used": 1791.01,
    "timestamp": 1772519840.0230682
  }
}