{
  "dctx_email": {
    "quota": 973.45,
    "used": 1151.55,
    "timestamp": 1765779504.3191369
  },
  "ljq_email": {
    "quota": 303.06,
    "used": 1722.03,
    "timestamp": 1765779526.8447978
  },
  "zc_email": {
    "quota": 692.36,
    "used": 1319.6,
    "timestamp": 1765779547.8557482
  },
  "zj_email": {
    "quota": 975.0,
    "used": 0.0,
    "timestamp": 1765779618.83405
  },
  "fks_email": {
    "quota": 975.0,
    "used": 0.0,
    "timestamp": 1765779641.5806928
  },
  "dxh_email": {
    "quota": 975.0,
    "used": 0.0,
    "timestamp": 1765779664.5921278
  },
  "zhb_email": {
    "quota": 975.0,
    "used": 0.0,
    "timestamp": 1765779688.2846763
  },
  "linuxdo_84404_cookies": {
    "quota": 547.62,
    "used": 1152.38,
    "timestamp": 1765606643.1339786
  },
  "linux_chuang_cookies": {
    "quota": 1447.68,
    "used": 2.32,
    "timestamp": 1765779570.066094
  },
  "linux_bwj_cookies": {
    "quota": 1425.0,
    "used": 0.0,
    "timestamp": 1765779579.423895
  },
  "linux_devbai_cookies": {
    "quota": 1425.0,
    "used": 0.0,
    "timestamp": 1765779587.7674098
  },
  "linux_Yeahnet_cookies": {
    "quota": 1425.0,
    "used": 0.0,
    "timestamp": 1765779595.9036965
  }
}