{
  "dctx_email": {
    "quota": 982.83,
    "used": 2167.17,
    "timestamp": 1769364897.3966894
  },
  "ljq_email": {
    "quota": 1328.06,
    "used": 1722.03,
    "timestamp": 1769364918.5896227
  },
  "zc_email": {
    "quota": 803.26,
    "used": 2233.7,
    "timestamp": 1769364939.5102892
  },
  "zj_email": {
    "quota": 2000.0,
    "used": 0.0,
    "timestamp": 1769365015.1990664
  },
  "fks_email": {
    "quota": 2000.0,
    "used": 0.0,
    "timestamp": 1769365036.098021
  },
  "dxh_email": {
    "quota": 2000.0,
    "used": 0.0,
    "timestamp": 1769365058.6695988
  },
  "zhb_email": {
    "quota": 2000.0,
    "used": 0.0,
    "timestamp": 1769365082.1880527
  },
  "linuxdo_84404_cookies": {
    "quota": 1118.12,
    "used": 1506.88,
    "timestamp": 1769364948.5736015
  },
  "linux_chuang_cookies": {
    "quota": 2316.86,
    "used": 58.14,
    "timestamp": 1768976425.9971125
  },
  "linux_bwj_cookies": {
    "quota": 425.04,
    "used": 1849.08,
    "timestamp": 1769364968.514526
  },
  "linux_devbai_cookies": {
    "quota": 435.41,
    "used": 1914.59,
    "timestamp": 1768976443.3059564
  },
  "linux_Yeahnet_cookies": {
    "quota": 563.26,
    "used": 1786.74,
    "timestamp": 1768976452.2607367
  }
}