{
  "dctx_email": {
    "quota": 674.06,
    "used": 1150.94,
    "timestamp": 1764742590.0759053
  },
  "ljq_email": {
    "quota": 212.26,
    "used": 1512.83,
    "timestamp": 1764742613.6824694
  },
  "zc_email": {
    "quota": 1453.85,
    "used": 271.15,
    "timestamp": 1764742637.2228467
  },
  "zj_email": {
    "quota": 675.0,
    "used": 0.0,
    "timestamp": 1764742658.6934514
  },
  "fks_email": {
    "quota": 675.0,
    "used": 0.0,
    "timestamp": 1764742683.013526
  },
  "dxh_email": {
    "quota": 675.0,
    "used": 0.0,
    "timestamp": 1764742706.5975296
  },
  "zhb_email": {
    "quota": 675.0,
    "used": 0.0,
    "timestamp": 1764742731.3112328
  },
  "linuxdo_84404_cookies": {
    "quota": 300.06,
    "used": 1149.94,
    "timestamp": 1764742740.2663317
  },
  "linux_chuang_cookies": {
    "quota": 1150.0,
    "used": 0.0,
    "timestamp": 1764742749.3488724
  },
  "linux_bwj_cookies": {
    "quota": 1175.0,
    "used": 0.0,
    "timestamp": 1764742758.6312163
  },
  "linux_devbai_cookies": {
    "quota": 1125.0,
    "used": 0.0,
    "timestamp": 1764742767.886911
  },
  "linux_Yeahnet_cookies": {
    "quota": 1125.0,
    "used": 0.0,
    "timestamp": 1764742777.7335398
  }
}