{
  "dctx_email": {
    "quota": 686.37,
    "used": 2113.63,
    "timestamp": 1768112168.4736807
  },
  "ljq_email": {
    "quota": 978.06,
    "used": 1722.03,
    "timestamp": 1768112190.819597
  },
  "zc_email": {
    "quota": 453.26,
    "used": 2233.7,
    "timestamp": 1768112212.6388516
  },
  "zj_email": {
    "quota": 1650.0,
    "used": 0.0,
    "timestamp": 1768112280.1602595
  },
  "fks_email": {
    "quota": 1650.0,
    "used": 0.0,
    "timestamp": 1768112302.039557
  },
  "dxh_email": {
    "quota": 1650.0,
    "used": 0.0,
    "timestamp": 1768112325.4950714
  },
  "zhb_email": {
    "quota": 1650.0,
    "used": 0.0,
    "timestamp": 1768112347.7371109
  },
  "linuxdo_84404_cookies": {
    "quota": 1222.62,
    "used": 1152.38,
    "timestamp": 1768112221.7093973
  },
  "linux_chuang_cookies": {
    "quota": 2083.99,
    "used": 41.01,
    "timestamp": 1768112230.8603969
  },
  "linux_bwj_cookies": {
    "quota": 250.04,
    "used": 1849.08,
    "timestamp": 1768112238.6102111
  },
  "linux_devbai_cookies": {
    "quota": 185.41,
    "used": 1914.59,
    "timestamp": 1768112248.0038512
  },
  "linux_Yeahnet_cookies": {
    "quota": 939.99,
    "used": 1160.01,
    "timestamp": 1768112257.041771
  }
}