{
  "dctx_email": {
    "quota": 1032.53,
    "used": 2217.47,
    "timestamp": 1769648236.9776146
  },
  "ljq_email": {
    "quota": 1428.06,
    "used": 1722.03,
    "timestamp": 1769648260.2367923
  },
  "zc_email": {
    "quota": 903.26,
    "used": 2233.7,
    "timestamp": 1769648280.9356172
  },
  "zj_email": {
    "quota": 2100.0,
    "used": 0.0,
    "timestamp": 1769648347.450574
  },
  "fks_email": {
    "quota": 2100.0,
    "used": 0.0,
    "timestamp": 1769648369.8689084
  },
  "dxh_email": {
    "quota": 2100.0,
    "used": 0.0,
    "timestamp": 1769648392.2592838
  },
  "zhb_email": {
    "quota": 2100.0,
    "used": 0.0,
    "timestamp": 1769648413.8767285
  },
  "linuxdo_84404_cookies": {
    "quota": 1218.12,
    "used": 1506.88,
    "timestamp": 1769648290.3350685
  },
  "linux_chuang_cookies": {
    "quota": 2225.44,
    "used": 199.56,
    "timestamp": 1769648299.1996548
  },
  "linux_bwj_cookies": {
    "quota": 525.04,
    "used": 1849.08,
    "timestamp": 1769648307.3980455
  },
  "linux_devbai_cookies": {
    "quota": 485.41,
    "used": 1914.59,
    "timestamp": 1769648316.2544236
  },
  "linux_Yeahnet_cookies": {
    "quota": 613.26,
    "used": 1786.74,
    "timestamp": 1769648324.1379716
  }
}