{
  "dctx_email": {
    "quota": 941.54,
    "used": 3108.75,
    "timestamp": 1772454590.943003
  },
  "ljq_email": {
    "quota": 155.94,
    "used": 3794.14,
    "timestamp": 1772454611.8290625
  },
  "zc_email": {
    "quota": 1716.13,
    "used": 2233.87,
    "timestamp": 1772454633.5139337
  },
  "zj_email": {
    "quota": 2900.0,
    "used": 0.0,
    "timestamp": 1772454696.8396993
  },
  "fks_email": {
    "quota": 2900.0,
    "used": 0.0,
    "timestamp": 1772454719.4771616
  },
  "dxh_email": {
    "quota": 2900.0,
    "used": 0.0,
    "timestamp": 1772454741.2937415
  },
  "zhb_email": {
    "quota": 2900.0,
    "used": 0.0,
    "timestamp": 1772454764.1014333
  },
  "linuxdo_84404_cookies": {
    "quota": 418.53,
    "used": 3006.47,
    "timestamp": 1772454642.0501351
  },
  "linux_chuang_cookies": {
    "quota": 3025.44,
    "used": 199.56,
    "timestamp": 1772454650.8350537
  },
  "linux_bwj_cookies": {
    "quota": 936.14,
    "used": 2113.86,
    "timestamp": 1772454658.503128
  },
  "linux_devbai_cookies": {
    "quota": 1285.41,
    "used": 1914.59,
    "timestamp": 1772454667.4296443
  },
  "linux_Yeahnet_cookies": {
    "quota": 1413.26,
    "used": 1786.74,
    "timestamp": 1772454675.6079628
  }
}