{
  "dctx_email": {
    "quota": 499.06,
    "used": 1150.94,
    "timestamp": 1764137770.6983447
  },
  "ljq_email": {
    "quota": 1285.6,
    "used": 264.16,
    "timestamp": 1764137792.922903
  },
  "zc_email": {
    "quota": 1295.42,
    "used": 254.58,
    "timestamp": 1764137813.2713318
  },
  "zj_email": {
    "quota": 500.0,
    "used": 0.0,
    "timestamp": 1764137833.7933156
  },
  "fks_email": {
    "quota": 500.0,
    "used": 0.0,
    "timestamp": 1764137855.7475889
  },
  "dxh_email": {
    "quota": 500.0,
    "used": 0.0,
    "timestamp": 1764137877.7241244
  },
  "zhb_email": {
    "quota": 500.0,
    "used": 0.0,
    "timestamp": 1764137900.6038241
  },
  "linuxdo_84404_cookies": {
    "quota": 125.09,
    "used": 1149.91,
    "timestamp": 1764137908.3992121
  },
  "linux_chuang_cookies": {
    "quota": 975.0,
    "used": 0.0,
    "timestamp": 1764137916.0628262
  },
  "linux_bwj_cookies": {
    "quota": 1000.0,
    "used": 0.0,
    "timestamp": 1764137923.4820683
  },
  "linux_devbai_cookies": {
    "quota": 950.0,
    "used": 0.0,
    "timestamp": 1764137931.421817
  },
  "linux_Yeahnet_cookies": {
    "quota": 950.0,
    "used": 0.0,
    "timestamp": 1764137940.4453363
  }
}