{
  "dctx_email": {
    "quota": 441.25,
    "used": 3108.75,
    "timestamp": 1770727354.1170616
  },
  "ljq_email": {
    "quota": 1525.81,
    "used": 1924.28,
    "timestamp": 1770727375.3437693
  },
  "zc_email": {
    "quota": 1203.26,
    "used": 2233.7,
    "timestamp": 1770727396.2608802
  },
  "zj_email": {
    "quota": 2400.0,
    "used": 0.0,
    "timestamp": 1770727460.3560038
  },
  "fks_email": {
    "quota": 2400.0,
    "used": 0.0,
    "timestamp": 1770727483.6758082
  },
  "dxh_email": {
    "quota": 2400.0,
    "used": 0.0,
    "timestamp": 1770727506.6515865
  },
  "zhb_email": {
    "quota": 2400.0,
    "used": 0.0,
    "timestamp": 1770727527.28759
  },
  "linuxdo_84404_cookies": {
    "quota": 1018.32,
    "used": 2006.68,
    "timestamp": 1770727404.6545675
  },
  "linux_chuang_cookies": {
    "quota": 2525.44,
    "used": 199.56,
    "timestamp": 1770727412.6835508
  },
  "linux_bwj_cookies": {
    "quota": 825.04,
    "used": 1849.08,
    "timestamp": 1770727420.8141284
  },
  "linux_devbai_cookies": {
    "quota": 785.41,
    "used": 1914.59,
    "timestamp": 1770727428.6188524
  },
  "linux_Yeahnet_cookies": {
    "quota": 913.26,
    "used": 1786.74,
    "timestamp": 1770727437.4232216
  }
}