{
  "dctx_email": {
    "quota": 299.06,
    "used": 1150.94,
    "timestamp": 1763426631.9364877
  },
  "ljq_email": {
    "quota": 1249.33,
    "used": 100.43,
    "timestamp": 1763426654.3640296
  },
  "zc_email": {
    "quota": 1095.42,
    "used": 254.58,
    "timestamp": 1763426676.3172836
  },
  "zj_email": {
    "quota": 300.0,
    "used": 0.0,
    "timestamp": 1763426713.3875408
  },
  "fks_email": {
    "quota": 300.0,
    "used": 0.0,
    "timestamp": 1763426734.971025
  },
  "dxh_email": {
    "quota": 300.0,
    "used": 0.0,
    "timestamp": 1763426757.8503883
  },
  "zhb_email": {
    "quota": 300.0,
    "used": 0.0,
    "timestamp": 1763426779.995819
  }
}