{
  "dctx_email": {
    "quota": 636.37,
    "used": 2113.63,
    "timestamp": 1767939453.3302155
  },
  "ljq_email": {
    "quota": 928.06,
    "used": 1722.03,
    "timestamp": 1767939475.1560013
  },
  "zc_email": {
    "quota": 408.22,
    "used": 2228.74,
    "timestamp": 1767939496.391196
  },
  "zj_email": {
    "quota": 1600.0,
    "used": 0.0,
    "timestamp": 1767939563.6369426
  },
  "fks_email": {
    "quota": 1600.0,
    "used": 0.0,
    "timestamp": 1767939585.6245282
  },
  "dxh_email": {
    "quota": 1600.0,
    "used": 0.0,
    "timestamp": 1767939608.471532
  },
  "zhb_email": {
    "quota": 1600.0,
    "used": 0.0,
    "timestamp": 1767939631.1155903
  },
  "linuxdo_84404_cookies": {
    "quota": 1172.62,
    "used": 1152.38,
    "timestamp": 1767939505.7665198
  },
  "linux_chuang_cookies": {
    "quota": 2033.99,
    "used": 41.01,
    "timestamp": 1767939513.5648005
  },
  "linux_bwj_cookies": {
    "quota": 200.04,
    "used": 1849.08,
    "timestamp": 1767939521.79528
  },
  "linux_devbai_cookies": {
    "quota": 135.41,
    "used": 1914.59,
    "timestamp": 1767939529.8299465
  },
  "linux_Yeahnet_cookies": {
    "quota": 2039.29,
    "used": 10.71,
    "timestamp": 1767939539.5223172
  }
}