{
  "dctx_email": {
    "quota": 691.54,
    "used": 3108.75,
    "timestamp": 1771549127.8330843
  },
  "ljq_email": {
    "quota": 1047.21,
    "used": 2652.88,
    "timestamp": 1771549151.0483942
  },
  "zc_email": {
    "quota": 1466.3,
    "used": 2233.7,
    "timestamp": 1771549173.2339153
  },
  "zj_email": {
    "quota": 2650.0,
    "used": 0.0,
    "timestamp": 1771549253.8353102
  },
  "fks_email": {
    "quota": 2650.0,
    "used": 0.0,
    "timestamp": 1771549276.504698
  },
  "dxh_email": {
    "quota": 2650.0,
    "used": 0.0,
    "timestamp": 1771549297.4877257
  },
  "zhb_email": {
    "quota": 2650.0,
    "used": 0.0,
    "timestamp": 1771549320.9203348
  },
  "linuxdo_84404_cookies": {
    "quota": 1118.32,
    "used": 2006.68,
    "timestamp": 1771050641.8473558
  },
  "linux_chuang_cookies": {
    "quota": 2775.44,
    "used": 199.56,
    "timestamp": 1771549196.3920627
  },
  "linux_bwj_cookies": {
    "quota": 925.92,
    "used": 1849.08,
    "timestamp": 1771050659.1261163
  },
  "linux_devbai_cookies": {
    "quota": 1035.41,
    "used": 1914.59,
    "timestamp": 1771549221.035245
  },
  "linux_Yeahnet_cookies": {
    "quota": 1163.26,
    "used": 1786.74,
    "timestamp": 1771549230.862956
  }
}