{
  "dctx_email": {
    "quota": 799.06,
    "used": 1150.94,
    "timestamp": 1765174714.2168067
  },
  "ljq_email": {
    "quota": 128.06,
    "used": 1722.03,
    "timestamp": 1765174736.1884723
  },
  "zc_email": {
    "quota": 1525.07,
    "used": 324.93,
    "timestamp": 1765174756.8149252
  },
  "zj_email": {
    "quota": 800.0,
    "used": 0.0,
    "timestamp": 1765174779.9016268
  },
  "fks_email": {
    "quota": 800.0,
    "used": 0.0,
    "timestamp": 1765174801.0141568
  },
  "dxh_email": {
    "quota": 800.0,
    "used": 0.0,
    "timestamp": 1765174824.4580314
  },
  "zhb_email": {
    "quota": 800.0,
    "used": 0.0,
    "timestamp": 1765174846.579983
  },
  "linuxdo_84404_cookies": {
    "quota": 422.62,
    "used": 1152.38,
    "timestamp": 1765174854.868993
  },
  "linux_chuang_cookies": {
    "quota": 1275.0,
    "used": 0.0,
    "timestamp": 1765174862.7823095
  },
  "linux_bwj_cookies": {
    "quota": 1300.0,
    "used": 0.0,
    "timestamp": 1765174870.4604917
  },
  "linux_devbai_cookies": {
    "quota": 1250.0,
    "used": 0.0,
    "timestamp": 1765174879.6654184
  },
  "linux_Yeahnet_cookies": {
    "quota": 1250.0,
    "used": 0.0,
    "timestamp": 1765174887.140886
  }
}