{
  "dctx_email": {
    "quota": 1111.05,
    "used": 2263.95,
    "timestamp": 1770080500.6030457
  },
  "ljq_email": {
    "quota": 1553.06,
    "used": 1722.03,
    "timestamp": 1770080523.174276
  },
  "zc_email": {
    "quota": 1028.26,
    "used": 2233.7,
    "timestamp": 1770080546.5774026
  },
  "zj_email": {
    "quota": 2225.0,
    "used": 0.0,
    "timestamp": 1770080612.6904547
  },
  "fks_email": {
    "quota": 2225.0,
    "used": 0.0,
    "timestamp": 1770080637.60999
  },
  "dxh_email": {
    "quota": 2225.0,
    "used": 0.0,
    "timestamp": 1770080659.9447596
  },
  "zhb_email": {
    "quota": 2225.0,
    "used": 0.0,
    "timestamp": 1770080683.665314
  },
  "linuxdo_84404_cookies": {
    "quota": 1343.12,
    "used": 1506.88,
    "timestamp": 1770080554.9347608
  },
  "linux_chuang_cookies": {
    "quota": 2350.44,
    "used": 199.56,
    "timestamp": 1770080565.120145
  },
  "linux_bwj_cookies": {
    "quota": 650.04,
    "used": 1849.08,
    "timestamp": 1770080573.6689696
  },
  "linux_devbai_cookies": {
    "quota": 610.41,
    "used": 1914.59,
    "timestamp": 1770080582.318382
  },
  "linux_Yeahnet_cookies": {
    "quota": 738.26,
    "used": 1786.74,
    "timestamp": 1770080591.3763862
  }
}