{
  "dctx_email": {
    "quota": 720.77,
    "used": 1579.23,
    "timestamp": 1766384272.9601686
  },
  "ljq_email": {
    "quota": 478.06,
    "used": 1722.03,
    "timestamp": 1766384294.7224135
  },
  "zc_email": {
    "quota": 90.73,
    "used": 2096.23,
    "timestamp": 1766384316.9423983
  },
  "zj_email": {
    "quota": 1150.0,
    "used": 0.0,
    "timestamp": 1766384394.2122009
  },
  "fks_email": {
    "quota": 1150.0,
    "used": 0.0,
    "timestamp": 1766384417.7325723
  },
  "dxh_email": {
    "quota": 1150.0,
    "used": 0.0,
    "timestamp": 1766384439.9185953
  },
  "zhb_email": {
    "quota": 1150.0,
    "used": 0.0,
    "timestamp": 1766384464.2517304
  },
  "linuxdo_84404_cookies": {
    "quota": 722.62,
    "used": 1152.38,
    "timestamp": 1766384324.367354
  },
  "linux_chuang_cookies": {
    "quota": 1597.68,
    "used": 2.32,
    "timestamp": 1766297787.716851
  },
  "linux_bwj_cookies": {
    "quota": 1600.0,
    "used": 0.0,
    "timestamp": 1766384346.6176276
  },
  "linux_devbai_cookies": {
    "quota": 1575.0,
    "used": 0.0,
    "timestamp": 1766297805.8223367
  },
  "linux_Yeahnet_cookies": {
    "quota": 1575.0,
    "used": 0.0,
    "timestamp": 1766297814.7642128
  }
}