{
  "dctx_email": {
    "quota": 386.37,
    "used": 2113.63,
    "timestamp": 1767118572.8292756
  },
  "ljq_email": {
    "quota": 678.06,
    "used": 1722.03,
    "timestamp": 1767118594.667489
  },
  "zc_email": {
    "quota": 200.23,
    "used": 2186.73,
    "timestamp": 1767118616.8444946
  },
  "zj_email": {
    "quota": 1350.0,
    "used": 0.0,
    "timestamp": 1767118680.925618
  },
  "fks_email": {
    "quota": 1350.0,
    "used": 0.0,
    "timestamp": 1767118704.0521762
  },
  "dxh_email": {
    "quota": 1350.0,
    "used": 0.0,
    "timestamp": 1767118726.868231
  },
  "zhb_email": {
    "quota": 1350.0,
    "used": 0.0,
    "timestamp": 1767118749.418898
  },
  "linuxdo_84404_cookies": {
    "quota": 922.62,
    "used": 1152.38,
    "timestamp": 1767118625.992192
  },
  "linux_chuang_cookies": {
    "quota": 1812.86,
    "used": 12.14,
    "timestamp": 1767118635.2881565
  },
  "linux_bwj_cookies": {
    "quota": 321.64,
    "used": 1478.36,
    "timestamp": 1767118642.723429
  },
  "linux_devbai_cookies": {
    "quota": 1800.0,
    "used": 0.0,
    "timestamp": 1767118651.3767052
  },
  "linux_Yeahnet_cookies": {
    "quota": 1800.0,
    "used": 0.0,
    "timestamp": 1767118660.016321
  }
}