{
  "dctx_email": {
    "quota": 1028.54,
    "used": 2221.46,
    "timestamp": 1769668309.0544376
  },
  "ljq_email": {
    "quota": 1428.06,
    "used": 1722.03,
    "timestamp": 1769668329.655708
  },
  "zc_email": {
    "quota": 903.26,
    "used": 2233.7,
    "timestamp": 1769668351.256023
  },
  "zj_email": {
    "quota": 2100.0,
    "used": 0.0,
    "timestamp": 1769668416.8248239
  },
  "fks_email": {
    "quota": 2100.0,
    "used": 0.0,
    "timestamp": 1769668438.6073573
  },
  "dxh_email": {
    "quota": 2100.0,
    "used": 0.0,
    "timestamp": 1769668460.7606328
  },
  "zhb_email": {
    "quota": 2100.0,
    "used": 0.0,
    "timestamp": 1769668483.3632176
  },
  "linuxdo_84404_cookies": {
    "quota": 1218.12,
    "used": 1506.88,
    "timestamp": 1769668360.0119777
  },
  "linux_chuang_cookies": {
    "quota": 2225.44,
    "used": 199.56,
    "timestamp": 1769668368.9056313
  },
  "linux_bwj_cookies": {
    "quota": 525.04,
    "used": 1849.08,
    "timestamp": 1769668377.7467277
  },
  "linux_devbai_cookies": {
    "quota": 485.41,
    "used": 1914.59,
    "timestamp": 1769668385.6985338
  },
  "linux_Yeahnet_cookies": {
    "quota": 613.26,
    "used": 1786.74,
    "timestamp": 1769668393.537087
  }
}