{
  "dctx_email": {
    "quota": 649.06,
    "used": 1150.94,
    "timestamp": 1764699394.1260042
  },
  "ljq_email": {
    "quota": 235.85,
    "used": 1464.24,
    "timestamp": 1764699416.7612586
  },
  "zc_email": {
    "quota": 1428.85,
    "used": 271.15,
    "timestamp": 1764699439.44334
  },
  "zj_email": {
    "quota": 650.0,
    "used": 0.0,
    "timestamp": 1764699463.2692826
  },
  "fks_email": {
    "quota": 650.0,
    "used": 0.0,
    "timestamp": 1764699486.6568933
  },
  "dxh_email": {
    "quota": 650.0,
    "used": 0.0,
    "timestamp": 1764699509.1912594
  },
  "zhb_email": {
    "quota": 650.0,
    "used": 0.0,
    "timestamp": 1764699532.6813335
  },
  "linuxdo_84404_cookies": {
    "quota": 275.06,
    "used": 1149.94,
    "timestamp": 1764699543.449708
  },
  "linux_chuang_cookies": {
    "quota": 1125.0,
    "used": 0.0,
    "timestamp": 1764699552.5147128
  },
  "linux_bwj_cookies": {
    "quota": 1150.0,
    "used": 0.0,
    "timestamp": 1764699563.1231344
  },
  "linux_devbai_cookies": {
    "quota": 1100.0,
    "used": 0.0,
    "timestamp": 1764699572.3564923
  },
  "linux_Yeahnet_cookies": {
    "quota": 1100.0,
    "used": 0.0,
    "timestamp": 1764699582.0635426
  }
}