{
  "dctx_email": {
    "quota": 499.06,
    "used": 1150.94,
    "timestamp": 1764159539.0084617
  },
  "ljq_email": {
    "quota": 1241.45,
    "used": 308.31,
    "timestamp": 1764159561.538623
  },
  "zc_email": {
    "quota": 1295.42,
    "used": 254.58,
    "timestamp": 1764159583.3946373
  },
  "zj_email": {
    "quota": 500.0,
    "used": 0.0,
    "timestamp": 1764159606.7021146
  },
  "fks_email": {
    "quota": 500.0,
    "used": 0.0,
    "timestamp": 1764159629.7585073
  },
  "dxh_email": {
    "quota": 500.0,
    "used": 0.0,
    "timestamp": 1764159651.5705357
  },
  "zhb_email": {
    "quota": 500.0,
    "used": 0.0,
    "timestamp": 1764159675.6456518
  },
  "linuxdo_84404_cookies": {
    "quota": 125.09,
    "used": 1149.91,
    "timestamp": 1764159686.1997476
  },
  "linux_chuang_cookies": {
    "quota": 975.0,
    "used": 0.0,
    "timestamp": 1764159695.6719675
  },
  "linux_bwj_cookies": {
    "quota": 1000.0,
    "used": 0.0,
    "timestamp": 1764159706.5069556
  },
  "linux_devbai_cookies": {
    "quota": 950.0,
    "used": 0.0,
    "timestamp": 1764159715.6195502
  },
  "linux_Yeahnet_cookies": {
    "quota": 950.0,
    "used": 0.0,
    "timestamp": 1764159725.5547757
  }
}