{
  "dctx_email": {
    "quota": 741.54,
    "used": 3108.75,
    "timestamp": 1771762890.2894564
  },
  "ljq_email": {
    "quota": 749.03,
    "used": 3001.06,
    "timestamp": 1771762910.891991
  },
  "zc_email": {
    "quota": 1516.13,
    "used": 2233.87,
    "timestamp": 1771762932.603714
  },
  "zj_email": {
    "quota": 2700.0,
    "used": 0.0,
    "timestamp": 1771762995.4494762
  },
  "fks_email": {
    "quota": 2700.0,
    "used": 0.0,
    "timestamp": 1771763017.5781624
  },
  "dxh_email": {
    "quota": 2700.0,
    "used": 0.0,
    "timestamp": 1771763039.8753557
  },
  "zhb_email": {
    "quota": 2700.0,
    "used": 0.0,
    "timestamp": 1771763062.50472
  },
  "linuxdo_84404_cookies": {
    "quota": 218.53,
    "used": 3006.47,
    "timestamp": 1771762940.7296398
  },
  "linux_chuang_cookies": {
    "quota": 2825.44,
    "used": 199.56,
    "timestamp": 1771762948.9374242
  },
  "linux_bwj_cookies": {
    "quota": 1000.92,
    "used": 1849.08,
    "timestamp": 1771762956.5011363
  },
  "linux_devbai_cookies": {
    "quota": 1085.41,
    "used": 1914.59,
    "timestamp": 1771762964.644711
  },
  "linux_Yeahnet_cookies": {
    "quota": 1213.26,
    "used": 1786.74,
    "timestamp": 1771762973.775587
  }
}