{
  "dctx_email": {
    "quota": 286.37,
    "used": 2113.63,
    "timestamp": 1766729850.614727
  },
  "ljq_email": {
    "quota": 578.06,
    "used": 1722.03,
    "timestamp": 1766729871.3654218
  },
  "zc_email": {
    "quota": 136.45,
    "used": 2150.52,
    "timestamp": 1766729894.5027344
  },
  "zj_email": {
    "quota": 1250.0,
    "used": 0.0,
    "timestamp": 1766729962.400239
  },
  "fks_email": {
    "quota": 1250.0,
    "used": 0.0,
    "timestamp": 1766729984.561613
  },
  "dxh_email": {
    "quota": 1250.0,
    "used": 0.0,
    "timestamp": 1766730007.4005437
  },
  "zhb_email": {
    "quota": 1250.0,
    "used": 0.0,
    "timestamp": 1766730030.9357843
  },
  "linuxdo_84404_cookies": {
    "quota": 822.62,
    "used": 1152.38,
    "timestamp": 1766729903.478074
  },
  "linux_chuang_cookies": {
    "quota": 1714.5,
    "used": 10.5,
    "timestamp": 1766729912.5661585
  },
  "linux_bwj_cookies": {
    "quota": 1552.13,
    "used": 147.87,
    "timestamp": 1766729922.0153177
  },
  "linux_devbai_cookies": {
    "quota": 1700.0,
    "used": 0.0,
    "timestamp": 1766729931.6852138
  },
  "linux_Yeahnet_cookies": {
    "quota": 1700.0,
    "used": 0.0,
    "timestamp": 1766729939.9078074
  }
}