{
  "dctx_email": {
    "quota": 1036.05,
    "used": 2263.95,
    "timestamp": 1769840596.5462756
  },
  "ljq_email": {
    "quota": 1478.06,
    "used": 1722.03,
    "timestamp": 1769840617.026661
  },
  "zc_email": {
    "quota": 953.26,
    "used": 2233.7,
    "timestamp": 1769840637.3410814
  },
  "zj_email": {
    "quota": 2150.0,
    "used": 0.0,
    "timestamp": 1769840697.4349813
  },
  "fks_email": {
    "quota": 2150.0,
    "used": 0.0,
    "timestamp": 1769840719.9833248
  },
  "dxh_email": {
    "quota": 2150.0,
    "used": 0.0,
    "timestamp": 1769840741.9056146
  },
  "zhb_email": {
    "quota": 2150.0,
    "used": 0.0,
    "timestamp": 1769840764.8649538
  },
  "linuxdo_84404_cookies": {
    "quota": 1268.12,
    "used": 1506.88,
    "timestamp": 1769840646.0633657
  },
  "linux_chuang_cookies": {
    "quota": 2275.44,
    "used": 199.56,
    "timestamp": 1769840653.2278302
  },
  "linux_bwj_cookies": {
    "quota": 575.04,
    "used": 1849.08,
    "timestamp": 1769840661.8490896
  },
  "linux_devbai_cookies": {
    "quota": 535.41,
    "used": 1914.59,
    "timestamp": 1769840669.6406908
  },
  "linux_Yeahnet_cookies": {
    "quota": 663.26,
    "used": 1786.74,
    "timestamp": 1769840677.7263567
  }
}