{
  "dctx_email": {
    "quota": 1086.05,
    "used": 2263.95,
    "timestamp": 1770056799.4939697
  },
  "ljq_email": {
    "quota": 1528.06,
    "used": 1722.03,
    "timestamp": 1770056821.457808
  },
  "zc_email": {
    "quota": 1003.26,
    "used": 2233.7,
    "timestamp": 1770056842.8880708
  },
  "zj_email": {
    "quota": 2200.0,
    "used": 0.0,
    "timestamp": 1770056907.250907
  },
  "fks_email": {
    "quota": 2200.0,
    "used": 0.0,
    "timestamp": 1770056930.5348122
  },
  "dxh_email": {
    "quota": 2200.0,
    "used": 0.0,
    "timestamp": 1770056954.4588556
  },
  "zhb_email": {
    "quota": 2200.0,
    "used": 0.0,
    "timestamp": 1770056975.579125
  },
  "linuxdo_84404_cookies": {
    "quota": 1318.12,
    "used": 1506.88,
    "timestamp": 1770056851.0039332
  },
  "linux_chuang_cookies": {
    "quota": 2325.44,
    "used": 199.56,
    "timestamp": 1770056858.8983214
  },
  "linux_bwj_cookies": {
    "quota": 625.04,
    "used": 1849.08,
    "timestamp": 1770056866.5564983
  },
  "linux_devbai_cookies": {
    "quota": 585.41,
    "used": 1914.59,
    "timestamp": 1770056875.9534488
  },
  "linux_Yeahnet_cookies": {
    "quota": 713.26,
    "used": 1786.74,
    "timestamp": 1770056885.5078425
  }
}