{
  "dctx_email": {
    "quota": 441.25,
    "used": 3108.75,
    "timestamp": 1770685870.8465471
  },
  "ljq_email": {
    "quota": 1645.39,
    "used": 1804.69,
    "timestamp": 1770685892.9179633
  },
  "zc_email": {
    "quota": 1203.26,
    "used": 2233.7,
    "timestamp": 1770685914.5217931
  },
  "zj_email": {
    "quota": 2400.0,
    "used": 0.0,
    "timestamp": 1770685976.7493303
  },
  "fks_email": {
    "quota": 2400.0,
    "used": 0.0,
    "timestamp": 1770685998.8138015
  },
  "dxh_email": {
    "quota": 2400.0,
    "used": 0.0,
    "timestamp": 1770686022.353368
  },
  "zhb_email": {
    "quota": 2400.0,
    "used": 0.0,
    "timestamp": 1770686045.2128322
  },
  "linuxdo_84404_cookies": {
    "quota": 1018.32,
    "used": 2006.68,
    "timestamp": 1770685921.8991296
  },
  "linux_chuang_cookies": {
    "quota": 2525.44,
    "used": 199.56,
    "timestamp": 1770685929.8360932
  },
  "linux_bwj_cookies": {
    "quota": 825.04,
    "used": 1849.08,
    "timestamp": 1770685938.5303679
  },
  "linux_devbai_cookies": {
    "quota": 785.41,
    "used": 1914.59,
    "timestamp": 1770685946.4129672
  },
  "linux_Yeahnet_cookies": {
    "quota": 913.26,
    "used": 1786.74,
    "timestamp": 1770685953.831305
  }
}