{
  "dctx_email": {
    "quota": 916.54,
    "used": 3108.75,
    "timestamp": 1772367689.4633267
  },
  "ljq_email": {
    "quota": 505.31,
    "used": 3419.77,
    "timestamp": 1772367711.01113
  },
  "zc_email": {
    "quota": 1691.13,
    "used": 2233.87,
    "timestamp": 1772367732.1424763
  },
  "zj_email": {
    "quota": 2875.0,
    "used": 0.0,
    "timestamp": 1772367794.8054156
  },
  "fks_email": {
    "quota": 2875.0,
    "used": 0.0,
    "timestamp": 1772367816.0480356
  },
  "dxh_email": {
    "quota": 2875.0,
    "used": 0.0,
    "timestamp": 1772367839.9653273
  },
  "zhb_email": {
    "quota": 2875.0,
    "used": 0.0,
    "timestamp": 1772367862.78664
  },
  "linuxdo_84404_cookies": {
    "quota": 393.53,
    "used": 3006.47,
    "timestamp": 1772367739.604288
  },
  "linux_chuang_cookies": {
    "quota": 3000.44,
    "used": 199.56,
    "timestamp": 1772367748.2725844
  },
  "linux_bwj_cookies": {
    "quota": 941.16,
    "used": 2083.84,
    "timestamp": 1772367757.3575172
  },
  "linux_devbai_cookies": {
    "quota": 1260.41,
    "used": 1914.59,
    "timestamp": 1772367765.453084
  },
  "linux_Yeahnet_cookies": {
    "quota": 1388.26,
    "used": 1786.74,
    "timestamp": 1772367774.3014123
  }
}