{
  "dctx_email": {
    "quota": 541.54,
    "used": 3108.75,
    "timestamp": 1771050589.3339505
  },
  "ljq_email": {
    "quota": 1195.36,
    "used": 2354.72,
    "timestamp": 1771050611.4565253
  },
  "zc_email": {
    "quota": 1316.3,
    "used": 2233.7,
    "timestamp": 1771050632.3769577
  },
  "zj_email": {
    "quota": 2500.0,
    "used": 0.0,
    "timestamp": 1771050699.7282035
  },
  "fks_email": {
    "quota": 2500.0,
    "used": 0.0,
    "timestamp": 1771050722.4736533
  },
  "dxh_email": {
    "quota": 2500.0,
    "used": 0.0,
    "timestamp": 1771050745.106827
  },
  "zhb_email": {
    "quota": 2500.0,
    "used": 0.0,
    "timestamp": 1771050768.7299514
  },
  "linuxdo_84404_cookies": {
    "quota": 1118.32,
    "used": 2006.68,
    "timestamp": 1771050641.8473558
  },
  "linux_chuang_cookies": {
    "quota": 2625.44,
    "used": 199.56,
    "timestamp": 1771050649.8350766
  },
  "linux_bwj_cookies": {
    "quota": 925.92,
    "used": 1849.08,
    "timestamp": 1771050659.1261163
  },
  "linux_devbai_cookies": {
    "quota": 885.41,
    "used": 1914.59,
    "timestamp": 1771050667.424335
  },
  "linux_Yeahnet_cookies": {
    "quota": 1013.26,
    "used": 1786.74,
    "timestamp": 1771050676.506308
  }
}