{
  "dctx_email": {
    "quota": 336.37,
    "used": 2113.63,
    "timestamp": 1766945665.6505399
  },
  "ljq_email": {
    "quota": 628.06,
    "used": 1722.03,
    "timestamp": 1766945687.8056734
  },
  "zc_email": {
    "quota": 171.74,
    "used": 2165.22,
    "timestamp": 1766945710.4258752
  },
  "zj_email": {
    "quota": 1300.0,
    "used": 0.0,
    "timestamp": 1766945774.6311262
  },
  "fks_email": {
    "quota": 1300.0,
    "used": 0.0,
    "timestamp": 1766945796.2021656
  },
  "dxh_email": {
    "quota": 1300.0,
    "used": 0.0,
    "timestamp": 1766945818.714119
  },
  "zhb_email": {
    "quota": 1300.0,
    "used": 0.0,
    "timestamp": 1766945842.065403
  },
  "linuxdo_84404_cookies": {
    "quota": 872.62,
    "used": 1152.38,
    "timestamp": 1766945719.3665583
  },
  "linux_chuang_cookies": {
    "quota": 1762.86,
    "used": 12.14,
    "timestamp": 1766945727.5095408
  },
  "linux_bwj_cookies": {
    "quota": 680.86,
    "used": 1069.14,
    "timestamp": 1766945736.7352767
  },
  "linux_devbai_cookies": {
    "quota": 1750.0,
    "used": 0.0,
    "timestamp": 1766945744.053528
  },
  "linux_Yeahnet_cookies": {
    "quota": 1750.0,
    "used": 0.0,
    "timestamp": 1766945752.7117627
  }
}