{
  "dctx_email": {
    "quota": 791.54,
    "used": 3108.75,
    "timestamp": 1771958630.1102471
  },
  "ljq_email": {
    "quota": 797.92,
    "used": 3002.16,
    "timestamp": 1771958653.088597
  },
  "zc_email": {
    "quota": 1566.13,
    "used": 2233.87,
    "timestamp": 1771958675.5446126
  },
  "zj_email": {
    "quota": 2750.0,
    "used": 0.0,
    "timestamp": 1771958742.6532946
  },
  "fks_email": {
    "quota": 2750.0,
    "used": 0.0,
    "timestamp": 1771958763.7078288
  },
  "dxh_email": {
    "quota": 2750.0,
    "used": 0.0,
    "timestamp": 1771958785.73422
  },
  "zhb_email": {
    "quota": 2750.0,
    "used": 0.0,
    "timestamp": 1771958809.281339
  },
  "linuxdo_84404_cookies": {
    "quota": 268.53,
    "used": 3006.47,
    "timestamp": 1771958684.7538643
  },
  "linux_chuang_cookies": {
    "quota": 2875.44,
    "used": 199.56,
    "timestamp": 1771958693.5365753
  },
  "linux_bwj_cookies": {
    "quota": 978.15,
    "used": 1921.85,
    "timestamp": 1771958701.2575128
  },
  "linux_devbai_cookies": {
    "quota": 1135.41,
    "used": 1914.59,
    "timestamp": 1771958709.573093
  },
  "linux_Yeahnet_cookies": {
    "quota": 1263.26,
    "used": 1786.74,
    "timestamp": 1771958719.5583615
  }
}