{
  "dctx_email": {
    "quota": 396.65,
    "used": 3053.35,
    "timestamp": 1770339424.9550123
  },
  "ljq_email": {
    "quota": 1628.06,
    "used": 1722.03,
    "timestamp": 1770339448.3448176
  },
  "zc_email": {
    "quota": 1103.26,
    "used": 2233.7,
    "timestamp": 1770339469.4939592
  },
  "zj_email": {
    "quota": 2300.0,
    "used": 0.0,
    "timestamp": 1770339535.2930882
  },
  "fks_email": {
    "quota": 2300.0,
    "used": 0.0,
    "timestamp": 1770339557.7543278
  },
  "dxh_email": {
    "quota": 2300.0,
    "used": 0.0,
    "timestamp": 1770339579.9865103
  },
  "zhb_email": {
    "quota": 2300.0,
    "used": 0.0,
    "timestamp": 1770339604.4816632
  },
  "linuxdo_84404_cookies": {
    "quota": 1418.12,
    "used": 1506.88,
    "timestamp": 1770339477.543157
  },
  "linux_chuang_cookies": {
    "quota": 2425.44,
    "used": 199.56,
    "timestamp": 1770339486.215479
  },
  "linux_bwj_cookies": {
    "quota": 725.04,
    "used": 1849.08,
    "timestamp": 1770339494.9156854
  },
  "linux_devbai_cookies": {
    "quota": 685.41,
    "used": 1914.59,
    "timestamp": 1770339504.4499247
  },
  "linux_Yeahnet_cookies": {
    "quota": 813.26,
    "used": 1786.74,
    "timestamp": 1770339513.9764798
  }
}