{
  "dctx_email": {
    "quota": 424.06,
    "used": 1150.94,
    "timestamp": 1763859074.501972
  },
  "ljq_email": {
    "quota": 1299.88,
    "used": 174.89,
    "timestamp": 1763859097.0949528
  },
  "zc_email": {
    "quota": 1220.42,
    "used": 254.58,
    "timestamp": 1763859117.8232577
  },
  "zj_email": {
    "quota": 425.0,
    "used": 0.0,
    "timestamp": 1763859139.4293916
  },
  "fks_email": {
    "quota": 425.0,
    "used": 0.0,
    "timestamp": 1763859162.156733
  },
  "dxh_email": {
    "quota": 425.0,
    "used": 0.0,
    "timestamp": 1763859183.3374553
  },
  "zhb_email": {
    "quota": 425.0,
    "used": 0.0,
    "timestamp": 1763859205.574006
  },
  "linuxdo_84404_cookies": {
    "quota": 50.09,
    "used": 1149.91,
    "timestamp": 1763859214.2299495
  },
  "linux_chuang_cookies": {
    "quota": 900.0,
    "used": 0.0,
    "timestamp": 1763859223.9080403
  },
  "linux_bwj_cookies": {
    "quota": 925.0,
    "used": 0.0,
    "timestamp": 1763859232.3238397
  },
  "linux_devbai_cookies": {
    "quota": 875.0,
    "used": 0.0,
    "timestamp": 1763859240.4891393
  },
  "linux_Yeahnet_cookies": {
    "quota": 875.0,
    "used": 0.0,
    "timestamp": 1763859248.2541692
  }
}