{
  "dctx_email": {
    "quota": 736.37,
    "used": 2113.63,
    "timestamp": 1768265032.2674334
  },
  "ljq_email": {
    "quota": 1028.06,
    "used": 1722.03,
    "timestamp": 1768265055.1798265
  },
  "zc_email": {
    "quota": 503.26,
    "used": 2233.7,
    "timestamp": 1768265077.0921898
  },
  "zj_email": {
    "quota": 1700.0,
    "used": 0.0,
    "timestamp": 1768265149.6680493
  },
  "fks_email": {
    "quota": 1700.0,
    "used": 0.0,
    "timestamp": 1768265172.6124759
  },
  "dxh_email": {
    "quota": 1700.0,
    "used": 0.0,
    "timestamp": 1768265195.027228
  },
  "zhb_email": {
    "quota": 1700.0,
    "used": 0.0,
    "timestamp": 1768265217.8701022
  },
  "linuxdo_84404_cookies": {
    "quota": 1272.62,
    "used": 1152.38,
    "timestamp": 1768265085.2227824
  },
  "linux_chuang_cookies": {
    "quota": 2132.38,
    "used": 42.62,
    "timestamp": 1768265094.0104795
  },
  "linux_bwj_cookies": {
    "quota": 275.04,
    "used": 1849.08,
    "timestamp": 1768198878.508116
  },
  "linux_devbai_cookies": {
    "quota": 235.41,
    "used": 1914.59,
    "timestamp": 1768265118.0185354
  },
  "linux_Yeahnet_cookies": {
    "quota": 509.16,
    "used": 1640.84,
    "timestamp": 1768265126.2776709
  }
}