{
  "dctx_email": {
    "quota": 891.54,
    "used": 3108.75,
    "timestamp": 1772302564.2754295
  },
  "ljq_email": {
    "quota": 805.37,
    "used": 3094.71,
    "timestamp": 1772302586.1886916
  },
  "zc_email": {
    "quota": 1666.13,
    "used": 2233.87,
    "timestamp": 1772302606.3279533
  },
  "zj_email": {
    "quota": 2850.0,
    "used": 0.0,
    "timestamp": 1772302670.5102932
  },
  "fks_email": {
    "quota": 2850.0,
    "used": 0.0,
    "timestamp": 1772302691.887287
  },
  "dxh_email": {
    "quota": 2850.0,
    "used": 0.0,
    "timestamp": 1772302713.5371473
  },
  "zhb_email": {
    "quota": 2850.0,
    "used": 0.0,
    "timestamp": 1772302735.3776598
  },
  "linuxdo_84404_cookies": {
    "quota": 368.53,
    "used": 3006.47,
    "timestamp": 1772302615.385829
  },
  "linux_chuang_cookies": {
    "quota": 2975.44,
    "used": 199.56,
    "timestamp": 1772302624.3735836
  },
  "linux_bwj_cookies": {
    "quota": 922.32,
    "used": 2077.68,
    "timestamp": 1772302632.3741605
  },
  "linux_devbai_cookies": {
    "quota": 1235.41,
    "used": 1914.59,
    "timestamp": 1772302640.55901
  },
  "linux_Yeahnet_cookies": {
    "quota": 1363.26,
    "used": 1786.74,
    "timestamp": 1772302648.3838995
  }
}