{
  "dctx_email": {
    "quota": 374.06,
    "used": 1150.94,
    "timestamp": 1763728168.0435867
  },
  "ljq_email": {
    "quota": 1308.55,
    "used": 116.21,
    "timestamp": 1763728190.113289
  },
  "zc_email": {
    "quota": 1170.42,
    "used": 254.58,
    "timestamp": 1763728211.701272
  },
  "zj_email": {
    "quota": 375.0,
    "used": 0.0,
    "timestamp": 1763728233.8706834
  },
  "fks_email": {
    "quota": 375.0,
    "used": 0.0,
    "timestamp": 1763728259.228791
  },
  "dxh_email": {
    "quota": 375.0,
    "used": 0.0,
    "timestamp": 1763728281.9423754
  },
  "zhb_email": {
    "quota": 375.0,
    "used": 0.0,
    "timestamp": 1763728302.3467932
  }
}