{
  "dctx_email": {
    "quota": 841.54,
    "used": 3108.75,
    "timestamp": 1772088235.9929388
  },
  "ljq_email": {
    "quota": 847.92,
    "used": 3002.16,
    "timestamp": 1772088257.0988767
  },
  "zc_email": {
    "quota": 1616.13,
    "used": 2233.87,
    "timestamp": 1772088279.5573397
  },
  "zj_email": {
    "quota": 2800.0,
    "used": 0.0,
    "timestamp": 1772088343.6561484
  },
  "fks_email": {
    "quota": 2800.0,
    "used": 0.0,
    "timestamp": 1772088367.0713944
  },
  "dxh_email": {
    "quota": 2800.0,
    "used": 0.0,
    "timestamp": 1772088389.2629983
  },
  "zhb_email": {
    "quota": 2800.0,
    "used": 0.0,
    "timestamp": 1772088412.773534
  },
  "linuxdo_84404_cookies": {
    "quota": 318.53,
    "used": 3006.47,
    "timestamp": 1772088287.8453493
  },
  "linux_chuang_cookies": {
    "quota": 2925.44,
    "used": 199.56,
    "timestamp": 1772088296.7409375
  },
  "linux_bwj_cookies": {
    "quota": 1019.49,
    "used": 1930.51,
    "timestamp": 1772088305.0674846
  },
  "linux_devbai_cookies": {
    "quota": 1185.41,
    "used": 1914.59,
    "timestamp": 1772088313.8563137
  },
  "linux_Yeahnet_cookies": {
    "quota": 1313.26,
    "used": 1786.74,
    "timestamp": 1772088321.7310178
  }
}