{
  "dctx_email": {
    "quota": 774.06,
    "used": 1150.94,
    "timestamp": 1765068689.4602108
  },
  "ljq_email": {
    "quota": 103.06,
    "used": 1722.03,
    "timestamp": 1765068712.3957899
  },
  "zc_email": {
    "quota": 1539.17,
    "used": 285.83,
    "timestamp": 1765068734.4878905
  },
  "zj_email": {
    "quota": 775.0,
    "used": 0.0,
    "timestamp": 1765068757.6929545
  },
  "fks_email": {
    "quota": 775.0,
    "used": 0.0,
    "timestamp": 1765068780.6453857
  },
  "dxh_email": {
    "quota": 775.0,
    "used": 0.0,
    "timestamp": 1765068804.145515
  },
  "zhb_email": {
    "quota": 775.0,
    "used": 0.0,
    "timestamp": 1765068826.9835677
  },
  "linuxdo_84404_cookies": {
    "quota": 397.62,
    "used": 1152.38,
    "timestamp": 1765068835.933555
  },
  "linux_chuang_cookies": {
    "quota": 1250.0,
    "used": 0.0,
    "timestamp": 1765068844.48639
  },
  "linux_bwj_cookies": {
    "quota": 1275.0,
    "used": 0.0,
    "timestamp": 1765068855.1477432
  },
  "linux_devbai_cookies": {
    "quota": 1225.0,
    "used": 0.0,
    "timestamp": 1765068864.4060707
  },
  "linux_Yeahnet_cookies": {
    "quota": 1225.0,
    "used": 0.0,
    "timestamp": 1765068873.6471436
  }
}