{
  "dctx_email": {
    "quota": 279.58,
    "used": 1045.42,
    "timestamp": 1762994626.8983605
  },
  "ljq_email": {
    "quota": 1124.33,
    "used": 100.43,
    "timestamp": 1762994647.8926113
  },
  "zc_email": {
    "quota": 982.54,
    "used": 242.46,
    "timestamp": 1762994669.0884511
  },
  "zj_email": {
    "quota": 175.0,
    "used": 0.0,
    "timestamp": 1762995288.8945029
  },
  "fks_email": {
    "quota": 175.0,
    "used": 0.0,
    "timestamp": 1762995309.0716984
  },
  "dxh_email": {
    "quota": 175.0,
    "used": 0.0,
    "timestamp": 1762995329.9737997
  },
  "zhb_email": {
    "quota": 175.0,
    "used": 0.0,
    "timestamp": 1762995349.5764759
  }
}