{
  "dctx_email": {
    "quota": 973.45,
    "used": 1151.55,
    "timestamp": 1765801256.6046674
  },
  "ljq_email": {
    "quota": 303.06,
    "used": 1722.03,
    "timestamp": 1765801278.667812
  },
  "zc_email": {
    "quota": 591.01,
    "used": 1420.95,
    "timestamp": 1765801300.3962216
  },
  "zj_email": {
    "quota": 975.0,
    "used": 0.0,
    "timestamp": 1765801372.5710208
  },
  "fks_email": {
    "quota": 975.0,
    "used": 0.0,
    "timestamp": 1765801395.342922
  },
  "dxh_email": {
    "quota": 975.0,
    "used": 0.0,
    "timestamp": 1765801417.6516743
  },
  "zhb_email": {
    "quota": 975.0,
    "used": 0.0,
    "timestamp": 1765801439.5204663
  },
  "linuxdo_84404_cookies": {
    "quota": 547.62,
    "used": 1152.38,
    "timestamp": 1765606643.1339786
  },
  "linux_chuang_cookies": {
    "quota": 1447.68,
    "used": 2.32,
    "timestamp": 1765801323.560049
  },
  "linux_bwj_cookies": {
    "quota": 1425.0,
    "used": 0.0,
    "timestamp": 1765801332.6915267
  },
  "linux_devbai_cookies": {
    "quota": 1425.0,
    "used": 0.0,
    "timestamp": 1765801341.7200603
  },
  "linux_Yeahnet_cookies": {
    "quota": 1425.0,
    "used": 0.0,
    "timestamp": 1765801351.3134997
  }
}