{
  "dctx_email": {
    "quota": 474.06,
    "used": 1150.94,
    "timestamp": 1764073178.1806476
  },
  "ljq_email": {
    "quota": 1279.96,
    "used": 244.81,
    "timestamp": 1764073199.702635
  },
  "zc_email": {
    "quota": 1270.42,
    "used": 254.58,
    "timestamp": 1764073222.0535693
  },
  "zj_email": {
    "quota": 475.0,
    "used": 0.0,
    "timestamp": 1764073244.462212
  },
  "fks_email": {
    "quota": 475.0,
    "used": 0.0,
    "timestamp": 1764073267.5959437
  },
  "dxh_email": {
    "quota": 475.0,
    "used": 0.0,
    "timestamp": 1764073290.3306437
  },
  "zhb_email": {
    "quota": 475.0,
    "used": 0.0,
    "timestamp": 1764073313.6663136
  },
  "linuxdo_84404_cookies": {
    "quota": 100.09,
    "used": 1149.91,
    "timestamp": 1764073323.2740462
  },
  "linux_chuang_cookies": {
    "quota": 950.0,
    "used": 0.0,
    "timestamp": 1764073333.5055697
  },
  "linux_bwj_cookies": {
    "quota": 975.0,
    "used": 0.0,
    "timestamp": 1764073343.8262393
  },
  "linux_devbai_cookies": {
    "quota": 925.0,
    "used": 0.0,
    "timestamp": 1764073352.89978
  },
  "linux_Yeahnet_cookies": {
    "quota": 925.0,
    "used": 0.0,
    "timestamp": 1764073362.6895325
  }
}