{
  "dctx_email": {
    "quota": 936.37,
    "used": 2113.63,
    "timestamp": 1768998146.2987194
  },
  "ljq_email": {
    "quota": 1228.06,
    "used": 1722.03,
    "timestamp": 1768998167.2811487
  },
  "zc_email": {
    "quota": 703.26,
    "used": 2233.7,
    "timestamp": 1768998189.4556422
  },
  "zj_email": {
    "quota": 1900.0,
    "used": 0.0,
    "timestamp": 1768998267.199642
  },
  "fks_email": {
    "quota": 1900.0,
    "used": 0.0,
    "timestamp": 1768998289.9091694
  },
  "dxh_email": {
    "quota": 1900.0,
    "used": 0.0,
    "timestamp": 1768998312.2842205
  },
  "zhb_email": {
    "quota": 1900.0,
    "used": 0.0,
    "timestamp": 1768998334.957312
  },
  "linuxdo_84404_cookies": {
    "quota": 1018.12,
    "used": 1506.88,
    "timestamp": 1768998198.1817477
  },
  "linux_chuang_cookies": {
    "quota": 2316.86,
    "used": 58.14,
    "timestamp": 1768976425.9971125
  },
  "linux_bwj_cookies": {
    "quota": 325.04,
    "used": 1849.08,
    "timestamp": 1768998219.322968
  },
  "linux_devbai_cookies": {
    "quota": 435.41,
    "used": 1914.59,
    "timestamp": 1768976443.3059564
  },
  "linux_Yeahnet_cookies": {
    "quota": 563.26,
    "used": 1786.74,
    "timestamp": 1768976452.2607367
  }
}