{
  "dctx_email": {
    "quota": 766.54,
    "used": 3108.75,
    "timestamp": 1771872310.3204172
  },
  "ljq_email": {
    "quota": 774.03,
    "used": 3001.06,
    "timestamp": 1771872333.2152894
  },
  "zc_email": {
    "quota": 1541.13,
    "used": 2233.87,
    "timestamp": 1771872354.180627
  },
  "zj_email": {
    "quota": 2725.0,
    "used": 0.0,
    "timestamp": 1771872422.5164776
  },
  "fks_email": {
    "quota": 2725.0,
    "used": 0.0,
    "timestamp": 1771872444.3560545
  },
  "dxh_email": {
    "quota": 2725.0,
    "used": 0.0,
    "timestamp": 1771872467.3379602
  },
  "zhb_email": {
    "quota": 2725.0,
    "used": 0.0,
    "timestamp": 1771872490.703164
  },
  "linuxdo_84404_cookies": {
    "quota": 243.53,
    "used": 3006.47,
    "timestamp": 1771872364.3259072
  },
  "linux_chuang_cookies": {
    "quota": 2850.44,
    "used": 199.56,
    "timestamp": 1771872373.8799815
  },
  "linux_bwj_cookies": {
    "quota": 953.41,
    "used": 1921.59,
    "timestamp": 1771872383.3124914
  },
  "linux_devbai_cookies": {
    "quota": 1110.41,
    "used": 1914.59,
    "timestamp": 1771872391.2227554
  },
  "linux_Yeahnet_cookies": {
    "quota": 1238.26,
    "used": 1786.74,
    "timestamp": 1771872399.8351028
  }
}