{
  "dctx_email": {
    "quota": 461.37,
    "used": 2113.63,
    "timestamp": 1767356346.4503877
  },
  "ljq_email": {
    "quota": 753.06,
    "used": 1722.03,
    "timestamp": 1767356368.4607227
  },
  "zc_email": {
    "quota": 265.52,
    "used": 2196.44,
    "timestamp": 1767356390.021063
  },
  "zj_email": {
    "quota": 1425.0,
    "used": 0.0,
    "timestamp": 1767356454.6243212
  },
  "fks_email": {
    "quota": 1425.0,
    "used": 0.0,
    "timestamp": 1767356477.2917082
  },
  "dxh_email": {
    "quota": 1425.0,
    "used": 0.0,
    "timestamp": 1767356499.9760182
  },
  "zhb_email": {
    "quota": 1425.0,
    "used": 0.0,
    "timestamp": 1767356522.8638332
  },
  "linuxdo_84404_cookies": {
    "quota": 997.62,
    "used": 1152.38,
    "timestamp": 1767356398.0187392
  },
  "linux_chuang_cookies": {
    "quota": 1858.99,
    "used": 41.01,
    "timestamp": 1767356406.7803118
  },
  "linux_bwj_cookies": {
    "quota": 25.04,
    "used": 1849.08,
    "timestamp": 1767356415.1209378
  },
  "linux_devbai_cookies": {
    "quota": 1604.25,
    "used": 270.75,
    "timestamp": 1767356424.1045244
  },
  "linux_Yeahnet_cookies": {
    "quota": 1875.0,
    "used": 0.0,
    "timestamp": 1767356432.4071531
  }
}