{
  "dctx_email": {
    "quota": 791.54,
    "used": 3108.75,
    "timestamp": 1771894742.304251
  },
  "ljq_email": {
    "quota": 799.03,
    "used": 3001.06,
    "timestamp": 1771894763.8295417
  },
  "zc_email": {
    "quota": 1566.13,
    "used": 2233.87,
    "timestamp": 1771894786.7589097
  },
  "zj_email": {
    "quota": 2750.0,
    "used": 0.0,
    "timestamp": 1771894854.568754
  },
  "fks_email": {
    "quota": 2750.0,
    "used": 0.0,
    "timestamp": 1771894877.9885135
  },
  "dxh_email": {
    "quota": 2750.0,
    "used": 0.0,
    "timestamp": 1771894900.2987285
  },
  "zhb_email": {
    "quota": 2750.0,
    "used": 0.0,
    "timestamp": 1771894923.2348425
  },
  "linuxdo_84404_cookies": {
    "quota": 268.53,
    "used": 3006.47,
    "timestamp": 1771894796.5489864
  },
  "linux_chuang_cookies": {
    "quota": 2875.44,
    "used": 199.56,
    "timestamp": 1771894806.6577802
  },
  "linux_bwj_cookies": {
    "quota": 978.41,
    "used": 1921.59,
    "timestamp": 1771894815.2810895
  },
  "linux_devbai_cookies": {
    "quota": 1135.41,
    "used": 1914.59,
    "timestamp": 1771894824.7377615
  },
  "linux_Yeahnet_cookies": {
    "quota": 1263.26,
    "used": 1786.74,
    "timestamp": 1771894832.6100729
  }
}