{
  "dctx_email": {
    "quota": 941.54,
    "used": 3108.75,
    "timestamp": 1772433681.4115431
  },
  "ljq_email": {
    "quota": 325.1,
    "used": 3624.98,
    "timestamp": 1772433703.1807494
  },
  "zc_email": {
    "quota": 1716.13,
    "used": 2233.87,
    "timestamp": 1772433723.7702153
  },
  "zj_email": {
    "quota": 2900.0,
    "used": 0.0,
    "timestamp": 1772433789.169641
  },
  "fks_email": {
    "quota": 2900.0,
    "used": 0.0,
    "timestamp": 1772433812.597135
  },
  "dxh_email": {
    "quota": 2900.0,
    "used": 0.0,
    "timestamp": 1772433835.5958698
  },
  "zhb_email": {
    "quota": 2900.0,
    "used": 0.0,
    "timestamp": 1772433858.4759684
  },
  "linuxdo_84404_cookies": {
    "quota": 418.53,
    "used": 3006.47,
    "timestamp": 1772433732.5587296
  },
  "linux_chuang_cookies": {
    "quota": 3025.44,
    "used": 199.56,
    "timestamp": 1772433740.547388
  },
  "linux_bwj_cookies": {
    "quota": 947.52,
    "used": 2102.48,
    "timestamp": 1772433748.7950642
  },
  "linux_devbai_cookies": {
    "quota": 1285.41,
    "used": 1914.59,
    "timestamp": 1772433757.742014
  },
  "linux_Yeahnet_cookies": {
    "quota": 1413.26,
    "used": 1786.74,
    "timestamp": 1772433766.2143707
  }
}