{
  "dctx_email": {
    "quota": 711.37,
    "used": 2113.63,
    "timestamp": 1768198809.899372
  },
  "ljq_email": {
    "quota": 1003.06,
    "used": 1722.03,
    "timestamp": 1768198830.9563665
  },
  "zc_email": {
    "quota": 478.26,
    "used": 2233.7,
    "timestamp": 1768198853.0315387
  },
  "zj_email": {
    "quota": 1675.0,
    "used": 0.0,
    "timestamp": 1768198920.5401738
  },
  "fks_email": {
    "quota": 1675.0,
    "used": 0.0,
    "timestamp": 1768198945.5361211
  },
  "dxh_email": {
    "quota": 1675.0,
    "used": 0.0,
    "timestamp": 1768198969.5362298
  },
  "zhb_email": {
    "quota": 1675.0,
    "used": 0.0,
    "timestamp": 1768198992.699523
  },
  "linuxdo_84404_cookies": {
    "quota": 1247.62,
    "used": 1152.38,
    "timestamp": 1768198861.5741608
  },
  "linux_chuang_cookies": {
    "quota": 2108.99,
    "used": 41.01,
    "timestamp": 1768198870.4265566
  },
  "linux_bwj_cookies": {
    "quota": 275.04,
    "used": 1849.08,
    "timestamp": 1768198878.508116
  },
  "linux_devbai_cookies": {
    "quota": 210.41,
    "used": 1914.59,
    "timestamp": 1768198887.6717737
  },
  "linux_Yeahnet_cookies": {
    "quota": 644.01,
    "used": 1480.99,
    "timestamp": 1768198896.8659384
  }
}