{
  "dctx_email": {
    "quota": 541.54,
    "used": 3108.75,
    "timestamp": 1771071632.9357336
  },
  "ljq_email": {
    "quota": 1100.97,
    "used": 2449.11,
    "timestamp": 1771071656.3815064
  },
  "zc_email": {
    "quota": 1316.3,
    "used": 2233.7,
    "timestamp": 1771071679.8791118
  },
  "zj_email": {
    "quota": 2500.0,
    "used": 0.0,
    "timestamp": 1771071758.4266908
  },
  "fks_email": {
    "quota": 2500.0,
    "used": 0.0,
    "timestamp": 1771071782.153214
  },
  "dxh_email": {
    "quota": 2500.0,
    "used": 0.0,
    "timestamp": 1771071805.7241237
  },
  "zhb_email": {
    "quota": 2500.0,
    "used": 0.0,
    "timestamp": 1771071830.9759822
  },
  "linuxdo_84404_cookies": {
    "quota": 1118.32,
    "used": 2006.68,
    "timestamp": 1771050641.8473558
  },
  "linux_chuang_cookies": {
    "quota": 2625.44,
    "used": 199.56,
    "timestamp": 1771071703.987535
  },
  "linux_bwj_cookies": {
    "quota": 925.92,
    "used": 1849.08,
    "timestamp": 1771050659.1261163
  },
  "linux_devbai_cookies": {
    "quota": 885.41,
    "used": 1914.59,
    "timestamp": 1771071726.4193413
  },
  "linux_Yeahnet_cookies": {
    "quota": 1013.26,
    "used": 1786.74,
    "timestamp": 1771071736.732423
  }
}