{
  "dctx_email": {
    "quota": 1028.85,
    "used": 1171.15,
    "timestamp": 1766038596.3842962
  },
  "ljq_email": {
    "quota": 378.06,
    "used": 1722.03,
    "timestamp": 1766038617.7568378
  },
  "zc_email": {
    "quota": 0.22,
    "used": 2086.74,
    "timestamp": 1766038639.3452375
  },
  "zj_email": {
    "quota": 1050.0,
    "used": 0.0,
    "timestamp": 1766038705.98693
  },
  "fks_email": {
    "quota": 1050.0,
    "used": 0.0,
    "timestamp": 1766038728.1977205
  },
  "dxh_email": {
    "quota": 1050.0,
    "used": 0.0,
    "timestamp": 1766038750.924824
  },
  "zhb_email": {
    "quota": 1050.0,
    "used": 0.0,
    "timestamp": 1766038773.2685676
  },
  "linuxdo_84404_cookies": {
    "quota": 622.62,
    "used": 1152.38,
    "timestamp": 1766038649.2967627
  },
  "linux_chuang_cookies": {
    "quota": 1522.68,
    "used": 2.32,
    "timestamp": 1766038657.8879888
  },
  "linux_bwj_cookies": {
    "quota": 1500.0,
    "used": 0.0,
    "timestamp": 1766038666.7867923
  },
  "linux_devbai_cookies": {
    "quota": 1500.0,
    "used": 0.0,
    "timestamp": 1766038676.398572
  },
  "linux_Yeahnet_cookies": {
    "quota": 1500.0,
    "used": 0.0,
    "timestamp": 1766038684.3224332
  }
}