{
  "dctx_email": {
    "quota": 898.45,
    "used": 1151.55,
    "timestamp": 1765563371.0976105
  },
  "ljq_email": {
    "quota": 228.06,
    "used": 1722.03,
    "timestamp": 1765563391.53181
  },
  "zc_email": {
    "quota": 1088.74,
    "used": 861.26,
    "timestamp": 1765563412.4843872
  },
  "zj_email": {
    "quota": 900.0,
    "used": 0.0,
    "timestamp": 1765563434.3459089
  },
  "fks_email": {
    "quota": 900.0,
    "used": 0.0,
    "timestamp": 1765563456.1501215
  },
  "dxh_email": {
    "quota": 900.0,
    "used": 0.0,
    "timestamp": 1765563478.6378427
  },
  "zhb_email": {
    "quota": 900.0,
    "used": 0.0,
    "timestamp": 1765563501.7451937
  },
  "linuxdo_84404_cookies": {
    "quota": 522.62,
    "used": 1152.38,
    "timestamp": 1765563509.2171912
  },
  "linux_chuang_cookies": {
    "quota": 1372.68,
    "used": 2.32,
    "timestamp": 1765563517.3402863
  },
  "linux_bwj_cookies": {
    "quota": 1350.0,
    "used": 0.0,
    "timestamp": 1765327756.8106296
  },
  "linux_devbai_cookies": {
    "quota": 1350.0,
    "used": 0.0,
    "timestamp": 1765563537.5274506
  },
  "linux_Yeahnet_cookies": {
    "quota": 1350.0,
    "used": 0.0,
    "timestamp": 1765563546.2763367
  }
}