{
  "dctx_email": {
    "quota": 349.06,
    "used": 1150.94,
    "timestamp": 1763641129.8918793
  },
  "ljq_email": {
    "quota": 1299.33,
    "used": 100.43,
    "timestamp": 1763641152.2841797
  },
  "zc_email": {
    "quota": 1145.42,
    "used": 254.58,
    "timestamp": 1763641174.8155637
  },
  "zj_email": {
    "quota": 350.0,
    "used": 0.0,
    "timestamp": 1763641223.854326
  },
  "fks_email": {
    "quota": 350.0,
    "used": 0.0,
    "timestamp": 1763641247.4113293
  },
  "dxh_email": {
    "quota": 350.0,
    "used": 0.0,
    "timestamp": 1763641270.1373065
  },
  "zhb_email": {
    "quota": 350.0,
    "used": 0.0,
    "timestamp": 1763641295.0845757
  }
}