{
  "dctx_email": {
    "quota": 914.93,
    "used": 1310.07,
    "timestamp": 1766125003.6897962
  },
  "ljq_email": {
    "quota": 403.06,
    "used": 1722.03,
    "timestamp": 1766125026.7091017
  },
  "zc_email": {
    "quota": 25.22,
    "used": 2086.74,
    "timestamp": 1766125049.498409
  },
  "zj_email": {
    "quota": 1075.0,
    "used": 0.0,
    "timestamp": 1766125112.4299722
  },
  "fks_email": {
    "quota": 1075.0,
    "used": 0.0,
    "timestamp": 1766125134.914797
  },
  "dxh_email": {
    "quota": 1075.0,
    "used": 0.0,
    "timestamp": 1766125158.0771148
  },
  "zhb_email": {
    "quota": 1075.0,
    "used": 0.0,
    "timestamp": 1766125179.2788272
  },
  "linuxdo_84404_cookies": {
    "quota": 647.62,
    "used": 1152.38,
    "timestamp": 1766125058.658974
  },
  "linux_chuang_cookies": {
    "quota": 1547.68,
    "used": 2.32,
    "timestamp": 1766125067.5492857
  },
  "linux_bwj_cookies": {
    "quota": 1525.0,
    "used": 0.0,
    "timestamp": 1766125075.2832088
  },
  "linux_devbai_cookies": {
    "quota": 1525.0,
    "used": 0.0,
    "timestamp": 1766125082.8890595
  },
  "linux_Yeahnet_cookies": {
    "quota": 1525.0,
    "used": 0.0,
    "timestamp": 1766125090.2193732
  }
}