{
  "dctx_email": {
    "quota": 724.06,
    "used": 1150.94,
    "timestamp": 1764904863.4352827
  },
  "ljq_email": {
    "quota": 105.63,
    "used": 1669.46,
    "timestamp": 1764904885.2195256
  },
  "zc_email": {
    "quota": 1503.85,
    "used": 271.15,
    "timestamp": 1764904905.605301
  },
  "zj_email": {
    "quota": 725.0,
    "used": 0.0,
    "timestamp": 1764904927.3059072
  },
  "fks_email": {
    "quota": 725.0,
    "used": 0.0,
    "timestamp": 1764904948.6294355
  },
  "dxh_email": {
    "quota": 725.0,
    "used": 0.0,
    "timestamp": 1764904970.2853389
  },
  "zhb_email": {
    "quota": 725.0,
    "used": 0.0,
    "timestamp": 1764904991.5515008
  },
  "linuxdo_84404_cookies": {
    "quota": 347.62,
    "used": 1152.38,
    "timestamp": 1764905001.42927
  },
  "linux_chuang_cookies": {
    "quota": 1200.0,
    "used": 0.0,
    "timestamp": 1764905009.2286396
  },
  "linux_bwj_cookies": {
    "quota": 1225.0,
    "used": 0.0,
    "timestamp": 1764905017.201493
  },
  "linux_devbai_cookies": {
    "quota": 1175.0,
    "used": 0.0,
    "timestamp": 1764905024.7780073
  },
  "linux_Yeahnet_cookies": {
    "quota": 1175.0,
    "used": 0.0,
    "timestamp": 1764905033.5179064
  }
}