{
  "dctx_email": {
    "quota": 1061.05,
    "used": 2263.95,
    "timestamp": 1769908041.3743556
  },
  "ljq_email": {
    "quota": 1503.06,
    "used": 1722.03,
    "timestamp": 1769908063.1302805
  },
  "zc_email": {
    "quota": 978.26,
    "used": 2233.7,
    "timestamp": 1769908085.2108808
  },
  "zj_email": {
    "quota": 2175.0,
    "used": 0.0,
    "timestamp": 1769908149.859224
  },
  "fks_email": {
    "quota": 2175.0,
    "used": 0.0,
    "timestamp": 1769908173.4432032
  },
  "dxh_email": {
    "quota": 2175.0,
    "used": 0.0,
    "timestamp": 1769908197.4757023
  },
  "zhb_email": {
    "quota": 2175.0,
    "used": 0.0,
    "timestamp": 1769908221.1024275
  },
  "linuxdo_84404_cookies": {
    "quota": 1293.12,
    "used": 1506.88,
    "timestamp": 1769908093.1034813
  },
  "linux_chuang_cookies": {
    "quota": 2300.44,
    "used": 199.56,
    "timestamp": 1769908101.679115
  },
  "linux_bwj_cookies": {
    "quota": 600.04,
    "used": 1849.08,
    "timestamp": 1769908110.9342725
  },
  "linux_devbai_cookies": {
    "quota": 560.41,
    "used": 1914.59,
    "timestamp": 1769908118.9696717
  },
  "linux_Yeahnet_cookies": {
    "quota": 688.26,
    "used": 1786.74,
    "timestamp": 1769908127.236485
  }
}