{
  "dctx_email": {
    "quota": 923.45,
    "used": 1151.55,
    "timestamp": 1765626835.6132026
  },
  "ljq_email": {
    "quota": 253.06,
    "used": 1722.03,
    "timestamp": 1765626857.0452816
  },
  "zc_email": {
    "quota": 1084.46,
    "used": 877.51,
    "timestamp": 1765626878.9731426
  },
  "zj_email": {
    "quota": 925.0,
    "used": 0.0,
    "timestamp": 1765626949.7006087
  },
  "fks_email": {
    "quota": 925.0,
    "used": 0.0,
    "timestamp": 1765626973.226768
  },
  "dxh_email": {
    "quota": 925.0,
    "used": 0.0,
    "timestamp": 1765626995.6468544
  },
  "zhb_email": {
    "quota": 925.0,
    "used": 0.0,
    "timestamp": 1765627019.4201536
  },
  "linuxdo_84404_cookies": {
    "quota": 547.62,
    "used": 1152.38,
    "timestamp": 1765606643.1339786
  },
  "linux_chuang_cookies": {
    "quota": 1397.68,
    "used": 2.32,
    "timestamp": 1765626900.4462056
  },
  "linux_bwj_cookies": {
    "quota": 1375.0,
    "used": 0.0,
    "timestamp": 1765626908.9888835
  },
  "linux_devbai_cookies": {
    "quota": 1375.0,
    "used": 0.0,
    "timestamp": 1765626916.8828528
  },
  "linux_Yeahnet_cookies": {
    "quota": 1375.0,
    "used": 0.0,
    "timestamp": 1765626926.345153
  }
}