{
  "dctx_email": {
    "quota": 991.54,
    "used": 3108.75,
    "timestamp": 1772605926.986005
  },
  "ljq_email": {
    "quota": 50.15,
    "used": 3949.93,
    "timestamp": 1772605948.8746197
  },
  "zc_email": {
    "quota": 1766.13,
    "used": 2233.87,
    "timestamp": 1772605969.4355536
  },
  "zj_email": {
    "quota": 2950.0,
    "used": 0.0,
    "timestamp": 1772606035.2676656
  },
  "fks_email": {
    "quota": 2950.0,
    "used": 0.0,
    "timestamp": 1772606059.3684785
  },
  "dxh_email": {
    "quota": 2950.0,
    "used": 0.0,
    "timestamp": 1772606083.6988046
  },
  "zhb_email": {
    "quota": 2950.0,
    "used": 0.0,
    "timestamp": 1772606106.455747
  },
  "linuxdo_84404_cookies": {
    "quota": 468.53,
    "used": 3006.47,
    "timestamp": 1772605978.1469612
  },
  "linux_chuang_cookies": {
    "quota": 2848.31,
    "used": 426.69,
    "timestamp": 1772605987.481831
  },
  "linux_bwj_cookies": {
    "quota": 891.63,
    "used": 2208.37,
    "timestamp": 1772605995.6019657
  },
  "linux_devbai_cookies": {
    "quota": 1335.41,
    "used": 1914.59,
    "timestamp": 1772606005.3685522
  },
  "linux_Yeahnet_cookies": {
    "quota": 1458.77,
    "used": 1791.23,
    "timestamp": 1772606015.065081
  }
}