{
  "dctx_email": {
    "quota": 616.54,
    "used": 3108.75,
    "timestamp": 1771310573.9558759
  },
  "ljq_email": {
    "quota": 1102.87,
    "used": 2522.22,
    "timestamp": 1771310596.1226847
  },
  "zc_email": {
    "quota": 1391.3,
    "used": 2233.7,
    "timestamp": 1771310618.448404
  },
  "zj_email": {
    "quota": 2575.0,
    "used": 0.0,
    "timestamp": 1771310694.5213778
  },
  "fks_email": {
    "quota": 2575.0,
    "used": 0.0,
    "timestamp": 1771310717.12578
  },
  "dxh_email": {
    "quota": 2575.0,
    "used": 0.0,
    "timestamp": 1771310741.147061
  },
  "zhb_email": {
    "quota": 2575.0,
    "used": 0.0,
    "timestamp": 1771310763.833857
  },
  "linuxdo_84404_cookies": {
    "quota": 1118.32,
    "used": 2006.68,
    "timestamp": 1771050641.8473558
  },
  "linux_chuang_cookies": {
    "quota": 2700.44,
    "used": 199.56,
    "timestamp": 1771310640.525523
  },
  "linux_bwj_cookies": {
    "quota": 925.92,
    "used": 1849.08,
    "timestamp": 1771050659.1261163
  },
  "linux_devbai_cookies": {
    "quota": 960.41,
    "used": 1914.59,
    "timestamp": 1771310662.265419
  },
  "linux_Yeahnet_cookies": {
    "quota": 1088.26,
    "used": 1786.74,
    "timestamp": 1771310670.727573
  }
}