{
  "dctx_email": {
    "quota": 1086.05,
    "used": 2263.95,
    "timestamp": 1770035391.111013
  },
  "ljq_email": {
    "quota": 1528.06,
    "used": 1722.03,
    "timestamp": 1770035410.9307053
  },
  "zc_email": {
    "quota": 1003.26,
    "used": 2233.7,
    "timestamp": 1770035433.2178755
  },
  "zj_email": {
    "quota": 2200.0,
    "used": 0.0,
    "timestamp": 1770035497.6617606
  },
  "fks_email": {
    "quota": 2200.0,
    "used": 0.0,
    "timestamp": 1770035520.187362
  },
  "dxh_email": {
    "quota": 2200.0,
    "used": 0.0,
    "timestamp": 1770035543.5890098
  },
  "zhb_email": {
    "quota": 2200.0,
    "used": 0.0,
    "timestamp": 1770035565.5758135
  },
  "linuxdo_84404_cookies": {
    "quota": 1318.12,
    "used": 1506.88,
    "timestamp": 1770035442.1181042
  },
  "linux_chuang_cookies": {
    "quota": 2325.44,
    "used": 199.56,
    "timestamp": 1770035450.489157
  },
  "linux_bwj_cookies": {
    "quota": 625.04,
    "used": 1849.08,
    "timestamp": 1770035459.715734
  },
  "linux_devbai_cookies": {
    "quota": 585.41,
    "used": 1914.59,
    "timestamp": 1770035468.600402
  },
  "linux_Yeahnet_cookies": {
    "quota": 713.26,
    "used": 1786.74,
    "timestamp": 1770035476.9733217
  }
}