{
  "dctx_email": {
    "quota": 561.37,
    "used": 2113.63,
    "timestamp": 1767680260.1900403
  },
  "ljq_email": {
    "quota": 853.06,
    "used": 1722.03,
    "timestamp": 1767680281.2754157
  },
  "zc_email": {
    "quota": 344.87,
    "used": 2217.09,
    "timestamp": 1767680302.2210577
  },
  "zj_email": {
    "quota": 1525.0,
    "used": 0.0,
    "timestamp": 1767680367.7322261
  },
  "fks_email": {
    "quota": 1525.0,
    "used": 0.0,
    "timestamp": 1767680391.111735
  },
  "dxh_email": {
    "quota": 1525.0,
    "used": 0.0,
    "timestamp": 1767680414.0907073
  },
  "zhb_email": {
    "quota": 1525.0,
    "used": 0.0,
    "timestamp": 1767680436.7363214
  },
  "linuxdo_84404_cookies": {
    "quota": 1097.62,
    "used": 1152.38,
    "timestamp": 1767680310.282484
  },
  "linux_chuang_cookies": {
    "quota": 1958.99,
    "used": 41.01,
    "timestamp": 1767680318.485331
  },
  "linux_bwj_cookies": {
    "quota": 125.04,
    "used": 1849.08,
    "timestamp": 1767680328.1561108
  },
  "linux_devbai_cookies": {
    "quota": 883.21,
    "used": 1091.79,
    "timestamp": 1767680335.9163861
  },
  "linux_Yeahnet_cookies": {
    "quota": 1975.0,
    "used": 0.0,
    "timestamp": 1767680344.5923345
  }
}