{
  "dctx_email": {
    "quota": 711.37,
    "used": 2113.63,
    "timestamp": 1768241803.4091794
  },
  "ljq_email": {
    "quota": 1003.06,
    "used": 1722.03,
    "timestamp": 1768241825.0603395
  },
  "zc_email": {
    "quota": 478.26,
    "used": 2233.7,
    "timestamp": 1768241845.567454
  },
  "zj_email": {
    "quota": 1675.0,
    "used": 0.0,
    "timestamp": 1768241914.3197203
  },
  "fks_email": {
    "quota": 1675.0,
    "used": 0.0,
    "timestamp": 1768241936.255351
  },
  "dxh_email": {
    "quota": 1675.0,
    "used": 0.0,
    "timestamp": 1768241958.3257787
  },
  "zhb_email": {
    "quota": 1675.0,
    "used": 0.0,
    "timestamp": 1768241980.9668372
  },
  "linuxdo_84404_cookies": {
    "quota": 1247.62,
    "used": 1152.38,
    "timestamp": 1768241854.3168247
  },
  "linux_chuang_cookies": {
    "quota": 2107.38,
    "used": 42.62,
    "timestamp": 1768241862.567985
  },
  "linux_bwj_cookies": {
    "quota": 275.04,
    "used": 1849.08,
    "timestamp": 1768198878.508116
  },
  "linux_devbai_cookies": {
    "quota": 210.41,
    "used": 1914.59,
    "timestamp": 1768241882.6604936
  },
  "linux_Yeahnet_cookies": {
    "quota": 484.16,
    "used": 1640.84,
    "timestamp": 1768241891.4552846
  }
}