{
  "dctx_email": {
    "quota": 1002.07,
    "used": 2147.93,
    "timestamp": 1769302496.5853975
  },
  "ljq_email": {
    "quota": 1328.06,
    "used": 1722.03,
    "timestamp": 1769302518.8803246
  },
  "zc_email": {
    "quota": 803.26,
    "used": 2233.7,
    "timestamp": 1769302541.0023203
  },
  "zj_email": {
    "quota": 2000.0,
    "used": 0.0,
    "timestamp": 1769302624.8974154
  },
  "fks_email": {
    "quota": 2000.0,
    "used": 0.0,
    "timestamp": 1769302649.5230033
  },
  "dxh_email": {
    "quota": 2000.0,
    "used": 0.0,
    "timestamp": 1769302671.2904465
  },
  "zhb_email": {
    "quota": 2000.0,
    "used": 0.0,
    "timestamp": 1769302696.1133063
  },
  "linuxdo_84404_cookies": {
    "quota": 1118.12,
    "used": 1506.88,
    "timestamp": 1769302550.6252596
  },
  "linux_chuang_cookies": {
    "quota": 2316.86,
    "used": 58.14,
    "timestamp": 1768976425.9971125
  },
  "linux_bwj_cookies": {
    "quota": 425.04,
    "used": 1849.08,
    "timestamp": 1769302573.289598
  },
  "linux_devbai_cookies": {
    "quota": 435.41,
    "used": 1914.59,
    "timestamp": 1768976443.3059564
  },
  "linux_Yeahnet_cookies": {
    "quota": 563.26,
    "used": 1786.74,
    "timestamp": 1768976452.2607367
  }
}