{
  "dctx_email": {
    "quota": 1033.46,
    "used": 2191.54,
    "timestamp": 1769561337.2302892
  },
  "ljq_email": {
    "quota": 1403.06,
    "used": 1722.03,
    "timestamp": 1769561358.1539836
  },
  "zc_email": {
    "quota": 878.26,
    "used": 2233.7,
    "timestamp": 1769561378.3726082
  },
  "zj_email": {
    "quota": 2075.0,
    "used": 0.0,
    "timestamp": 1769561461.341753
  },
  "fks_email": {
    "quota": 2075.0,
    "used": 0.0,
    "timestamp": 1769561485.1485872
  },
  "dxh_email": {
    "quota": 2075.0,
    "used": 0.0,
    "timestamp": 1769561506.3955858
  },
  "zhb_email": {
    "quota": 2075.0,
    "used": 0.0,
    "timestamp": 1769561529.8759363
  },
  "linuxdo_84404_cookies": {
    "quota": 1193.12,
    "used": 1506.88,
    "timestamp": 1769561387.8170767
  },
  "linux_chuang_cookies": {
    "quota": 2316.86,
    "used": 58.14,
    "timestamp": 1768976425.9971125
  },
  "linux_bwj_cookies": {
    "quota": 500.04,
    "used": 1849.08,
    "timestamp": 1769561411.5905387
  },
  "linux_devbai_cookies": {
    "quota": 435.41,
    "used": 1914.59,
    "timestamp": 1768976443.3059564
  },
  "linux_Yeahnet_cookies": {
    "quota": 563.26,
    "used": 1786.74,
    "timestamp": 1768976452.2607367
  }
}