{
  "dctx_email": {
    "quota": 382.62,
    "used": 3092.38,
    "timestamp": 1770445641.4913793
  },
  "ljq_email": {
    "quota": 1653.06,
    "used": 1722.03,
    "timestamp": 1770445664.3852694
  },
  "zc_email": {
    "quota": 1128.26,
    "used": 2233.7,
    "timestamp": 1770445687.2662451
  },
  "zj_email": {
    "quota": 2325.0,
    "used": 0.0,
    "timestamp": 1770445754.6616027
  },
  "fks_email": {
    "quota": 2325.0,
    "used": 0.0,
    "timestamp": 1770445777.110923
  },
  "dxh_email": {
    "quota": 2325.0,
    "used": 0.0,
    "timestamp": 1770445800.8367605
  },
  "zhb_email": {
    "quota": 2325.0,
    "used": 0.0,
    "timestamp": 1770445825.0911248
  },
  "linuxdo_84404_cookies": {
    "quota": 1317.52,
    "used": 1632.48,
    "timestamp": 1770445696.4552722
  },
  "linux_chuang_cookies": {
    "quota": 2450.44,
    "used": 199.56,
    "timestamp": 1770445705.6126103
  },
  "linux_bwj_cookies": {
    "quota": 750.04,
    "used": 1849.08,
    "timestamp": 1770445715.5829558
  },
  "linux_devbai_cookies": {
    "quota": 710.41,
    "used": 1914.59,
    "timestamp": 1770445724.3106847
  },
  "linux_Yeahnet_cookies": {
    "quota": 838.26,
    "used": 1786.74,
    "timestamp": 1770445733.3645182
  }
}