{
  "dctx_email": {
    "quota": 499.06,
    "used": 1150.94,
    "timestamp": 1764180808.5543325
  },
  "ljq_email": {
    "quota": 1216.82,
    "used": 332.95,
    "timestamp": 1764180832.28864
  },
  "zc_email": {
    "quota": 1295.42,
    "used": 254.58,
    "timestamp": 1764180856.7109573
  },
  "zj_email": {
    "quota": 500.0,
    "used": 0.0,
    "timestamp": 1764180880.6295004
  },
  "fks_email": {
    "quota": 500.0,
    "used": 0.0,
    "timestamp": 1764180905.838519
  },
  "dxh_email": {
    "quota": 500.0,
    "used": 0.0,
    "timestamp": 1764180929.8440018
  },
  "zhb_email": {
    "quota": 500.0,
    "used": 0.0,
    "timestamp": 1764180954.0588777
  },
  "linuxdo_84404_cookies": {
    "quota": 125.09,
    "used": 1149.91,
    "timestamp": 1764180965.2524164
  },
  "linux_chuang_cookies": {
    "quota": 975.0,
    "used": 0.0,
    "timestamp": 1764180975.4392757
  },
  "linux_bwj_cookies": {
    "quota": 1000.0,
    "used": 0.0,
    "timestamp": 1764180985.7881837
  },
  "linux_devbai_cookies": {
    "quota": 950.0,
    "used": 0.0,
    "timestamp": 1764180996.8378663
  },
  "linux_Yeahnet_cookies": {
    "quota": 950.0,
    "used": 0.0,
    "timestamp": 1764181008.1914723
  }
}