{
  "dctx_email": {
    "quota": 261.37,
    "used": 2113.63,
    "timestamp": 1766643401.9495785
  },
  "ljq_email": {
    "quota": 553.06,
    "used": 1722.03,
    "timestamp": 1766643423.4981365
  },
  "zc_email": {
    "quota": 122.48,
    "used": 2139.48,
    "timestamp": 1766643444.9235654
  },
  "zj_email": {
    "quota": 1225.0,
    "used": 0.0,
    "timestamp": 1766643510.7925353
  },
  "fks_email": {
    "quota": 1225.0,
    "used": 0.0,
    "timestamp": 1766643531.887464
  },
  "dxh_email": {
    "quota": 1225.0,
    "used": 0.0,
    "timestamp": 1766643556.4702187
  },
  "zhb_email": {
    "quota": 1225.0,
    "used": 0.0,
    "timestamp": 1766643578.3663194
  },
  "linuxdo_84404_cookies": {
    "quota": 797.62,
    "used": 1152.38,
    "timestamp": 1766643453.2250674
  },
  "linux_chuang_cookies": {
    "quota": 1689.5,
    "used": 10.5,
    "timestamp": 1766643460.8390684
  },
  "linux_bwj_cookies": {
    "quota": 1584.52,
    "used": 90.48,
    "timestamp": 1766643469.8115396
  },
  "linux_devbai_cookies": {
    "quota": 1675.0,
    "used": 0.0,
    "timestamp": 1766643479.3938498
  },
  "linux_Yeahnet_cookies": {
    "quota": 1675.0,
    "used": 0.0,
    "timestamp": 1766643489.287745
  }
}