{
  "dctx_email": {
    "quota": 611.37,
    "used": 2113.63,
    "timestamp": 1767874873.1603613
  },
  "ljq_email": {
    "quota": 903.06,
    "used": 1722.03,
    "timestamp": 1767874894.4811356
  },
  "zc_email": {
    "quota": 383.22,
    "used": 2228.74,
    "timestamp": 1767874915.8234718
  },
  "zj_email": {
    "quota": 1575.0,
    "used": 0.0,
    "timestamp": 1767874982.8095038
  },
  "fks_email": {
    "quota": 1575.0,
    "used": 0.0,
    "timestamp": 1767875005.3590183
  },
  "dxh_email": {
    "quota": 1575.0,
    "used": 0.0,
    "timestamp": 1767875028.3971446
  },
  "zhb_email": {
    "quota": 1575.0,
    "used": 0.0,
    "timestamp": 1767875050.4618921
  },
  "linuxdo_84404_cookies": {
    "quota": 1147.62,
    "used": 1152.38,
    "timestamp": 1767874924.729781
  },
  "linux_chuang_cookies": {
    "quota": 2008.99,
    "used": 41.01,
    "timestamp": 1767874933.1864338
  },
  "linux_bwj_cookies": {
    "quota": 175.04,
    "used": 1849.08,
    "timestamp": 1767874942.6577947
  },
  "linux_devbai_cookies": {
    "quota": 269.91,
    "used": 1755.09,
    "timestamp": 1767874952.4362288
  },
  "linux_Yeahnet_cookies": {
    "quota": 2025.0,
    "used": 0.0,
    "timestamp": 1767874960.2088094
  }
}