{
  "dctx_email": {
    "quota": 711.37,
    "used": 2113.63,
    "timestamp": 1768220502.6145952
  },
  "ljq_email": {
    "quota": 1003.06,
    "used": 1722.03,
    "timestamp": 1768220523.785614
  },
  "zc_email": {
    "quota": 478.26,
    "used": 2233.7,
    "timestamp": 1768220545.2440848
  },
  "zj_email": {
    "quota": 1675.0,
    "used": 0.0,
    "timestamp": 1768220619.3260057
  },
  "fks_email": {
    "quota": 1675.0,
    "used": 0.0,
    "timestamp": 1768220641.9549088
  },
  "dxh_email": {
    "quota": 1675.0,
    "used": 0.0,
    "timestamp": 1768220665.483005
  },
  "zhb_email": {
    "quota": 1675.0,
    "used": 0.0,
    "timestamp": 1768220688.3643823
  },
  "linuxdo_84404_cookies": {
    "quota": 1247.62,
    "used": 1152.38,
    "timestamp": 1768220554.853632
  },
  "linux_chuang_cookies": {
    "quota": 2108.9,
    "used": 41.1,
    "timestamp": 1768220564.8269997
  },
  "linux_bwj_cookies": {
    "quota": 275.04,
    "used": 1849.08,
    "timestamp": 1768198878.508116
  },
  "linux_devbai_cookies": {
    "quota": 210.41,
    "used": 1914.59,
    "timestamp": 1768220587.016868
  },
  "linux_Yeahnet_cookies": {
    "quota": 602.45,
    "used": 1522.55,
    "timestamp": 1768220597.1157877
  }
}