{
  "dctx_email": {
    "quota": 1023.45,
    "used": 1151.55,
    "timestamp": 1765973991.1338792
  },
  "ljq_email": {
    "quota": 353.06,
    "used": 1722.03,
    "timestamp": 1765974012.16702
  },
  "zc_email": {
    "quota": 439.85,
    "used": 1622.12,
    "timestamp": 1765974033.3707528
  },
  "zj_email": {
    "quota": 1025.0,
    "used": 0.0,
    "timestamp": 1765974100.9640799
  },
  "fks_email": {
    "quota": 1025.0,
    "used": 0.0,
    "timestamp": 1765974123.8782341
  },
  "dxh_email": {
    "quota": 1025.0,
    "used": 0.0,
    "timestamp": 1765974146.6493154
  },
  "zhb_email": {
    "quota": 1025.0,
    "used": 0.0,
    "timestamp": 1765974169.891923
  },
  "linuxdo_84404_cookies": {
    "quota": 597.62,
    "used": 1152.38,
    "timestamp": 1765974042.2764435
  },
  "linux_chuang_cookies": {
    "quota": 1497.68,
    "used": 2.32,
    "timestamp": 1765974051.7070322
  },
  "linux_bwj_cookies": {
    "quota": 1475.0,
    "used": 0.0,
    "timestamp": 1765974061.2048016
  },
  "linux_devbai_cookies": {
    "quota": 1475.0,
    "used": 0.0,
    "timestamp": 1765974070.309063
  },
  "linux_Yeahnet_cookies": {
    "quota": 1475.0,
    "used": 0.0,
    "timestamp": 1765974078.5612464
  }
}