{
  "dctx_email": {
    "quota": 199.28,
    "used": 1150.72,
    "timestamp": 1763113585.37645
  },
  "ljq_email": {
    "quota": 1149.33,
    "used": 100.43,
    "timestamp": 1763113609.5998566
  },
  "zc_email": {
    "quota": 995.42,
    "used": 254.58,
    "timestamp": 1763113632.0730941
  },
  "zj_email": {
    "quota": 200.0,
    "used": 0.0,
    "timestamp": 1763114062.490859
  },
  "fks_email": {
    "quota": 200.0,
    "used": 0.0,
    "timestamp": 1763114085.2125962
  },
  "dxh_email": {
    "quota": 200.0,
    "used": 0.0,
    "timestamp": 1763114106.7657707
  },
  "zhb_email": {
    "quota": 200.0,
    "used": 0.0,
    "timestamp": 1763114129.9860258
  }
}