{
  "dctx_email": {
    "quota": 873.45,
    "used": 1151.55,
    "timestamp": 1765414022.6024494
  },
  "ljq_email": {
    "quota": 203.06,
    "used": 1722.03,
    "timestamp": 1765414044.7238402
  },
  "zc_email": {
    "quota": 1142.74,
    "used": 782.26,
    "timestamp": 1765414066.7124841
  },
  "zj_email": {
    "quota": 875.0,
    "used": 0.0,
    "timestamp": 1765414087.9874165
  },
  "fks_email": {
    "quota": 875.0,
    "used": 0.0,
    "timestamp": 1765414111.8564122
  },
  "dxh_email": {
    "quota": 875.0,
    "used": 0.0,
    "timestamp": 1765414132.967952
  },
  "zhb_email": {
    "quota": 875.0,
    "used": 0.0,
    "timestamp": 1765414156.6405585
  },
  "linuxdo_84404_cookies": {
    "quota": 497.62,
    "used": 1152.38,
    "timestamp": 1765414164.9636316
  },
  "linux_chuang_cookies": {
    "quota": 1350.0,
    "used": 0.0,
    "timestamp": 1765414174.354911
  },
  "linux_bwj_cookies": {
    "quota": 1350.0,
    "used": 0.0,
    "timestamp": 1765327756.8106296
  },
  "linux_devbai_cookies": {
    "quota": 1325.0,
    "used": 0.0,
    "timestamp": 1765414198.3740869
  },
  "linux_Yeahnet_cookies": {
    "quota": 1325.0,
    "used": 0.0,
    "timestamp": 1765414206.6006873
  }
}