{
  "dctx_email": {
    "quota": 998.45,
    "used": 1151.55,
    "timestamp": 1765908990.0900898
  },
  "ljq_email": {
    "quota": 328.06,
    "used": 1722.03,
    "timestamp": 1765909011.6349058
  },
  "zc_email": {
    "quota": 444.09,
    "used": 1592.87,
    "timestamp": 1765909033.8436265
  },
  "zj_email": {
    "quota": 1000.0,
    "used": 0.0,
    "timestamp": 1765909098.221181
  },
  "fks_email": {
    "quota": 1000.0,
    "used": 0.0,
    "timestamp": 1765909122.029618
  },
  "dxh_email": {
    "quota": 1000.0,
    "used": 0.0,
    "timestamp": 1765909145.1405673
  },
  "zhb_email": {
    "quota": 1000.0,
    "used": 0.0,
    "timestamp": 1765909167.6242971
  },
  "linuxdo_84404_cookies": {
    "quota": 572.62,
    "used": 1152.38,
    "timestamp": 1765909042.6403806
  },
  "linux_chuang_cookies": {
    "quota": 1472.68,
    "used": 2.32,
    "timestamp": 1765909051.4405718
  },
  "linux_bwj_cookies": {
    "quota": 1450.0,
    "used": 0.0,
    "timestamp": 1765909059.2767882
  },
  "linux_devbai_cookies": {
    "quota": 1450.0,
    "used": 0.0,
    "timestamp": 1765909069.4091694
  },
  "linux_Yeahnet_cookies": {
    "quota": 1450.0,
    "used": 0.0,
    "timestamp": 1765909077.8686554
  }
}