{
  "dctx_email": {
    "quota": 866.54,
    "used": 3108.75,
    "timestamp": 1772195401.4271333
  },
  "ljq_email": {
    "quota": 841.96,
    "used": 3033.12,
    "timestamp": 1772195423.4459527
  },
  "zc_email": {
    "quota": 1641.13,
    "used": 2233.87,
    "timestamp": 1772195446.4203892
  },
  "zj_email": {
    "quota": 2825.0,
    "used": 0.0,
    "timestamp": 1772195511.6168797
  },
  "fks_email": {
    "quota": 2825.0,
    "used": 0.0,
    "timestamp": 1772195534.623272
  },
  "dxh_email": {
    "quota": 2825.0,
    "used": 0.0,
    "timestamp": 1772195557.3470163
  },
  "zhb_email": {
    "quota": 2825.0,
    "used": 0.0,
    "timestamp": 1772195581.220404
  },
  "linuxdo_84404_cookies": {
    "quota": 343.53,
    "used": 3006.47,
    "timestamp": 1772195454.5407295
  },
  "linux_chuang_cookies": {
    "quota": 2950.44,
    "used": 199.56,
    "timestamp": 1772195462.5777462
  },
  "linux_bwj_cookies": {
    "quota": 1029.24,
    "used": 1945.76,
    "timestamp": 1772195470.8425713
  },
  "linux_devbai_cookies": {
    "quota": 1210.41,
    "used": 1914.59,
    "timestamp": 1772195479.6772537
  },
  "linux_Yeahnet_cookies": {
    "quota": 1338.26,
    "used": 1786.74,
    "timestamp": 1772195488.6796803
  }
}