{
  "dctx_email": {
    "quota": 466.54,
    "used": 3108.75,
    "timestamp": 1770835557.2429554
  },
  "ljq_email": {
    "quota": 1276.94,
    "used": 2198.15,
    "timestamp": 1770835578.43061
  },
  "zc_email": {
    "quota": 1241.3,
    "used": 2233.7,
    "timestamp": 1770835598.6458735
  },
  "zj_email": {
    "quota": 2425.0,
    "used": 0.0,
    "timestamp": 1770835667.5438986
  },
  "fks_email": {
    "quota": 2425.0,
    "used": 0.0,
    "timestamp": 1770835689.4983125
  },
  "dxh_email": {
    "quota": 2425.0,
    "used": 0.0,
    "timestamp": 1770835711.5891535
  },
  "zhb_email": {
    "quota": 2425.0,
    "used": 0.0,
    "timestamp": 1770835733.6024692
  },
  "linuxdo_84404_cookies": {
    "quota": 1043.32,
    "used": 2006.68,
    "timestamp": 1770835608.1410253
  },
  "linux_chuang_cookies": {
    "quota": 2550.44,
    "used": 199.56,
    "timestamp": 1770835618.0774195
  },
  "linux_bwj_cookies": {
    "quota": 850.92,
    "used": 1849.08,
    "timestamp": 1770835626.040304
  },
  "linux_devbai_cookies": {
    "quota": 810.41,
    "used": 1914.59,
    "timestamp": 1770835635.3146594
  },
  "linux_Yeahnet_cookies": {
    "quota": 938.26,
    "used": 1786.74,
    "timestamp": 1770835644.7155788
  }
}