{
  "dctx_email": {
    "quota": 357.62,
    "used": 3092.38,
    "timestamp": 1770402726.160032
  },
  "ljq_email": {
    "quota": 1628.06,
    "used": 1722.03,
    "timestamp": 1770402746.8544242
  },
  "zc_email": {
    "quota": 1103.26,
    "used": 2233.7,
    "timestamp": 1770402767.956398
  },
  "zj_email": {
    "quota": 2300.0,
    "used": 0.0,
    "timestamp": 1770402830.6550775
  },
  "fks_email": {
    "quota": 2300.0,
    "used": 0.0,
    "timestamp": 1770402852.7897809
  },
  "dxh_email": {
    "quota": 2300.0,
    "used": 0.0,
    "timestamp": 1770402873.5193226
  },
  "zhb_email": {
    "quota": 2300.0,
    "used": 0.0,
    "timestamp": 1770402895.419788
  },
  "linuxdo_84404_cookies": {
    "quota": 1418.12,
    "used": 1506.88,
    "timestamp": 1770402776.150848
  },
  "linux_chuang_cookies": {
    "quota": 2425.44,
    "used": 199.56,
    "timestamp": 1770402784.373984
  },
  "linux_bwj_cookies": {
    "quota": 725.04,
    "used": 1849.08,
    "timestamp": 1770402792.5751965
  },
  "linux_devbai_cookies": {
    "quota": 685.41,
    "used": 1914.59,
    "timestamp": 1770402799.879049
  },
  "linux_Yeahnet_cookies": {
    "quota": 813.26,
    "used": 1786.74,
    "timestamp": 1770402808.7760596
  }
}