{
  "dctx_email": {
    "quota": 199.18,
    "used": 1150.82,
    "timestamp": 1763144023.772478
  },
  "ljq_email": {
    "quota": 1149.33,
    "used": 100.43,
    "timestamp": 1763144044.1948154
  },
  "zc_email": {
    "quota": 995.42,
    "used": 254.58,
    "timestamp": 1763144064.2596226
  },
  "zj_email": {
    "quota": 200.0,
    "used": 0.0,
    "timestamp": 1763144443.2238429
  },
  "fks_email": {
    "quota": 200.0,
    "used": 0.0,
    "timestamp": 1763144464.992426
  },
  "dxh_email": {
    "quota": 200.0,
    "used": 0.0,
    "timestamp": 1763144486.6572995
  },
  "zhb_email": {
    "quota": 200.0,
    "used": 0.0,
    "timestamp": 1763144507.1289456
  }
}