{
  "dctx_email": {
    "quota": 1061.05,
    "used": 2263.95,
    "timestamp": 1769948485.3670096
  },
  "ljq_email": {
    "quota": 1503.06,
    "used": 1722.03,
    "timestamp": 1769948506.7627966
  },
  "zc_email": {
    "quota": 978.26,
    "used": 2233.7,
    "timestamp": 1769948529.4528952
  },
  "zj_email": {
    "quota": 2175.0,
    "used": 0.0,
    "timestamp": 1769948599.964611
  },
  "fks_email": {
    "quota": 2175.0,
    "used": 0.0,
    "timestamp": 1769948622.5520766
  },
  "dxh_email": {
    "quota": 2175.0,
    "used": 0.0,
    "timestamp": 1769948645.6360984
  },
  "zhb_email": {
    "quota": 2175.0,
    "used": 0.0,
    "timestamp": 1769948669.0955276
  },
  "linuxdo_84404_cookies": {
    "quota": 1293.12,
    "used": 1506.88,
    "timestamp": 1769948537.3504248
  },
  "linux_chuang_cookies": {
    "quota": 2300.44,
    "used": 199.56,
    "timestamp": 1769948546.858484
  },
  "linux_bwj_cookies": {
    "quota": 600.04,
    "used": 1849.08,
    "timestamp": 1769948556.6811924
  },
  "linux_devbai_cookies": {
    "quota": 560.41,
    "used": 1914.59,
    "timestamp": 1769948566.1740263
  },
  "linux_Yeahnet_cookies": {
    "quota": 688.26,
    "used": 1786.74,
    "timestamp": 1769948576.3775961
  }
}