{
  "dctx_email": {
    "quota": 549.06,
    "used": 1150.94,
    "timestamp": 1764290565.3406212
  },
  "ljq_email": {
    "quota": 1158.81,
    "used": 440.95,
    "timestamp": 1764290586.9304867
  },
  "zc_email": {
    "quota": 1345.42,
    "used": 254.58,
    "timestamp": 1764290609.9272416
  },
  "zj_email": {
    "quota": 550.0,
    "used": 0.0,
    "timestamp": 1764290632.9029546
  },
  "fks_email": {
    "quota": 550.0,
    "used": 0.0,
    "timestamp": 1764290657.741591
  },
  "dxh_email": {
    "quota": 550.0,
    "used": 0.0,
    "timestamp": 1764290680.4052393
  },
  "zhb_email": {
    "quota": 550.0,
    "used": 0.0,
    "timestamp": 1764290703.9011056
  },
  "linuxdo_84404_cookies": {
    "quota": 175.06,
    "used": 1149.94,
    "timestamp": 1764290713.6334777
  },
  "linux_chuang_cookies": {
    "quota": 1025.0,
    "used": 0.0,
    "timestamp": 1764290723.078229
  },
  "linux_bwj_cookies": {
    "quota": 1050.0,
    "used": 0.0,
    "timestamp": 1764290734.1079514
  },
  "linux_devbai_cookies": {
    "quota": 1000.0,
    "used": 0.0,
    "timestamp": 1764290742.9306514
  },
  "linux_Yeahnet_cookies": {
    "quota": 1000.0,
    "used": 0.0,
    "timestamp": 1764290752.4160986
  }
}