{
  "dctx_email": {
    "quota": 716.54,
    "used": 3108.75,
    "timestamp": 1771676478.9505
  },
  "ljq_email": {
    "quota": 724.03,
    "used": 3001.06,
    "timestamp": 1771676500.1796489
  },
  "zc_email": {
    "quota": 1491.13,
    "used": 2233.87,
    "timestamp": 1771676522.2430155
  },
  "zj_email": {
    "quota": 2675.0,
    "used": 0.0,
    "timestamp": 1771676587.4189377
  },
  "fks_email": {
    "quota": 2675.0,
    "used": 0.0,
    "timestamp": 1771676611.0720282
  },
  "dxh_email": {
    "quota": 2675.0,
    "used": 0.0,
    "timestamp": 1771676633.2231472
  },
  "zhb_email": {
    "quota": 2675.0,
    "used": 0.0,
    "timestamp": 1771676655.8068364
  },
  "linuxdo_84404_cookies": {
    "quota": 193.69,
    "used": 3006.31,
    "timestamp": 1771676530.0177906
  },
  "linux_chuang_cookies": {
    "quota": 2800.44,
    "used": 199.56,
    "timestamp": 1771676539.0728521
  },
  "linux_bwj_cookies": {
    "quota": 975.92,
    "used": 1849.08,
    "timestamp": 1771676547.1388268
  },
  "linux_devbai_cookies": {
    "quota": 1060.41,
    "used": 1914.59,
    "timestamp": 1771676556.4623418
  },
  "linux_Yeahnet_cookies": {
    "quota": 1188.26,
    "used": 1786.74,
    "timestamp": 1771676564.820441
  }
}