{
  "dctx_email": {
    "quota": 649.06,
    "used": 1150.94,
    "timestamp": 1764656212.075285
  },
  "ljq_email": {
    "quota": 432.2,
    "used": 1267.89,
    "timestamp": 1764656234.241071
  },
  "zc_email": {
    "quota": 1442.25,
    "used": 257.75,
    "timestamp": 1764656255.5802555
  },
  "zj_email": {
    "quota": 650.0,
    "used": 0.0,
    "timestamp": 1764656278.0492373
  },
  "fks_email": {
    "quota": 650.0,
    "used": 0.0,
    "timestamp": 1764656302.0427341
  },
  "dxh_email": {
    "quota": 650.0,
    "used": 0.0,
    "timestamp": 1764656325.7113397
  },
  "zhb_email": {
    "quota": 650.0,
    "used": 0.0,
    "timestamp": 1764656349.5367596
  },
  "linuxdo_84404_cookies": {
    "quota": 275.06,
    "used": 1149.94,
    "timestamp": 1764656359.5138788
  },
  "linux_chuang_cookies": {
    "quota": 1125.0,
    "used": 0.0,
    "timestamp": 1764656369.2968433
  },
  "linux_bwj_cookies": {
    "quota": 1150.0,
    "used": 0.0,
    "timestamp": 1764656378.3883002
  },
  "linux_devbai_cookies": {
    "quota": 1100.0,
    "used": 0.0,
    "timestamp": 1764656388.998089
  },
  "linux_Yeahnet_cookies": {
    "quota": 1100.0,
    "used": 0.0,
    "timestamp": 1764656398.2655473
  }
}