{
  "dctx_email": {
    "quota": 691.54,
    "used": 3108.75,
    "timestamp": 1771612218.3354094
  },
  "ljq_email": {
    "quota": 730.65,
    "used": 2969.44,
    "timestamp": 1771612239.148604
  },
  "zc_email": {
    "quota": 1466.3,
    "used": 2233.7,
    "timestamp": 1771612261.910608
  },
  "zj_email": {
    "quota": 2650.0,
    "used": 0.0,
    "timestamp": 1771612325.2013965
  },
  "fks_email": {
    "quota": 2650.0,
    "used": 0.0,
    "timestamp": 1771612348.3693886
  },
  "dxh_email": {
    "quota": 2650.0,
    "used": 0.0,
    "timestamp": 1771612371.6833992
  },
  "zhb_email": {
    "quota": 2650.0,
    "used": 0.0,
    "timestamp": 1771612395.5419989
  },
  "linuxdo_84404_cookies": {
    "quota": 168.69,
    "used": 3006.31,
    "timestamp": 1771612269.3135326
  },
  "linux_chuang_cookies": {
    "quota": 2775.44,
    "used": 199.56,
    "timestamp": 1771612278.4313579
  },
  "linux_bwj_cookies": {
    "quota": 950.92,
    "used": 1849.08,
    "timestamp": 1771612287.5739233
  },
  "linux_devbai_cookies": {
    "quota": 1035.41,
    "used": 1914.59,
    "timestamp": 1771612294.9919753
  },
  "linux_Yeahnet_cookies": {
    "quota": 1163.26,
    "used": 1786.74,
    "timestamp": 1771612302.7341554
  }
}