{
  "dctx_email": {
    "quota": 866.54,
    "used": 3108.75,
    "timestamp": 1772153961.7241094
  },
  "ljq_email": {
    "quota": 841.96,
    "used": 3033.12,
    "timestamp": 1772153983.4070766
  },
  "zc_email": {
    "quota": 1641.13,
    "used": 2233.87,
    "timestamp": 1772154003.4053397
  },
  "zj_email": {
    "quota": 2825.0,
    "used": 0.0,
    "timestamp": 1772154066.3350136
  },
  "fks_email": {
    "quota": 2825.0,
    "used": 0.0,
    "timestamp": 1772154089.2288113
  },
  "dxh_email": {
    "quota": 2825.0,
    "used": 0.0,
    "timestamp": 1772154112.7639368
  },
  "zhb_email": {
    "quota": 2825.0,
    "used": 0.0,
    "timestamp": 1772154134.8697562
  },
  "linuxdo_84404_cookies": {
    "quota": 343.53,
    "used": 3006.47,
    "timestamp": 1772154011.7519238
  },
  "linux_chuang_cookies": {
    "quota": 2950.44,
    "used": 199.56,
    "timestamp": 1772154019.6746027
  },
  "linux_bwj_cookies": {
    "quota": 1043.63,
    "used": 1931.37,
    "timestamp": 1772154028.2630208
  },
  "linux_devbai_cookies": {
    "quota": 1210.41,
    "used": 1914.59,
    "timestamp": 1772154037.138004
  },
  "linux_Yeahnet_cookies": {
    "quota": 1338.26,
    "used": 1786.74,
    "timestamp": 1772154045.1060798
  }
}