{
  "dctx_email": {
    "quota": 261.37,
    "used": 2113.63,
    "timestamp": 1766665145.0198724
  },
  "ljq_email": {
    "quota": 553.06,
    "used": 1722.03,
    "timestamp": 1766665167.0596719
  },
  "zc_email": {
    "quota": 118.15,
    "used": 2143.81,
    "timestamp": 1766665189.0778759
  },
  "zj_email": {
    "quota": 1225.0,
    "used": 0.0,
    "timestamp": 1766665250.8587124
  },
  "fks_email": {
    "quota": 1225.0,
    "used": 0.0,
    "timestamp": 1766665272.4381537
  },
  "dxh_email": {
    "quota": 1225.0,
    "used": 0.0,
    "timestamp": 1766665294.1841445
  },
  "zhb_email": {
    "quota": 1225.0,
    "used": 0.0,
    "timestamp": 1766665317.2040968
  },
  "linuxdo_84404_cookies": {
    "quota": 797.62,
    "used": 1152.38,
    "timestamp": 1766665197.4785204
  },
  "linux_chuang_cookies": {
    "quota": 1689.5,
    "used": 10.5,
    "timestamp": 1766665205.12437
  },
  "linux_bwj_cookies": {
    "quota": 1561.62,
    "used": 113.38,
    "timestamp": 1766665213.2867665
  },
  "linux_devbai_cookies": {
    "quota": 1675.0,
    "used": 0.0,
    "timestamp": 1766665220.9809108
  },
  "linux_Yeahnet_cookies": {
    "quota": 1675.0,
    "used": 0.0,
    "timestamp": 1766665229.0704062
  }
}