{
  "dctx_email": {
    "quota": 516.54,
    "used": 3108.75,
    "timestamp": 1770965043.3217695
  },
  "ljq_email": {
    "quota": 1254.15,
    "used": 2270.94,
    "timestamp": 1770965065.7015395
  },
  "zc_email": {
    "quota": 1291.3,
    "used": 2233.7,
    "timestamp": 1770965086.0531409
  },
  "zj_email": {
    "quota": 2475.0,
    "used": 0.0,
    "timestamp": 1770965152.3252738
  },
  "fks_email": {
    "quota": 2475.0,
    "used": 0.0,
    "timestamp": 1770965175.2597752
  },
  "dxh_email": {
    "quota": 2475.0,
    "used": 0.0,
    "timestamp": 1770965197.8907003
  },
  "zhb_email": {
    "quota": 2475.0,
    "used": 0.0,
    "timestamp": 1770965220.5921097
  },
  "linuxdo_84404_cookies": {
    "quota": 1093.32,
    "used": 2006.68,
    "timestamp": 1770965094.522997
  },
  "linux_chuang_cookies": {
    "quota": 2600.44,
    "used": 199.56,
    "timestamp": 1770965103.4961348
  },
  "linux_bwj_cookies": {
    "quota": 900.92,
    "used": 1849.08,
    "timestamp": 1770965112.7114472
  },
  "linux_devbai_cookies": {
    "quota": 860.41,
    "used": 1914.59,
    "timestamp": 1770965120.9027724
  },
  "linux_Yeahnet_cookies": {
    "quota": 988.26,
    "used": 1786.74,
    "timestamp": 1770965129.1728208
  }
}