{
  "dctx_email": {
    "quota": 1023.45,
    "used": 1151.55,
    "timestamp": 1765995407.555277
  },
  "ljq_email": {
    "quota": 353.06,
    "used": 1722.03,
    "timestamp": 1765995429.4999375
  },
  "zc_email": {
    "quota": 358.23,
    "used": 1703.73,
    "timestamp": 1765995452.2509024
  },
  "zj_email": {
    "quota": 1025.0,
    "used": 0.0,
    "timestamp": 1765995518.2628338
  },
  "fks_email": {
    "quota": 1025.0,
    "used": 0.0,
    "timestamp": 1765995541.1063402
  },
  "dxh_email": {
    "quota": 1025.0,
    "used": 0.0,
    "timestamp": 1765995564.6210227
  },
  "zhb_email": {
    "quota": 1025.0,
    "used": 0.0,
    "timestamp": 1765995589.0764716
  },
  "linuxdo_84404_cookies": {
    "quota": 597.62,
    "used": 1152.38,
    "timestamp": 1765995460.9925673
  },
  "linux_chuang_cookies": {
    "quota": 1497.68,
    "used": 2.32,
    "timestamp": 1765995470.0072849
  },
  "linux_bwj_cookies": {
    "quota": 1475.0,
    "used": 0.0,
    "timestamp": 1765995477.802669
  },
  "linux_devbai_cookies": {
    "quota": 1475.0,
    "used": 0.0,
    "timestamp": 1765995486.5977254
  },
  "linux_Yeahnet_cookies": {
    "quota": 1475.0,
    "used": 0.0,
    "timestamp": 1765995496.2876508
  }
}