{
  "dctx_email": {
    "quota": 791.54,
    "used": 3108.75,
    "timestamp": 1771915483.9616036
  },
  "ljq_email": {
    "quota": 798.64,
    "used": 3001.44,
    "timestamp": 1771915505.1307912
  },
  "zc_email": {
    "quota": 1566.13,
    "used": 2233.87,
    "timestamp": 1771915526.6369584
  },
  "zj_email": {
    "quota": 2750.0,
    "used": 0.0,
    "timestamp": 1771915590.2153223
  },
  "fks_email": {
    "quota": 2750.0,
    "used": 0.0,
    "timestamp": 1771915612.3944292
  },
  "dxh_email": {
    "quota": 2750.0,
    "used": 0.0,
    "timestamp": 1771915635.9472077
  },
  "zhb_email": {
    "quota": 2750.0,
    "used": 0.0,
    "timestamp": 1771915657.7999463
  },
  "linuxdo_84404_cookies": {
    "quota": 268.53,
    "used": 3006.47,
    "timestamp": 1771915534.8208039
  },
  "linux_chuang_cookies": {
    "quota": 2875.44,
    "used": 199.56,
    "timestamp": 1771915543.0689778
  },
  "linux_bwj_cookies": {
    "quota": 978.41,
    "used": 1921.59,
    "timestamp": 1771915551.699201
  },
  "linux_devbai_cookies": {
    "quota": 1135.41,
    "used": 1914.59,
    "timestamp": 1771915559.72231
  },
  "linux_Yeahnet_cookies": {
    "quota": 1263.26,
    "used": 1786.74,
    "timestamp": 1771915568.2031457
  }
}