{
  "dctx_email": {
    "quota": 948.45,
    "used": 1151.55,
    "timestamp": 1765736043.389286
  },
  "ljq_email": {
    "quota": 278.06,
    "used": 1722.03,
    "timestamp": 1765736065.2242
  },
  "zc_email": {
    "quota": 751.1,
    "used": 1235.86,
    "timestamp": 1765736087.427597
  },
  "zj_email": {
    "quota": 950.0,
    "used": 0.0,
    "timestamp": 1765736158.184602
  },
  "fks_email": {
    "quota": 950.0,
    "used": 0.0,
    "timestamp": 1765736183.062395
  },
  "dxh_email": {
    "quota": 950.0,
    "used": 0.0,
    "timestamp": 1765736206.4771419
  },
  "zhb_email": {
    "quota": 950.0,
    "used": 0.0,
    "timestamp": 1765736229.866361
  },
  "linuxdo_84404_cookies": {
    "quota": 547.62,
    "used": 1152.38,
    "timestamp": 1765606643.1339786
  },
  "linux_chuang_cookies": {
    "quota": 1422.68,
    "used": 2.32,
    "timestamp": 1765736110.0586693
  },
  "linux_bwj_cookies": {
    "quota": 1400.0,
    "used": 0.0,
    "timestamp": 1765736119.075905
  },
  "linux_devbai_cookies": {
    "quota": 1400.0,
    "used": 0.0,
    "timestamp": 1765736127.963183
  },
  "linux_Yeahnet_cookies": {
    "quota": 1400.0,
    "used": 0.0,
    "timestamp": 1765736135.6450255
  }
}