{
  "dctx_email": {
    "quota": 1023.45,
    "used": 1151.55,
    "timestamp": 1765952203.2379577
  },
  "ljq_email": {
    "quota": 353.06,
    "used": 1722.03,
    "timestamp": 1765952223.546539
  },
  "zc_email": {
    "quota": 462.87,
    "used": 1599.1,
    "timestamp": 1765952245.0691803
  },
  "zj_email": {
    "quota": 1025.0,
    "used": 0.0,
    "timestamp": 1765952313.4942083
  },
  "fks_email": {
    "quota": 1025.0,
    "used": 0.0,
    "timestamp": 1765952336.9950538
  },
  "dxh_email": {
    "quota": 1025.0,
    "used": 0.0,
    "timestamp": 1765952359.771494
  },
  "zhb_email": {
    "quota": 1025.0,
    "used": 0.0,
    "timestamp": 1765952382.1133244
  },
  "linuxdo_84404_cookies": {
    "quota": 597.62,
    "used": 1152.38,
    "timestamp": 1765952253.7863595
  },
  "linux_chuang_cookies": {
    "quota": 1497.68,
    "used": 2.32,
    "timestamp": 1765952263.1038244
  },
  "linux_bwj_cookies": {
    "quota": 1475.0,
    "used": 0.0,
    "timestamp": 1765952271.778508
  },
  "linux_devbai_cookies": {
    "quota": 1475.0,
    "used": 0.0,
    "timestamp": 1765952281.4223855
  },
  "linux_Yeahnet_cookies": {
    "quota": 1475.0,
    "used": 0.0,
    "timestamp": 1765952290.116088
  }
}