{
  "dctx_email": {
    "quota": 1036.05,
    "used": 2263.95,
    "timestamp": 1769820876.7867448
  },
  "ljq_email": {
    "quota": 1478.06,
    "used": 1722.03,
    "timestamp": 1769820898.2926526
  },
  "zc_email": {
    "quota": 953.26,
    "used": 2233.7,
    "timestamp": 1769820920.2320962
  },
  "zj_email": {
    "quota": 2150.0,
    "used": 0.0,
    "timestamp": 1769820985.206555
  },
  "fks_email": {
    "quota": 2150.0,
    "used": 0.0,
    "timestamp": 1769821008.0956743
  },
  "dxh_email": {
    "quota": 2150.0,
    "used": 0.0,
    "timestamp": 1769821030.5494769
  },
  "zhb_email": {
    "quota": 2150.0,
    "used": 0.0,
    "timestamp": 1769821052.134085
  },
  "linuxdo_84404_cookies": {
    "quota": 1268.12,
    "used": 1506.88,
    "timestamp": 1769820928.775802
  },
  "linux_chuang_cookies": {
    "quota": 2275.44,
    "used": 199.56,
    "timestamp": 1769820936.7956917
  },
  "linux_bwj_cookies": {
    "quota": 575.04,
    "used": 1849.08,
    "timestamp": 1769820944.9112797
  },
  "linux_devbai_cookies": {
    "quota": 535.41,
    "used": 1914.59,
    "timestamp": 1769820953.7405276
  },
  "linux_Yeahnet_cookies": {
    "quota": 663.26,
    "used": 1786.74,
    "timestamp": 1769820963.4299586
  }
}