{
  "dctx_email": {
    "quota": 791.54,
    "used": 3108.75,
    "timestamp": 1771936478.7046616
  },
  "ljq_email": {
    "quota": 798.64,
    "used": 3001.44,
    "timestamp": 1771936500.6965852
  },
  "zc_email": {
    "quota": 1566.13,
    "used": 2233.87,
    "timestamp": 1771936523.425711
  },
  "zj_email": {
    "quota": 2750.0,
    "used": 0.0,
    "timestamp": 1771936588.3594167
  },
  "fks_email": {
    "quota": 2750.0,
    "used": 0.0,
    "timestamp": 1771936611.1069925
  },
  "dxh_email": {
    "quota": 2750.0,
    "used": 0.0,
    "timestamp": 1771936635.4287336
  },
  "zhb_email": {
    "quota": 2750.0,
    "used": 0.0,
    "timestamp": 1771936657.8819063
  },
  "linuxdo_84404_cookies": {
    "quota": 268.53,
    "used": 3006.47,
    "timestamp": 1771936532.7765393
  },
  "linux_chuang_cookies": {
    "quota": 2875.44,
    "used": 199.56,
    "timestamp": 1771936541.2720232
  },
  "linux_bwj_cookies": {
    "quota": 978.15,
    "used": 1921.85,
    "timestamp": 1771936549.3837895
  },
  "linux_devbai_cookies": {
    "quota": 1135.41,
    "used": 1914.59,
    "timestamp": 1771936557.608584
  },
  "linux_Yeahnet_cookies": {
    "quota": 1263.26,
    "used": 1786.74,
    "timestamp": 1771936565.3869503
  }
}