{
  "dctx_email": {
    "quota": 1016.54,
    "used": 3108.75,
    "timestamp": 1772672422.9225285
  },
  "ljq_email": {
    "quota": 75.15,
    "used": 3949.93,
    "timestamp": 1772672444.0401478
  },
  "zc_email": {
    "quota": 1757.83,
    "used": 2267.17,
    "timestamp": 1772672465.590202
  },
  "zj_email": {
    "quota": 2975.0,
    "used": 0.0,
    "timestamp": 1772672534.8527615
  },
  "fks_email": {
    "quota": 2975.0,
    "used": 0.0,
    "timestamp": 1772672558.6234975
  },
  "dxh_email": {
    "quota": 2975.0,
    "used": 0.0,
    "timestamp": 1772672580.9113872
  },
  "zhb_email": {
    "quota": 2975.0,
    "used": 0.0,
    "timestamp": 1772672605.416642
  },
  "linuxdo_84404_cookies": {
    "quota": 493.53,
    "used": 3006.47,
    "timestamp": 1772672475.2894776
  },
  "linux_chuang_cookies": {
    "quota": 2873.31,
    "used": 426.69,
    "timestamp": 1772672484.4667597
  },
  "linux_bwj_cookies": {
    "quota": 912.23,
    "used": 2212.77,
    "timestamp": 1772672493.1713014
  },
  "linux_devbai_cookies": {
    "quota": 1360.41,
    "used": 1914.59,
    "timestamp": 1772672502.218368
  },
  "linux_Yeahnet_cookies": {
    "quota": 1483.77,
    "used": 1791.23,
    "timestamp": 1772672511.1588693
  }
}