{
  "dctx_email": {
    "quota": 661.37,
    "used": 2113.63,
    "timestamp": 1768068901.3591564
  },
  "ljq_email": {
    "quota": 953.06,
    "used": 1722.03,
    "timestamp": 1768068923.7508013
  },
  "zc_email": {
    "quota": 428.26,
    "used": 2233.7,
    "timestamp": 1768068945.1902456
  },
  "zj_email": {
    "quota": 1625.0,
    "used": 0.0,
    "timestamp": 1768069013.3760326
  },
  "fks_email": {
    "quota": 1625.0,
    "used": 0.0,
    "timestamp": 1768069035.9777572
  },
  "dxh_email": {
    "quota": 1625.0,
    "used": 0.0,
    "timestamp": 1768069058.4121013
  },
  "zhb_email": {
    "quota": 1625.0,
    "used": 0.0,
    "timestamp": 1768069079.3787484
  },
  "linuxdo_84404_cookies": {
    "quota": 1197.62,
    "used": 1152.38,
    "timestamp": 1768068955.3515046
  },
  "linux_chuang_cookies": {
    "quota": 2058.99,
    "used": 41.01,
    "timestamp": 1768068964.1027443
  },
  "linux_bwj_cookies": {
    "quota": 225.04,
    "used": 1849.08,
    "timestamp": 1768068973.3997555
  },
  "linux_devbai_cookies": {
    "quota": 160.41,
    "used": 1914.59,
    "timestamp": 1768068982.3447938
  },
  "linux_Yeahnet_cookies": {
    "quota": 1202.21,
    "used": 872.79,
    "timestamp": 1768068990.6087804
  }
}