{
  "dctx_email": {
    "quota": 857.07,
    "used": 1392.93,
    "timestamp": 1766254403.081429
  },
  "ljq_email": {
    "quota": 428.06,
    "used": 1722.03,
    "timestamp": 1766254423.669749
  },
  "zc_email": {
    "quota": 50.22,
    "used": 2086.74,
    "timestamp": 1766254445.1265433
  },
  "zj_email": {
    "quota": 1100.0,
    "used": 0.0,
    "timestamp": 1766254507.6963947
  },
  "fks_email": {
    "quota": 1100.0,
    "used": 0.0,
    "timestamp": 1766254529.4605896
  },
  "dxh_email": {
    "quota": 1100.0,
    "used": 0.0,
    "timestamp": 1766254551.407936
  },
  "zhb_email": {
    "quota": 1100.0,
    "used": 0.0,
    "timestamp": 1766254573.0423288
  },
  "linuxdo_84404_cookies": {
    "quota": 672.62,
    "used": 1152.38,
    "timestamp": 1766254453.1645703
  },
  "linux_chuang_cookies": {
    "quota": 1572.68,
    "used": 2.32,
    "timestamp": 1766254461.99057
  },
  "linux_bwj_cookies": {
    "quota": 1550.0,
    "used": 0.0,
    "timestamp": 1766254469.6519673
  },
  "linux_devbai_cookies": {
    "quota": 1550.0,
    "used": 0.0,
    "timestamp": 1766254477.614739
  },
  "linux_Yeahnet_cookies": {
    "quota": 1550.0,
    "used": 0.0,
    "timestamp": 1766254486.658648
  }
}