{
  "dctx_email": {
    "quota": 1061.05,
    "used": 2263.95,
    "timestamp": 1769969860.4942179
  },
  "ljq_email": {
    "quota": 1503.06,
    "used": 1722.03,
    "timestamp": 1769969882.258658
  },
  "zc_email": {
    "quota": 978.26,
    "used": 2233.7,
    "timestamp": 1769969904.065803
  },
  "zj_email": {
    "quota": 2175.0,
    "used": 0.0,
    "timestamp": 1769969969.8397734
  },
  "fks_email": {
    "quota": 2175.0,
    "used": 0.0,
    "timestamp": 1769969992.5947073
  },
  "dxh_email": {
    "quota": 2175.0,
    "used": 0.0,
    "timestamp": 1769970015.630357
  },
  "zhb_email": {
    "quota": 2175.0,
    "used": 0.0,
    "timestamp": 1769970037.933618
  },
  "linuxdo_84404_cookies": {
    "quota": 1293.12,
    "used": 1506.88,
    "timestamp": 1769969912.8038142
  },
  "linux_chuang_cookies": {
    "quota": 2300.44,
    "used": 199.56,
    "timestamp": 1769969920.8522868
  },
  "linux_bwj_cookies": {
    "quota": 600.04,
    "used": 1849.08,
    "timestamp": 1769969929.9573643
  },
  "linux_devbai_cookies": {
    "quota": 560.41,
    "used": 1914.59,
    "timestamp": 1769969938.5727644
  },
  "linux_Yeahnet_cookies": {
    "quota": 688.26,
    "used": 1786.74,
    "timestamp": 1769969947.1455965
  }
}