{
  "dctx_email": {
    "quota": 699.06,
    "used": 1150.94,
    "timestamp": 1764828977.4010456
  },
  "ljq_email": {
    "quota": 155.23,
    "used": 1594.86,
    "timestamp": 1764829001.2081542
  },
  "zc_email": {
    "quota": 1478.85,
    "used": 271.15,
    "timestamp": 1764829029.447615
  },
  "zj_email": {
    "quota": 700.0,
    "used": 0.0,
    "timestamp": 1764829058.5438592
  },
  "fks_email": {
    "quota": 700.0,
    "used": 0.0,
    "timestamp": 1764829082.9601448
  },
  "dxh_email": {
    "quota": 700.0,
    "used": 0.0,
    "timestamp": 1764829108.6284788
  },
  "zhb_email": {
    "quota": 700.0,
    "used": 0.0,
    "timestamp": 1764829134.7648249
  },
  "linuxdo_84404_cookies": {
    "quota": 325.06,
    "used": 1149.94,
    "timestamp": 1764829146.4871001
  },
  "linux_chuang_cookies": {
    "quota": 1175.0,
    "used": 0.0,
    "timestamp": 1764829157.231869
  },
  "linux_bwj_cookies": {
    "quota": 1200.0,
    "used": 0.0,
    "timestamp": 1764829172.747342
  },
  "linux_devbai_cookies": {
    "quota": 1150.0,
    "used": 0.0,
    "timestamp": 1764829185.1366143
  },
  "linux_Yeahnet_cookies": {
    "quota": 1150.0,
    "used": 0.0,
    "timestamp": 1764829197.9901316
  }
}