{
  "dctx_email": {
    "quota": 199.31,
    "used": 1150.69,
    "timestamp": 1763112258.1911755
  },
  "ljq_email": {
    "quota": 1149.33,
    "used": 100.43,
    "timestamp": 1763112279.5672817
  },
  "zc_email": {
    "quota": 995.42,
    "used": 254.58,
    "timestamp": 1763112300.2467449
  },
  "zj_email": {
    "quota": 200.0,
    "used": 0.0,
    "timestamp": 1763112677.3336112
  },
  "fks_email": {
    "quota": 200.0,
    "used": 0.0,
    "timestamp": 1763112698.8522887
  },
  "dxh_email": {
    "quota": 200.0,
    "used": 0.0,
    "timestamp": 1763112719.8435805
  },
  "zhb_email": {
    "quota": 200.0,
    "used": 0.0,
    "timestamp": 1763112741.4912462
  }
}