{
  "dctx_email": {
    "quota": 766.54,
    "used": 3108.75,
    "timestamp": 1771850050.8873754
  },
  "ljq_email": {
    "quota": 774.03,
    "used": 3001.06,
    "timestamp": 1771850071.9638221
  },
  "zc_email": {
    "quota": 1541.13,
    "used": 2233.87,
    "timestamp": 1771850094.3283463
  },
  "zj_email": {
    "quota": 2725.0,
    "used": 0.0,
    "timestamp": 1771850157.804947
  },
  "fks_email": {
    "quota": 2725.0,
    "used": 0.0,
    "timestamp": 1771850179.9036434
  },
  "dxh_email": {
    "quota": 2725.0,
    "used": 0.0,
    "timestamp": 1771850203.1793761
  },
  "zhb_email": {
    "quota": 2725.0,
    "used": 0.0,
    "timestamp": 1771850226.2533085
  },
  "linuxdo_84404_cookies": {
    "quota": 243.53,
    "used": 3006.47,
    "timestamp": 1771850102.520211
  },
  "linux_chuang_cookies": {
    "quota": 2850.44,
    "used": 199.56,
    "timestamp": 1771850111.244123
  },
  "linux_bwj_cookies": {
    "quota": 999.38,
    "used": 1875.62,
    "timestamp": 1771850119.074803
  },
  "linux_devbai_cookies": {
    "quota": 1110.41,
    "used": 1914.59,
    "timestamp": 1771850126.8864493
  },
  "linux_Yeahnet_cookies": {
    "quota": 1238.26,
    "used": 1786.74,
    "timestamp": 1771850135.3130152
  }
}