{
  "dctx_email": {
    "quota": 761.37,
    "used": 2113.63,
    "timestamp": 1768351850.8607311
  },
  "ljq_email": {
    "quota": 1053.06,
    "used": 1722.03,
    "timestamp": 1768351873.456572
  },
  "zc_email": {
    "quota": 528.26,
    "used": 2233.7,
    "timestamp": 1768351894.866981
  },
  "zj_email": {
    "quota": 1725.0,
    "used": 0.0,
    "timestamp": 1768351961.3134317
  },
  "fks_email": {
    "quota": 1725.0,
    "used": 0.0,
    "timestamp": 1768351983.6162872
  },
  "dxh_email": {
    "quota": 1725.0,
    "used": 0.0,
    "timestamp": 1768352006.2162976
  },
  "zhb_email": {
    "quota": 1725.0,
    "used": 0.0,
    "timestamp": 1768352027.8709004
  },
  "linuxdo_84404_cookies": {
    "quota": 1297.62,
    "used": 1152.38,
    "timestamp": 1768351902.5720906
  },
  "linux_chuang_cookies": {
    "quota": 2157.38,
    "used": 42.62,
    "timestamp": 1768351910.6186194
  },
  "linux_bwj_cookies": {
    "quota": 275.04,
    "used": 1849.08,
    "timestamp": 1768198878.508116
  },
  "linux_devbai_cookies": {
    "quota": 260.41,
    "used": 1914.59,
    "timestamp": 1768351931.3891606
  },
  "linux_Yeahnet_cookies": {
    "quota": 461.75,
    "used": 1713.25,
    "timestamp": 1768351939.50648
  }
}