{
  "dctx_email": {
    "quota": 524.06,
    "used": 1150.94,
    "timestamp": 1764267263.4854832
  },
  "ljq_email": {
    "quota": 1134.3,
    "used": 440.47,
    "timestamp": 1764267288.0351882
  },
  "zc_email": {
    "quota": 1320.42,
    "used": 254.58,
    "timestamp": 1764267311.7736697
  },
  "zj_email": {
    "quota": 525.0,
    "used": 0.0,
    "timestamp": 1764267334.98122
  },
  "fks_email": {
    "quota": 525.0,
    "used": 0.0,
    "timestamp": 1764267359.4951644
  },
  "dxh_email": {
    "quota": 525.0,
    "used": 0.0,
    "timestamp": 1764267382.5272975
  },
  "zhb_email": {
    "quota": 525.0,
    "used": 0.0,
    "timestamp": 1764267405.1325638
  },
  "linuxdo_84404_cookies": {
    "quota": 150.06,
    "used": 1149.94,
    "timestamp": 1764267414.0920632
  },
  "linux_chuang_cookies": {
    "quota": 1000.0,
    "used": 0.0,
    "timestamp": 1764267423.2727349
  },
  "linux_bwj_cookies": {
    "quota": 1025.0,
    "used": 0.0,
    "timestamp": 1764267436.0012276
  },
  "linux_devbai_cookies": {
    "quota": 975.0,
    "used": 0.0,
    "timestamp": 1764267446.2347336
  },
  "linux_Yeahnet_cookies": {
    "quota": 975.0,
    "used": 0.0,
    "timestamp": 1764267455.1613548
  }
}