{
  "dctx_email": {
    "quota": 986.37,
    "used": 2113.63,
    "timestamp": 1769192211.7129476
  },
  "ljq_email": {
    "quota": 1278.06,
    "used": 1722.03,
    "timestamp": 1769192234.9646678
  },
  "zc_email": {
    "quota": 753.26,
    "used": 2233.7,
    "timestamp": 1769192257.8120341
  },
  "zj_email": {
    "quota": 1950.0,
    "used": 0.0,
    "timestamp": 1769192340.0462961
  },
  "fks_email": {
    "quota": 1950.0,
    "used": 0.0,
    "timestamp": 1769192363.2760005
  },
  "dxh_email": {
    "quota": 1950.0,
    "used": 0.0,
    "timestamp": 1769192386.0709417
  },
  "zhb_email": {
    "quota": 1950.0,
    "used": 0.0,
    "timestamp": 1769192409.8002877
  },
  "linuxdo_84404_cookies": {
    "quota": 1068.12,
    "used": 1506.88,
    "timestamp": 1769192267.6352196
  },
  "linux_chuang_cookies": {
    "quota": 2316.86,
    "used": 58.14,
    "timestamp": 1768976425.9971125
  },
  "linux_bwj_cookies": {
    "quota": 375.04,
    "used": 1849.08,
    "timestamp": 1769192290.1090105
  },
  "linux_devbai_cookies": {
    "quota": 435.41,
    "used": 1914.59,
    "timestamp": 1768976443.3059564
  },
  "linux_Yeahnet_cookies": {
    "quota": 563.26,
    "used": 1786.74,
    "timestamp": 1768976452.2607367
  }
}