{
  "dctx_email": {
    "quota": 311.37,
    "used": 2113.63,
    "timestamp": 1766859240.9154212
  },
  "ljq_email": {
    "quota": 603.06,
    "used": 1722.03,
    "timestamp": 1766859262.0564616
  },
  "zc_email": {
    "quota": 146.74,
    "used": 2165.22,
    "timestamp": 1766859282.9371839
  },
  "zj_email": {
    "quota": 1275.0,
    "used": 0.0,
    "timestamp": 1766859343.979317
  },
  "fks_email": {
    "quota": 1275.0,
    "used": 0.0,
    "timestamp": 1766859366.2430801
  },
  "dxh_email": {
    "quota": 1275.0,
    "used": 0.0,
    "timestamp": 1766859389.1561985
  },
  "zhb_email": {
    "quota": 1275.0,
    "used": 0.0,
    "timestamp": 1766859411.3834393
  },
  "linuxdo_84404_cookies": {
    "quota": 847.62,
    "used": 1152.38,
    "timestamp": 1766859290.6765687
  },
  "linux_chuang_cookies": {
    "quota": 1737.86,
    "used": 12.14,
    "timestamp": 1766859297.8319125
  },
  "linux_bwj_cookies": {
    "quota": 1095.57,
    "used": 629.43,
    "timestamp": 1766859305.2567847
  },
  "linux_devbai_cookies": {
    "quota": 1725.0,
    "used": 0.0,
    "timestamp": 1766859313.198559
  },
  "linux_Yeahnet_cookies": {
    "quota": 1725.0,
    "used": 0.0,
    "timestamp": 1766859321.0541396
  }
}