{
  "dctx_email": {
    "quota": 923.45,
    "used": 1151.55,
    "timestamp": 1765586623.026098
  },
  "ljq_email": {
    "quota": 253.06,
    "used": 1722.03,
    "timestamp": 1765586644.0152667
  },
  "zc_email": {
    "quota": 1113.74,
    "used": 861.26,
    "timestamp": 1765586663.7472026
  },
  "zj_email": {
    "quota": 925.0,
    "used": 0.0,
    "timestamp": 1765586684.8723474
  },
  "fks_email": {
    "quota": 925.0,
    "used": 0.0,
    "timestamp": 1765586708.5614734
  },
  "dxh_email": {
    "quota": 925.0,
    "used": 0.0,
    "timestamp": 1765586731.4949653
  },
  "zhb_email": {
    "quota": 925.0,
    "used": 0.0,
    "timestamp": 1765586753.7215073
  },
  "linuxdo_84404_cookies": {
    "quota": 547.62,
    "used": 1152.38,
    "timestamp": 1765586762.7697027
  },
  "linux_chuang_cookies": {
    "quota": 1397.68,
    "used": 2.32,
    "timestamp": 1765586771.7251642
  },
  "linux_bwj_cookies": {
    "quota": 1350.0,
    "used": 0.0,
    "timestamp": 1765327756.8106296
  },
  "linux_devbai_cookies": {
    "quota": 1375.0,
    "used": 0.0,
    "timestamp": 1765586795.2770028
  },
  "linux_Yeahnet_cookies": {
    "quota": 1375.0,
    "used": 0.0,
    "timestamp": 1765586803.653124
  }
}