{
  "dctx_email": {
    "quota": 848.45,
    "used": 1151.55,
    "timestamp": 1765347461.467151
  },
  "ljq_email": {
    "quota": 178.06,
    "used": 1722.03,
    "timestamp": 1765347484.079506
  },
  "zc_email": {
    "quota": 1226.81,
    "used": 673.19,
    "timestamp": 1765347506.610773
  },
  "zj_email": {
    "quota": 850.0,
    "used": 0.0,
    "timestamp": 1765347529.5237658
  },
  "fks_email": {
    "quota": 850.0,
    "used": 0.0,
    "timestamp": 1765347553.61011
  },
  "dxh_email": {
    "quota": 850.0,
    "used": 0.0,
    "timestamp": 1765347576.5988023
  },
  "zhb_email": {
    "quota": 850.0,
    "used": 0.0,
    "timestamp": 1765347600.7839065
  },
  "linuxdo_84404_cookies": {
    "quota": 472.62,
    "used": 1152.38,
    "timestamp": 1765347610.2361827
  },
  "linux_chuang_cookies": {
    "quota": 1325.0,
    "used": 0.0,
    "timestamp": 1765347619.1379514
  },
  "linux_bwj_cookies": {
    "quota": 1350.0,
    "used": 0.0,
    "timestamp": 1765327756.8106296
  },
  "linux_devbai_cookies": {
    "quota": 1300.0,
    "used": 0.0,
    "timestamp": 1765347647.2822595
  },
  "linux_Yeahnet_cookies": {
    "quota": 1300.0,
    "used": 0.0,
    "timestamp": 1765347657.8540957
  }
}