{
  "dctx_email": {
    "quota": 716.54,
    "used": 3108.75,
    "timestamp": 1771655256.1413825
  },
  "ljq_email": {
    "quota": 724.03,
    "used": 3001.06,
    "timestamp": 1771655277.0634396
  },
  "zc_email": {
    "quota": 1491.13,
    "used": 2233.87,
    "timestamp": 1771655299.8344002
  },
  "zj_email": {
    "quota": 2675.0,
    "used": 0.0,
    "timestamp": 1771655364.2710452
  },
  "fks_email": {
    "quota": 2675.0,
    "used": 0.0,
    "timestamp": 1771655386.0433948
  },
  "dxh_email": {
    "quota": 2675.0,
    "used": 0.0,
    "timestamp": 1771655409.124405
  },
  "zhb_email": {
    "quota": 2675.0,
    "used": 0.0,
    "timestamp": 1771655432.1509917
  },
  "linuxdo_84404_cookies": {
    "quota": 193.69,
    "used": 3006.31,
    "timestamp": 1771655308.4317558
  },
  "linux_chuang_cookies": {
    "quota": 2800.44,
    "used": 199.56,
    "timestamp": 1771655316.216158
  },
  "linux_bwj_cookies": {
    "quota": 975.92,
    "used": 1849.08,
    "timestamp": 1771655324.676179
  },
  "linux_devbai_cookies": {
    "quota": 1060.41,
    "used": 1914.59,
    "timestamp": 1771655333.011667
  },
  "linux_Yeahnet_cookies": {
    "quota": 1188.26,
    "used": 1786.74,
    "timestamp": 1771655341.625068
  }
}