{
  "dctx_email": {
    "quota": 299.06,
    "used": 1150.94,
    "timestamp": 1763489729.115599
  },
  "ljq_email": {
    "quota": 1249.33,
    "used": 100.43,
    "timestamp": 1763489751.1037867
  },
  "zc_email": {
    "quota": 1095.42,
    "used": 254.58,
    "timestamp": 1763489772.236035
  },
  "zj_email": {
    "quota": 300.0,
    "used": 0.0,
    "timestamp": 1763489809.3979003
  },
  "fks_email": {
    "quota": 300.0,
    "used": 0.0,
    "timestamp": 1763489831.062389
  },
  "dxh_email": {
    "quota": 300.0,
    "used": 0.0,
    "timestamp": 1763489852.6496642
  },
  "zhb_email": {
    "quota": 300.0,
    "used": 0.0,
    "timestamp": 1763489873.975512
  }
}