{
  "dctx_email": {
    "quota": 574.06,
    "used": 1150.94,
    "timestamp": 1764418584.2634642
  },
  "ljq_email": {
    "quota": 772.89,
    "used": 851.87,
    "timestamp": 1764418605.2918537
  },
  "zc_email": {
    "quota": 1370.11,
    "used": 254.89,
    "timestamp": 1764418628.7255805
  },
  "zj_email": {
    "quota": 575.0,
    "used": 0.0,
    "timestamp": 1764418652.4001608
  },
  "fks_email": {
    "quota": 575.0,
    "used": 0.0,
    "timestamp": 1764418677.3119707
  },
  "dxh_email": {
    "quota": 575.0,
    "used": 0.0,
    "timestamp": 1764418699.2431319
  },
  "zhb_email": {
    "quota": 575.0,
    "used": 0.0,
    "timestamp": 1764418721.4188495
  },
  "linuxdo_84404_cookies": {
    "quota": 200.06,
    "used": 1149.94,
    "timestamp": 1764418730.3696322
  },
  "linux_chuang_cookies": {
    "quota": 1050.0,
    "used": 0.0,
    "timestamp": 1764418740.4322443
  },
  "linux_bwj_cookies": {
    "quota": 1075.0,
    "used": 0.0,
    "timestamp": 1764418751.7486165
  },
  "linux_devbai_cookies": {
    "quota": 1025.0,
    "used": 0.0,
    "timestamp": 1764418761.7438412
  },
  "linux_Yeahnet_cookies": {
    "quota": 1025.0,
    "used": 0.0,
    "timestamp": 1764418770.987332
  }
}