{
  "dctx_email": {
    "quota": 1016.54,
    "used": 3108.75,
    "timestamp": 1772737513.4790294
  },
  "ljq_email": {
    "quota": 75.15,
    "used": 3949.93,
    "timestamp": 1772737535.2220657
  },
  "zc_email": {
    "quota": 1755.12,
    "used": 2269.88,
    "timestamp": 1772737556.8821802
  },
  "zj_email": {
    "quota": 2975.0,
    "used": 0.0,
    "timestamp": 1772737624.2078314
  },
  "fks_email": {
    "quota": 2975.0,
    "used": 0.0,
    "timestamp": 1772737647.9097114
  },
  "dxh_email": {
    "quota": 2975.0,
    "used": 0.0,
    "timestamp": 1772737670.7139046
  },
  "zhb_email": {
    "quota": 2975.0,
    "used": 0.0,
    "timestamp": 1772737692.6286752
  },
  "linuxdo_84404_cookies": {
    "quota": 493.53,
    "used": 3006.47,
    "timestamp": 1772737565.7653046
  },
  "linux_chuang_cookies": {
    "quota": 2734.19,
    "used": 565.81,
    "timestamp": 1772737574.6624877
  },
  "linux_bwj_cookies": {
    "quota": 911.76,
    "used": 2213.24,
    "timestamp": 1772737583.796511
  },
  "linux_devbai_cookies": {
    "quota": 1360.41,
    "used": 1914.59,
    "timestamp": 1772737592.7906091
  },
  "linux_Yeahnet_cookies": {
    "quota": 1483.77,
    "used": 1791.23,
    "timestamp": 1772737601.864409
  }
}