{
  "dctx_email": {
    "quota": 613.11,
    "used": 1711.89,
    "timestamp": 1766450791.4840195
  },
  "ljq_email": {
    "quota": 503.06,
    "used": 1722.03,
    "timestamp": 1766450814.9909897
  },
  "zc_email": {
    "quota": 93.94,
    "used": 2118.02,
    "timestamp": 1766450837.4559731
  },
  "zj_email": {
    "quota": 1175.0,
    "used": 0.0,
    "timestamp": 1766450911.7132485
  },
  "fks_email": {
    "quota": 1175.0,
    "used": 0.0,
    "timestamp": 1766450937.0382664
  },
  "dxh_email": {
    "quota": 1175.0,
    "used": 0.0,
    "timestamp": 1766450960.6891553
  },
  "zhb_email": {
    "quota": 1175.0,
    "used": 0.0,
    "timestamp": 1766450984.8737197
  },
  "linuxdo_84404_cookies": {
    "quota": 747.62,
    "used": 1152.38,
    "timestamp": 1766450848.7397573
  },
  "linux_chuang_cookies": {
    "quota": 1639.5,
    "used": 10.5,
    "timestamp": 1766450858.8824692
  },
  "linux_bwj_cookies": {
    "quota": 1625.0,
    "used": 0.0,
    "timestamp": 1766450869.2456033
  },
  "linux_devbai_cookies": {
    "quota": 1625.0,
    "used": 0.0,
    "timestamp": 1766450877.1546004
  },
  "linux_Yeahnet_cookies": {
    "quota": 1625.0,
    "used": 0.0,
    "timestamp": 1766450888.0097473
  }
}