{
  "dctx_email": {
    "quota": 374.06,
    "used": 1150.94,
    "timestamp": 1763721167.7061584
  },
  "ljq_email": {
    "quota": 1318.08,
    "used": 106.68,
    "timestamp": 1763721189.0686574
  },
  "zc_email": {
    "quota": 1170.42,
    "used": 254.58,
    "timestamp": 1763721210.8738568
  },
  "zj_email": {
    "quota": 375.0,
    "used": 0.0,
    "timestamp": 1763721235.5214274
  },
  "fks_email": {
    "quota": 375.0,
    "used": 0.0,
    "timestamp": 1763721258.788614
  },
  "dxh_email": {
    "quota": 375.0,
    "used": 0.0,
    "timestamp": 1763721284.885772
  },
  "zhb_email": {
    "quota": 375.0,
    "used": 0.0,
    "timestamp": 1763721306.574622
  }
}