{
  "dctx_email": {
    "quota": 586.37,
    "used": 2113.63,
    "timestamp": 1767809819.5707483
  },
  "ljq_email": {
    "quota": 878.06,
    "used": 1722.03,
    "timestamp": 1767809842.136763
  },
  "zc_email": {
    "quota": 363.27,
    "used": 2223.7,
    "timestamp": 1767809863.9507535
  },
  "zj_email": {
    "quota": 1550.0,
    "used": 0.0,
    "timestamp": 1767809931.2270832
  },
  "fks_email": {
    "quota": 1550.0,
    "used": 0.0,
    "timestamp": 1767809953.577655
  },
  "dxh_email": {
    "quota": 1550.0,
    "used": 0.0,
    "timestamp": 1767809976.2314587
  },
  "zhb_email": {
    "quota": 1550.0,
    "used": 0.0,
    "timestamp": 1767809999.486548
  },
  "linuxdo_84404_cookies": {
    "quota": 1122.62,
    "used": 1152.38,
    "timestamp": 1767809872.2055357
  },
  "linux_chuang_cookies": {
    "quota": 1983.99,
    "used": 41.01,
    "timestamp": 1767809880.2938986
  },
  "linux_bwj_cookies": {
    "quota": 150.04,
    "used": 1849.08,
    "timestamp": 1767809889.256028
  },
  "linux_devbai_cookies": {
    "quota": 346.67,
    "used": 1653.33,
    "timestamp": 1767809897.6618917
  },
  "linux_Yeahnet_cookies": {
    "quota": 2000.0,
    "used": 0.0,
    "timestamp": 1767809905.881185
  }
}