{
  "dctx_email": {
    "quota": 511.37,
    "used": 2113.63,
    "timestamp": 1767488068.8394637
  },
  "ljq_email": {
    "quota": 803.06,
    "used": 1722.03,
    "timestamp": 1767488092.1040442
  },
  "zc_email": {
    "quota": 315.52,
    "used": 2196.44,
    "timestamp": 1767488113.5156
  },
  "zj_email": {
    "quota": 1475.0,
    "used": 0.0,
    "timestamp": 1767488185.8028035
  },
  "fks_email": {
    "quota": 1475.0,
    "used": 0.0,
    "timestamp": 1767488210.0403569
  },
  "dxh_email": {
    "quota": 1475.0,
    "used": 0.0,
    "timestamp": 1767488234.1051424
  },
  "zhb_email": {
    "quota": 1475.0,
    "used": 0.0,
    "timestamp": 1767488257.5335102
  },
  "linuxdo_84404_cookies": {
    "quota": 1047.62,
    "used": 1152.38,
    "timestamp": 1767488122.4144976
  },
  "linux_chuang_cookies": {
    "quota": 1908.99,
    "used": 41.01,
    "timestamp": 1767488131.8314927
  },
  "linux_bwj_cookies": {
    "quota": 75.04,
    "used": 1849.08,
    "timestamp": 1767488141.8700898
  },
  "linux_devbai_cookies": {
    "quota": 1356.01,
    "used": 568.99,
    "timestamp": 1767488152.4639301
  },
  "linux_Yeahnet_cookies": {
    "quota": 1925.0,
    "used": 0.0,
    "timestamp": 1767488161.0823936
  }
}