{
  "dctx_email": {
    "quota": 399.06,
    "used": 1150.94,
    "timestamp": 1763792034.5218985
  },
  "ljq_email": {
    "quota": 1280.82,
    "used": 168.95,
    "timestamp": 1763792058.1563756
  },
  "zc_email": {
    "quota": 1195.42,
    "used": 254.58,
    "timestamp": 1763792080.7814705
  },
  "zj_email": {
    "quota": 400.0,
    "used": 0.0,
    "timestamp": 1763792102.9873283
  },
  "fks_email": {
    "quota": 400.0,
    "used": 0.0,
    "timestamp": 1763792126.960761
  },
  "dxh_email": {
    "quota": 400.0,
    "used": 0.0,
    "timestamp": 1763792149.2933047
  },
  "zhb_email": {
    "quota": 400.0,
    "used": 0.0,
    "timestamp": 1763792174.6044836
  },
  "linuxdo_84404_cookies": {
    "quota": 25.09,
    "used": 1149.91,
    "timestamp": 1763792183.3442295
  },
  "linux_chuang_cookies": {
    "quota": 875.0,
    "used": 0.0,
    "timestamp": 1763792215.177637
  },
  "linux_bwj_cookies": {
    "quota": 900.0,
    "used": 0.0,
    "timestamp": 1763792224.2909684
  },
  "linux_devbai_cookies": {
    "quota": 850.0,
    "used": 0.0,
    "timestamp": 1763792233.9129102
  },
  "linux_Yeahnet_cookies": {
    "quota": 850.0,
    "used": 0.0,
    "timestamp": 1763792242.4161084
  }
}