{
  "dctx_email": {
    "quota": 449.06,
    "used": 1150.94,
    "timestamp": 1763945233.8113573
  },
  "ljq_email": {
    "quota": 1308.45,
    "used": 191.32,
    "timestamp": 1763945255.2798905
  },
  "zc_email": {
    "quota": 1245.42,
    "used": 254.58,
    "timestamp": 1763945276.3167822
  },
  "zj_email": {
    "quota": 450.0,
    "used": 0.0,
    "timestamp": 1763945299.487566
  },
  "fks_email": {
    "quota": 450.0,
    "used": 0.0,
    "timestamp": 1763945321.4463453
  },
  "dxh_email": {
    "quota": 450.0,
    "used": 0.0,
    "timestamp": 1763945344.2937376
  },
  "zhb_email": {
    "quota": 450.0,
    "used": 0.0,
    "timestamp": 1763945365.6293037
  },
  "linuxdo_84404_cookies": {
    "quota": 75.09,
    "used": 1149.91,
    "timestamp": 1763945373.604625
  },
  "linux_chuang_cookies": {
    "quota": 925.0,
    "used": 0.0,
    "timestamp": 1763945382.5820413
  },
  "linux_bwj_cookies": {
    "quota": 950.0,
    "used": 0.0,
    "timestamp": 1763945390.741162
  },
  "linux_devbai_cookies": {
    "quota": 900.0,
    "used": 0.0,
    "timestamp": 1763945400.142077
  },
  "linux_Yeahnet_cookies": {
    "quota": 900.0,
    "used": 0.0,
    "timestamp": 1763945408.3391597
  }
}