{
  "dctx_email": {
    "quota": 411.37,
    "used": 2113.63,
    "timestamp": 1767161825.204167
  },
  "ljq_email": {
    "quota": 703.06,
    "used": 1722.03,
    "timestamp": 1767161847.304048
  },
  "zc_email": {
    "quota": 225.23,
    "used": 2186.73,
    "timestamp": 1767161869.3845043
  },
  "zj_email": {
    "quota": 1375.0,
    "used": 0.0,
    "timestamp": 1767161937.683493
  },
  "fks_email": {
    "quota": 1375.0,
    "used": 0.0,
    "timestamp": 1767161959.690022
  },
  "dxh_email": {
    "quota": 1375.0,
    "used": 0.0,
    "timestamp": 1767161982.2418773
  },
  "zhb_email": {
    "quota": 1375.0,
    "used": 0.0,
    "timestamp": 1767162005.70087
  },
  "linuxdo_84404_cookies": {
    "quota": 947.62,
    "used": 1152.38,
    "timestamp": 1767161877.0112967
  },
  "linux_chuang_cookies": {
    "quota": 1837.86,
    "used": 12.14,
    "timestamp": 1767161884.8793926
  },
  "linux_bwj_cookies": {
    "quota": 290.02,
    "used": 1534.98,
    "timestamp": 1767161893.176615
  },
  "linux_devbai_cookies": {
    "quota": 1825.0,
    "used": 0.0,
    "timestamp": 1767161902.7805066
  },
  "linux_Yeahnet_cookies": {
    "quota": 1825.0,
    "used": 0.0,
    "timestamp": 1767161911.970285
  }
}