{
  "dctx_email": {
    "quota": 973.45,
    "used": 1151.55,
    "timestamp": 1765822576.6064103
  },
  "ljq_email": {
    "quota": 303.06,
    "used": 1722.03,
    "timestamp": 1765822598.9443781
  },
  "zc_email": {
    "quota": 577.15,
    "used": 1434.82,
    "timestamp": 1765822621.366462
  },
  "zj_email": {
    "quota": 975.0,
    "used": 0.0,
    "timestamp": 1765822690.1644697
  },
  "fks_email": {
    "quota": 975.0,
    "used": 0.0,
    "timestamp": 1765822712.1446488
  },
  "dxh_email": {
    "quota": 975.0,
    "used": 0.0,
    "timestamp": 1765822735.5625618
  },
  "zhb_email": {
    "quota": 975.0,
    "used": 0.0,
    "timestamp": 1765822760.3852313
  },
  "linuxdo_84404_cookies": {
    "quota": 547.62,
    "used": 1152.38,
    "timestamp": 1765606643.1339786
  },
  "linux_chuang_cookies": {
    "quota": 1447.68,
    "used": 2.32,
    "timestamp": 1765822642.1205692
  },
  "linux_bwj_cookies": {
    "quota": 1425.0,
    "used": 0.0,
    "timestamp": 1765822650.4803064
  },
  "linux_devbai_cookies": {
    "quota": 1425.0,
    "used": 0.0,
    "timestamp": 1765822659.1362884
  },
  "linux_Yeahnet_cookies": {
    "quota": 1425.0,
    "used": 0.0,
    "timestamp": 1765822668.3505313
  }
}