{
  "dctx_email": {
    "quota": 324.06,
    "used": 1150.94,
    "timestamp": 1763576106.611655
  },
  "ljq_email": {
    "quota": 1274.33,
    "used": 100.43,
    "timestamp": 1763576129.5768447
  },
  "zc_email": {
    "quota": 1120.42,
    "used": 254.58,
    "timestamp": 1763576151.810097
  },
  "zj_email": {
    "quota": 325.0,
    "used": 0.0,
    "timestamp": 1763576192.2354963
  },
  "fks_email": {
    "quota": 325.0,
    "used": 0.0,
    "timestamp": 1763576215.1354291
  },
  "dxh_email": {
    "quota": 325.0,
    "used": 0.0,
    "timestamp": 1763576239.0941699
  },
  "zhb_email": {
    "quota": 325.0,
    "used": 0.0,
    "timestamp": 1763576262.2009957
  }
}