{
  "dctx_email": {
    "quota": 786.37,
    "used": 2113.63,
    "timestamp": 1768479618.8822935
  },
  "ljq_email": {
    "quota": 1078.06,
    "used": 1722.03,
    "timestamp": 1768479640.9554908
  },
  "zc_email": {
    "quota": 553.26,
    "used": 2233.7,
    "timestamp": 1768479662.3771214
  },
  "zj_email": {
    "quota": 1750.0,
    "used": 0.0,
    "timestamp": 1768479740.620334
  },
  "fks_email": {
    "quota": 1750.0,
    "used": 0.0,
    "timestamp": 1768479764.7971973
  },
  "dxh_email": {
    "quota": 1750.0,
    "used": 0.0,
    "timestamp": 1768479788.5829244
  },
  "zhb_email": {
    "quota": 1750.0,
    "used": 0.0,
    "timestamp": 1768479811.9506605
  },
  "linuxdo_84404_cookies": {
    "quota": 1322.62,
    "used": 1152.38,
    "timestamp": 1768437995.669237
  },
  "linux_chuang_cookies": {
    "quota": 2167.16,
    "used": 57.84,
    "timestamp": 1768479685.9030561
  },
  "linux_bwj_cookies": {
    "quota": 275.04,
    "used": 1849.08,
    "timestamp": 1768198878.508116
  },
  "linux_devbai_cookies": {
    "quota": 285.41,
    "used": 1914.59,
    "timestamp": 1768479707.6240327
  },
  "linux_Yeahnet_cookies": {
    "quota": 413.26,
    "used": 1786.74,
    "timestamp": 1768479718.0830297
  }
}