{
  "dctx_email": {
    "quota": 761.37,
    "used": 2113.63,
    "timestamp": 1768393203.57098
  },
  "ljq_email": {
    "quota": 1053.06,
    "used": 1722.03,
    "timestamp": 1768393225.775728
  },
  "zc_email": {
    "quota": 528.26,
    "used": 2233.7,
    "timestamp": 1768393247.3690152
  },
  "zj_email": {
    "quota": 1725.0,
    "used": 0.0,
    "timestamp": 1768393319.2245684
  },
  "fks_email": {
    "quota": 1725.0,
    "used": 0.0,
    "timestamp": 1768393342.3273547
  },
  "dxh_email": {
    "quota": 1725.0,
    "used": 0.0,
    "timestamp": 1768393365.281387
  },
  "zhb_email": {
    "quota": 1725.0,
    "used": 0.0,
    "timestamp": 1768393388.8955324
  },
  "linuxdo_84404_cookies": {
    "quota": 1297.62,
    "used": 1152.38,
    "timestamp": 1768393256.2805405
  },
  "linux_chuang_cookies": {
    "quota": 2157.38,
    "used": 42.62,
    "timestamp": 1768393264.481247
  },
  "linux_bwj_cookies": {
    "quota": 275.04,
    "used": 1849.08,
    "timestamp": 1768198878.508116
  },
  "linux_devbai_cookies": {
    "quota": 260.41,
    "used": 1914.59,
    "timestamp": 1768393286.5336955
  },
  "linux_Yeahnet_cookies": {
    "quota": 428.43,
    "used": 1746.57,
    "timestamp": 1768393296.765156
  }
}