{
  "dctx_email": {
    "quota": 923.45,
    "used": 1151.55,
    "timestamp": 1765649599.5248742
  },
  "ljq_email": {
    "quota": 253.06,
    "used": 1722.03,
    "timestamp": 1765649620.8551674
  },
  "zc_email": {
    "quota": 1010.22,
    "used": 951.75,
    "timestamp": 1765649642.0889008
  },
  "zj_email": {
    "quota": 925.0,
    "used": 0.0,
    "timestamp": 1765649713.5900183
  },
  "fks_email": {
    "quota": 925.0,
    "used": 0.0,
    "timestamp": 1765649735.4035428
  },
  "dxh_email": {
    "quota": 925.0,
    "used": 0.0,
    "timestamp": 1765649757.7856073
  },
  "zhb_email": {
    "quota": 925.0,
    "used": 0.0,
    "timestamp": 1765649779.3352745
  },
  "linuxdo_84404_cookies": {
    "quota": 547.62,
    "used": 1152.38,
    "timestamp": 1765606643.1339786
  },
  "linux_chuang_cookies": {
    "quota": 1397.68,
    "used": 2.32,
    "timestamp": 1765649663.4965923
  },
  "linux_bwj_cookies": {
    "quota": 1375.0,
    "used": 0.0,
    "timestamp": 1765649672.1764903
  },
  "linux_devbai_cookies": {
    "quota": 1375.0,
    "used": 0.0,
    "timestamp": 1765649681.1890159
  },
  "linux_Yeahnet_cookies": {
    "quota": 1375.0,
    "used": 0.0,
    "timestamp": 1765649689.9844773
  }
}