{
  "dctx_email": {
    "quota": 861.37,
    "used": 2113.63,
    "timestamp": 1768716939.602893
  },
  "ljq_email": {
    "quota": 1153.06,
    "used": 1722.03,
    "timestamp": 1768716960.8905957
  },
  "zc_email": {
    "quota": 628.26,
    "used": 2233.7,
    "timestamp": 1768716983.5229614
  },
  "zj_email": {
    "quota": 1825.0,
    "used": 0.0,
    "timestamp": 1768717061.2025945
  },
  "fks_email": {
    "quota": 1825.0,
    "used": 0.0,
    "timestamp": 1768717083.0000062
  },
  "dxh_email": {
    "quota": 1825.0,
    "used": 0.0,
    "timestamp": 1768717105.5296462
  },
  "zhb_email": {
    "quota": 1825.0,
    "used": 0.0,
    "timestamp": 1768717130.0667048
  },
  "linuxdo_84404_cookies": {
    "quota": 1322.62,
    "used": 1152.38,
    "timestamp": 1768437995.669237
  },
  "linux_chuang_cookies": {
    "quota": 2241.99,
    "used": 58.01,
    "timestamp": 1768717006.729643
  },
  "linux_bwj_cookies": {
    "quota": 275.04,
    "used": 1849.08,
    "timestamp": 1768198878.508116
  },
  "linux_devbai_cookies": {
    "quota": 360.41,
    "used": 1914.59,
    "timestamp": 1768717029.4322944
  },
  "linux_Yeahnet_cookies": {
    "quota": 488.26,
    "used": 1786.74,
    "timestamp": 1768717038.8632662
  }
}