{
  "dctx_email": {
    "quota": 404.7,
    "used": 3095.3,
    "timestamp": 1770553300.04806
  },
  "ljq_email": {
    "quota": 1678.06,
    "used": 1722.03,
    "timestamp": 1770553321.429175
  },
  "zc_email": {
    "quota": 1153.26,
    "used": 2233.7,
    "timestamp": 1770553344.2179453
  },
  "zj_email": {
    "quota": 2350.0,
    "used": 0.0,
    "timestamp": 1770553411.4826958
  },
  "fks_email": {
    "quota": 2350.0,
    "used": 0.0,
    "timestamp": 1770553434.1032999
  },
  "dxh_email": {
    "quota": 2350.0,
    "used": 0.0,
    "timestamp": 1770553457.5528815
  },
  "zhb_email": {
    "quota": 2350.0,
    "used": 0.0,
    "timestamp": 1770553481.2285738
  },
  "linuxdo_84404_cookies": {
    "quota": 969.84,
    "used": 2004.62,
    "timestamp": 1770553353.5604007
  },
  "linux_chuang_cookies": {
    "quota": 2475.44,
    "used": 199.56,
    "timestamp": 1770553361.8426454
  },
  "linux_bwj_cookies": {
    "quota": 775.04,
    "used": 1849.08,
    "timestamp": 1770553370.2975655
  },
  "linux_devbai_cookies": {
    "quota": 735.41,
    "used": 1914.59,
    "timestamp": 1770553379.2240057
  },
  "linux_Yeahnet_cookies": {
    "quota": 863.26,
    "used": 1786.74,
    "timestamp": 1770553388.8710048
  }
}