{
  "dctx_email": {
    "quota": 274.06,
    "used": 1150.94,
    "timestamp": 1763381919.9313111
  },
  "ljq_email": {
    "quota": 1224.33,
    "used": 100.43,
    "timestamp": 1763381942.4535723
  },
  "zc_email": {
    "quota": 1070.42,
    "used": 254.58,
    "timestamp": 1763381963.6395547
  },
  "zj_email": {
    "quota": 275.0,
    "used": 0.0,
    "timestamp": 1763382539.48569
  },
  "fks_email": {
    "quota": 275.0,
    "used": 0.0,
    "timestamp": 1763382561.9981244
  },
  "dxh_email": {
    "quota": 275.0,
    "used": 0.0,
    "timestamp": 1763382583.6099315
  },
  "zhb_email": {
    "quota": 275.0,
    "used": 0.0,
    "timestamp": 1763382605.7664802
  }
}