{
  "dctx_email": {
    "quota": 249.18,
    "used": 1150.82,
    "timestamp": 1763285048.8919852
  },
  "ljq_email": {
    "quota": 1199.33,
    "used": 100.43,
    "timestamp": 1763285070.651737
  },
  "zc_email": {
    "quota": 1045.42,
    "used": 254.58,
    "timestamp": 1763285092.2594032
  },
  "zj_email": {
    "quota": 250.0,
    "used": 0.0,
    "timestamp": 1763285666.8402674
  },
  "fks_email": {
    "quota": 250.0,
    "used": 0.0,
    "timestamp": 1763285689.0727136
  },
  "dxh_email": {
    "quota": 250.0,
    "used": 0.0,
    "timestamp": 1763285710.127493
  },
  "zhb_email": {
    "quota": 250.0,
    "used": 0.0,
    "timestamp": 1763285733.3909554
  }
}