{
  "dctx_email": {
    "quota": 374.06,
    "used": 1150.94,
    "timestamp": 1763748896.0992167
  },
  "ljq_email": {
    "quota": 1268.66,
    "used": 156.11,
    "timestamp": 1763748919.8893428
  },
  "zc_email": {
    "quota": 1170.42,
    "used": 254.58,
    "timestamp": 1763748941.6185596
  },
  "zj_email": {
    "quota": 375.0,
    "used": 0.0,
    "timestamp": 1763748965.67541
  },
  "fks_email": {
    "quota": 375.0,
    "used": 0.0,
    "timestamp": 1763748988.561301
  },
  "dxh_email": {
    "quota": 375.0,
    "used": 0.0,
    "timestamp": 1763749011.5640733
  },
  "zhb_email": {
    "quota": 375.0,
    "used": 0.0,
    "timestamp": 1763749033.6317363
  },
  "linuxdo_84404_cookies": {
    "quota": 0.09,
    "used": 1149.91,
    "timestamp": 1763749043.8193161
  },
  "linux_chuang_cookies": {
    "quota": 850.0,
    "used": 0.0,
    "timestamp": 1763749052.9171267
  },
  "linux_bwj_cookies": {
    "quota": 875.0,
    "used": 0.0,
    "timestamp": 1763749062.384365
  },
  "linux_devbai_cookies": {
    "quota": 825.0,
    "used": 0.0,
    "timestamp": 1763749071.3663177
  },
  "linux_Yeahnet_cookies": {
    "quota": 825.0,
    "used": 0.0,
    "timestamp": 1763749080.4764657
  }
}