{
  "dctx_email": {
    "quota": 549.06,
    "used": 1150.94,
    "timestamp": 1764332303.3693848
  },
  "ljq_email": {
    "quota": 999.04,
    "used": 600.72,
    "timestamp": 1764332325.317684
  },
  "zc_email": {
    "quota": 1345.13,
    "used": 254.87,
    "timestamp": 1764332347.7779098
  },
  "zj_email": {
    "quota": 550.0,
    "used": 0.0,
    "timestamp": 1764332370.9382448
  },
  "fks_email": {
    "quota": 550.0,
    "used": 0.0,
    "timestamp": 1764332393.5862973
  },
  "dxh_email": {
    "quota": 550.0,
    "used": 0.0,
    "timestamp": 1764332416.67562
  },
  "zhb_email": {
    "quota": 550.0,
    "used": 0.0,
    "timestamp": 1764332438.725982
  },
  "linuxdo_84404_cookies": {
    "quota": 175.06,
    "used": 1149.94,
    "timestamp": 1764332447.7568026
  },
  "linux_chuang_cookies": {
    "quota": 1025.0,
    "used": 0.0,
    "timestamp": 1764332456.626272
  },
  "linux_bwj_cookies": {
    "quota": 1050.0,
    "used": 0.0,
    "timestamp": 1764332465.8362253
  },
  "linux_devbai_cookies": {
    "quota": 1000.0,
    "used": 0.0,
    "timestamp": 1764332474.919449
  },
  "linux_Yeahnet_cookies": {
    "quota": 1000.0,
    "used": 0.0,
    "timestamp": 1764332484.440251
  }
}