{
  "dctx_email": {
    "quota": 699.06,
    "used": 1150.94,
    "timestamp": 1764809128.0564332
  },
  "ljq_email": {
    "quota": 189.6,
    "used": 1560.48,
    "timestamp": 1764809152.6448276
  },
  "zc_email": {
    "quota": 1478.85,
    "used": 271.15,
    "timestamp": 1764809176.9758866
  },
  "zj_email": {
    "quota": 700.0,
    "used": 0.0,
    "timestamp": 1764809202.3514752
  },
  "fks_email": {
    "quota": 700.0,
    "used": 0.0,
    "timestamp": 1764809227.911919
  },
  "dxh_email": {
    "quota": 700.0,
    "used": 0.0,
    "timestamp": 1764809251.7555742
  },
  "zhb_email": {
    "quota": 700.0,
    "used": 0.0,
    "timestamp": 1764809276.5051634
  },
  "linuxdo_84404_cookies": {
    "quota": 325.06,
    "used": 1149.94,
    "timestamp": 1764809286.6099558
  },
  "linux_chuang_cookies": {
    "quota": 1175.0,
    "used": 0.0,
    "timestamp": 1764809296.9054477
  },
  "linux_bwj_cookies": {
    "quota": 1200.0,
    "used": 0.0,
    "timestamp": 1764809307.481993
  },
  "linux_devbai_cookies": {
    "quota": 1150.0,
    "used": 0.0,
    "timestamp": 1764809317.4407814
  },
  "linux_Yeahnet_cookies": {
    "quota": 1150.0,
    "used": 0.0,
    "timestamp": 1764809328.8642123
  }
}