{
  "dctx_email": {
    "quota": 1023.45,
    "used": 1151.55,
    "timestamp": 1765932209.929353
  },
  "ljq_email": {
    "quota": 353.06,
    "used": 1722.03,
    "timestamp": 1765932231.2662718
  },
  "zc_email": {
    "quota": 469.09,
    "used": 1592.87,
    "timestamp": 1765932252.7908351
  },
  "zj_email": {
    "quota": 1025.0,
    "used": 0.0,
    "timestamp": 1765932317.6290073
  },
  "fks_email": {
    "quota": 1025.0,
    "used": 0.0,
    "timestamp": 1765932338.4948993
  },
  "dxh_email": {
    "quota": 1025.0,
    "used": 0.0,
    "timestamp": 1765932360.689977
  },
  "zhb_email": {
    "quota": 1025.0,
    "used": 0.0,
    "timestamp": 1765932383.0423422
  },
  "linuxdo_84404_cookies": {
    "quota": 597.62,
    "used": 1152.38,
    "timestamp": 1765932261.5842245
  },
  "linux_chuang_cookies": {
    "quota": 1497.68,
    "used": 2.32,
    "timestamp": 1765932270.1189508
  },
  "linux_bwj_cookies": {
    "quota": 1475.0,
    "used": 0.0,
    "timestamp": 1765932278.3165486
  },
  "linux_devbai_cookies": {
    "quota": 1475.0,
    "used": 0.0,
    "timestamp": 1765932286.4495351
  },
  "linux_Yeahnet_cookies": {
    "quota": 1475.0,
    "used": 0.0,
    "timestamp": 1765932295.016681
  }
}