{
  "dctx_email": {
    "quota": 927.81,
    "used": 2472.19,
    "timestamp": 1770208239.7807343
  },
  "ljq_email": {
    "quota": 1578.06,
    "used": 1722.03,
    "timestamp": 1770208265.5389643
  },
  "zc_email": {
    "quota": 1053.26,
    "used": 2233.7,
    "timestamp": 1770208287.0427132
  },
  "zj_email": {
    "quota": 2250.0,
    "used": 0.0,
    "timestamp": 1770208353.0191224
  },
  "fks_email": {
    "quota": 2250.0,
    "used": 0.0,
    "timestamp": 1770208375.703886
  },
  "dxh_email": {
    "quota": 2250.0,
    "used": 0.0,
    "timestamp": 1770208399.987626
  },
  "zhb_email": {
    "quota": 2250.0,
    "used": 0.0,
    "timestamp": 1770208423.3710353
  },
  "linuxdo_84404_cookies": {
    "quota": 1368.12,
    "used": 1506.88,
    "timestamp": 1770208295.9026294
  },
  "linux_chuang_cookies": {
    "quota": 2375.44,
    "used": 199.56,
    "timestamp": 1770208304.4841843
  },
  "linux_bwj_cookies": {
    "quota": 675.04,
    "used": 1849.08,
    "timestamp": 1770208312.8211613
  },
  "linux_devbai_cookies": {
    "quota": 635.41,
    "used": 1914.59,
    "timestamp": 1770208321.2205908
  },
  "linux_Yeahnet_cookies": {
    "quota": 763.26,
    "used": 1786.74,
    "timestamp": 1770208329.6044645
  }
}