{
  "dctx_email": {
    "quota": 399.06,
    "used": 1150.94,
    "timestamp": 1763772134.10914
  },
  "ljq_email": {
    "quota": 1290.76,
    "used": 159.01,
    "timestamp": 1763772155.8125465
  },
  "zc_email": {
    "quota": 1195.42,
    "used": 254.58,
    "timestamp": 1763772178.3634956
  },
  "zj_email": {
    "quota": 400.0,
    "used": 0.0,
    "timestamp": 1763772201.138482
  },
  "fks_email": {
    "quota": 400.0,
    "used": 0.0,
    "timestamp": 1763772224.3136032
  },
  "dxh_email": {
    "quota": 400.0,
    "used": 0.0,
    "timestamp": 1763772248.3129947
  },
  "zhb_email": {
    "quota": 400.0,
    "used": 0.0,
    "timestamp": 1763772271.3950238
  },
  "linuxdo_84404_cookies": {
    "quota": 25.09,
    "used": 1149.91,
    "timestamp": 1763772280.1275625
  },
  "linux_chuang_cookies": {
    "quota": 875.0,
    "used": 0.0,
    "timestamp": 1763772290.009062
  },
  "linux_bwj_cookies": {
    "quota": 900.0,
    "used": 0.0,
    "timestamp": 1763772299.2735846
  },
  "linux_devbai_cookies": {
    "quota": 850.0,
    "used": 0.0,
    "timestamp": 1763772308.8494334
  },
  "linux_Yeahnet_cookies": {
    "quota": 850.0,
    "used": 0.0,
    "timestamp": 1763772318.0305283
  }
}