{
  "dctx_email": {
    "quota": 948.45,
    "used": 1151.55,
    "timestamp": 1765714611.9956982
  },
  "ljq_email": {
    "quota": 278.06,
    "used": 1722.03,
    "timestamp": 1765714633.1627948
  },
  "zc_email": {
    "quota": 834.91,
    "used": 1152.05,
    "timestamp": 1765714654.0090497
  },
  "zj_email": {
    "quota": 950.0,
    "used": 0.0,
    "timestamp": 1765714721.3889587
  },
  "fks_email": {
    "quota": 950.0,
    "used": 0.0,
    "timestamp": 1765714742.161033
  },
  "dxh_email": {
    "quota": 950.0,
    "used": 0.0,
    "timestamp": 1765714764.0864458
  },
  "zhb_email": {
    "quota": 950.0,
    "used": 0.0,
    "timestamp": 1765714787.118937
  },
  "linuxdo_84404_cookies": {
    "quota": 547.62,
    "used": 1152.38,
    "timestamp": 1765606643.1339786
  },
  "linux_chuang_cookies": {
    "quota": 1422.68,
    "used": 2.32,
    "timestamp": 1765714675.6066792
  },
  "linux_bwj_cookies": {
    "quota": 1400.0,
    "used": 0.0,
    "timestamp": 1765714683.3976605
  },
  "linux_devbai_cookies": {
    "quota": 1400.0,
    "used": 0.0,
    "timestamp": 1765714691.3761399
  },
  "linux_Yeahnet_cookies": {
    "quota": 1400.0,
    "used": 0.0,
    "timestamp": 1765714699.2902837
  }
}