{
  "dctx_email": {
    "quota": 491.54,
    "used": 3108.75,
    "timestamp": 1770899707.6005821
  },
  "ljq_email": {
    "quota": 1242.91,
    "used": 2257.18,
    "timestamp": 1770899729.3652003
  },
  "zc_email": {
    "quota": 1266.3,
    "used": 2233.7,
    "timestamp": 1770899751.259214
  },
  "zj_email": {
    "quota": 2450.0,
    "used": 0.0,
    "timestamp": 1770899819.6340702
  },
  "fks_email": {
    "quota": 2450.0,
    "used": 0.0,
    "timestamp": 1770899841.9987566
  },
  "dxh_email": {
    "quota": 2450.0,
    "used": 0.0,
    "timestamp": 1770899863.85817
  },
  "zhb_email": {
    "quota": 2450.0,
    "used": 0.0,
    "timestamp": 1770899885.3319879
  },
  "linuxdo_84404_cookies": {
    "quota": 1068.32,
    "used": 2006.68,
    "timestamp": 1770899760.071921
  },
  "linux_chuang_cookies": {
    "quota": 2575.44,
    "used": 199.56,
    "timestamp": 1770899769.3134065
  },
  "linux_bwj_cookies": {
    "quota": 875.92,
    "used": 1849.08,
    "timestamp": 1770899777.653692
  },
  "linux_devbai_cookies": {
    "quota": 835.41,
    "used": 1914.59,
    "timestamp": 1770899787.2623148
  },
  "linux_Yeahnet_cookies": {
    "quota": 963.26,
    "used": 1786.74,
    "timestamp": 1770899796.6097202
  }
}