{
  "dctx_email": {
    "quota": 923.45,
    "used": 1151.55,
    "timestamp": 1765626290.6837738
  },
  "ljq_email": {
    "quota": 253.06,
    "used": 1722.03,
    "timestamp": 1765626312.9813528
  },
  "zc_email": {
    "quota": 1087.5,
    "used": 874.45,
    "timestamp": 1765626336.460602
  },
  "zj_email": {
    "quota": 925.0,
    "used": 0.0,
    "timestamp": 1765626422.6363502
  },
  "fks_email": {
    "quota": 925.0,
    "used": 0.0,
    "timestamp": 1765626445.7487423
  },
  "dxh_email": {
    "quota": 925.0,
    "used": 0.0,
    "timestamp": 1765626468.5566106
  },
  "zhb_email": {
    "quota": 925.0,
    "used": 0.0,
    "timestamp": 1765626493.3526986
  },
  "linuxdo_84404_cookies": {
    "quota": 547.62,
    "used": 1152.38,
    "timestamp": 1765606643.1339786
  },
  "linux_chuang_cookies": {
    "quota": 1397.68,
    "used": 2.32,
    "timestamp": 1765606651.763321
  },
  "linux_bwj_cookies": {
    "quota": 1375.0,
    "used": 0.0,
    "timestamp": 1765626374.0064478
  },
  "linux_devbai_cookies": {
    "quota": 1375.0,
    "used": 0.0,
    "timestamp": 1765606672.604734
  },
  "linux_Yeahnet_cookies": {
    "quota": 1375.0,
    "used": 0.0,
    "timestamp": 1765606679.712443
  }
}