{
  "dctx_email": {
    "quota": 324.06,
    "used": 1150.94,
    "timestamp": 1763554717.982301
  },
  "ljq_email": {
    "quota": 1274.33,
    "used": 100.43,
    "timestamp": 1763554741.6647012
  },
  "zc_email": {
    "quota": 1120.42,
    "used": 254.58,
    "timestamp": 1763554764.099513
  },
  "zj_email": {
    "quota": 325.0,
    "used": 0.0,
    "timestamp": 1763554804.0975711
  },
  "fks_email": {
    "quota": 325.0,
    "used": 0.0,
    "timestamp": 1763554826.8345144
  },
  "dxh_email": {
    "quota": 325.0,
    "used": 0.0,
    "timestamp": 1763554850.0227218
  },
  "zhb_email": {
    "quota": 325.0,
    "used": 0.0,
    "timestamp": 1763554872.2538736
  }
}