{
  "dctx_email": {
    "quota": 466.54,
    "used": 3108.75,
    "timestamp": 1770813470.9576037
  },
  "ljq_email": {
    "quota": 1349.05,
    "used": 2126.04,
    "timestamp": 1770813492.10548
  },
  "zc_email": {
    "quota": 1241.3,
    "used": 2233.7,
    "timestamp": 1770813512.7521832
  },
  "zj_email": {
    "quota": 2425.0,
    "used": 0.0,
    "timestamp": 1770813573.9373078
  },
  "fks_email": {
    "quota": 2425.0,
    "used": 0.0,
    "timestamp": 1770813596.9794037
  },
  "dxh_email": {
    "quota": 2425.0,
    "used": 0.0,
    "timestamp": 1770813618.557751
  },
  "zhb_email": {
    "quota": 2425.0,
    "used": 0.0,
    "timestamp": 1770813641.1356137
  },
  "linuxdo_84404_cookies": {
    "quota": 1043.32,
    "used": 2006.68,
    "timestamp": 1770813520.4568493
  },
  "linux_chuang_cookies": {
    "quota": 2550.44,
    "used": 199.56,
    "timestamp": 1770813528.8010879
  },
  "linux_bwj_cookies": {
    "quota": 850.92,
    "used": 1849.08,
    "timestamp": 1770813536.6023371
  },
  "linux_devbai_cookies": {
    "quota": 810.41,
    "used": 1914.59,
    "timestamp": 1770813544.500114
  },
  "linux_Yeahnet_cookies": {
    "quota": 938.26,
    "used": 1786.74,
    "timestamp": 1770813552.4725025
  }
}