{
  "dctx_email": {
    "quota": 511.37,
    "used": 2113.63,
    "timestamp": 1767529071.6277678
  },
  "ljq_email": {
    "quota": 803.06,
    "used": 1722.03,
    "timestamp": 1767529094.7732844
  },
  "zc_email": {
    "quota": 310.56,
    "used": 2201.4,
    "timestamp": 1767529117.6770048
  },
  "zj_email": {
    "quota": 1475.0,
    "used": 0.0,
    "timestamp": 1767529188.4223316
  },
  "fks_email": {
    "quota": 1475.0,
    "used": 0.0,
    "timestamp": 1767529211.737972
  },
  "dxh_email": {
    "quota": 1475.0,
    "used": 0.0,
    "timestamp": 1767529234.6231701
  },
  "zhb_email": {
    "quota": 1475.0,
    "used": 0.0,
    "timestamp": 1767529257.3637106
  },
  "linuxdo_84404_cookies": {
    "quota": 1047.62,
    "used": 1152.38,
    "timestamp": 1767529127.7911718
  },
  "linux_chuang_cookies": {
    "quota": 1908.99,
    "used": 41.01,
    "timestamp": 1767529136.8037062
  },
  "linux_bwj_cookies": {
    "quota": 75.04,
    "used": 1849.08,
    "timestamp": 1767529147.0923755
  },
  "linux_devbai_cookies": {
    "quota": 1234.53,
    "used": 690.47,
    "timestamp": 1767529155.3456702
  },
  "linux_Yeahnet_cookies": {
    "quota": 1925.0,
    "used": 0.0,
    "timestamp": 1767529164.6751149
  }
}