{
  "dctx_email": {
    "quota": 1066.54,
    "used": 3108.75,
    "timestamp": 1772907398.8149438
  },
  "ljq_email": {
    "quota": 125.15,
    "used": 3949.93,
    "timestamp": 1772907421.1296105
  },
  "zc_email": {
    "quota": 1796.16,
    "used": 2278.84,
    "timestamp": 1772907445.0625515
  },
  "zj_email": {
    "quota": 3025.0,
    "used": 0.0,
    "timestamp": 1772907522.951256
  },
  "fks_email": {
    "quota": 3025.0,
    "used": 0.0,
    "timestamp": 1772907544.4621153
  },
  "dxh_email": {
    "quota": 3025.0,
    "used": 0.0,
    "timestamp": 1772907567.2024364
  },
  "zhb_email": {
    "quota": 3025.0,
    "used": 0.0,
    "timestamp": 1772907590.1646433
  },
  "linuxdo_84404_cookies": {
    "quota": 543.53,
    "used": 3006.47,
    "timestamp": 1772907454.2155628
  },
  "linux_chuang_cookies": {
    "quota": 1720.55,
    "used": 1629.45,
    "timestamp": 1772907476.021822
  },
  "linux_bwj_cookies": {
    "quota": 961.3,
    "used": 2213.7,
    "timestamp": 1772907485.334082
  },
  "linux_devbai_cookies": {
    "quota": 1410.41,
    "used": 1914.59,
    "timestamp": 1772907493.9233048
  },
  "linux_Yeahnet_cookies": {
    "quota": 1520.89,
    "used": 1804.11,
    "timestamp": 1772907502.1173878
  }
}