{
  "dctx_email": {
    "quota": 736.37,
    "used": 2113.63,
    "timestamp": 1768285066.6904411
  },
  "ljq_email": {
    "quota": 1028.06,
    "used": 1722.03,
    "timestamp": 1768285088.6060002
  },
  "zc_email": {
    "quota": 503.26,
    "used": 2233.7,
    "timestamp": 1768285108.5127363
  },
  "zj_email": {
    "quota": 1700.0,
    "used": 0.0,
    "timestamp": 1768285177.125232
  },
  "fks_email": {
    "quota": 1700.0,
    "used": 0.0,
    "timestamp": 1768285198.6774364
  },
  "dxh_email": {
    "quota": 1700.0,
    "used": 0.0,
    "timestamp": 1768285221.136648
  },
  "zhb_email": {
    "quota": 1700.0,
    "used": 0.0,
    "timestamp": 1768285243.3949442
  },
  "linuxdo_84404_cookies": {
    "quota": 1272.62,
    "used": 1152.38,
    "timestamp": 1768285117.6702561
  },
  "linux_chuang_cookies": {
    "quota": 2132.38,
    "used": 42.62,
    "timestamp": 1768285125.578427
  },
  "linux_bwj_cookies": {
    "quota": 275.04,
    "used": 1849.08,
    "timestamp": 1768198878.508116
  },
  "linux_devbai_cookies": {
    "quota": 235.41,
    "used": 1914.59,
    "timestamp": 1768285147.4281752
  },
  "linux_Yeahnet_cookies": {
    "quota": 488.51,
    "used": 1661.49,
    "timestamp": 1768285155.4286115
  }
}