{
  "dctx_email": {
    "quota": 811.37,
    "used": 2113.63,
    "timestamp": 1768544272.4044728
  },
  "ljq_email": {
    "quota": 1103.06,
    "used": 1722.03,
    "timestamp": 1768544294.9927576
  },
  "zc_email": {
    "quota": 578.26,
    "used": 2233.7,
    "timestamp": 1768544317.655198
  },
  "zj_email": {
    "quota": 1775.0,
    "used": 0.0,
    "timestamp": 1768544403.585367
  },
  "fks_email": {
    "quota": 1775.0,
    "used": 0.0,
    "timestamp": 1768544426.4931078
  },
  "dxh_email": {
    "quota": 1775.0,
    "used": 0.0,
    "timestamp": 1768544450.3330219
  },
  "zhb_email": {
    "quota": 1775.0,
    "used": 0.0,
    "timestamp": 1768544475.307955
  },
  "linuxdo_84404_cookies": {
    "quota": 1322.62,
    "used": 1152.38,
    "timestamp": 1768437995.669237
  },
  "linux_chuang_cookies": {
    "quota": 2191.99,
    "used": 58.01,
    "timestamp": 1768544342.0827844
  },
  "linux_bwj_cookies": {
    "quota": 275.04,
    "used": 1849.08,
    "timestamp": 1768198878.508116
  },
  "linux_devbai_cookies": {
    "quota": 310.41,
    "used": 1914.59,
    "timestamp": 1768544367.2560756
  },
  "linux_Yeahnet_cookies": {
    "quota": 438.26,
    "used": 1786.74,
    "timestamp": 1768544378.8820808
  }
}