{
  "dctx_email": {
    "quota": 1000.53,
    "used": 2174.47,
    "timestamp": 1769388858.3368788
  },
  "ljq_email": {
    "quota": 1353.06,
    "used": 1722.03,
    "timestamp": 1769388881.3280632
  },
  "zc_email": {
    "quota": 828.26,
    "used": 2233.7,
    "timestamp": 1769388904.021416
  },
  "zj_email": {
    "quota": 2025.0,
    "used": 0.0,
    "timestamp": 1769388985.159129
  },
  "fks_email": {
    "quota": 2025.0,
    "used": 0.0,
    "timestamp": 1769389007.8010254
  },
  "dxh_email": {
    "quota": 2025.0,
    "used": 0.0,
    "timestamp": 1769389029.5656059
  },
  "zhb_email": {
    "quota": 2025.0,
    "used": 0.0,
    "timestamp": 1769389053.2554355
  },
  "linuxdo_84404_cookies": {
    "quota": 1143.12,
    "used": 1506.88,
    "timestamp": 1769388912.7376568
  },
  "linux_chuang_cookies": {
    "quota": 2316.86,
    "used": 58.14,
    "timestamp": 1768976425.9971125
  },
  "linux_bwj_cookies": {
    "quota": 450.04,
    "used": 1849.08,
    "timestamp": 1769388935.4545457
  },
  "linux_devbai_cookies": {
    "quota": 435.41,
    "used": 1914.59,
    "timestamp": 1768976443.3059564
  },
  "linux_Yeahnet_cookies": {
    "quota": 563.26,
    "used": 1786.74,
    "timestamp": 1768976452.2607367
  }
}