{
  "dctx_email": {
    "quota": 274.18,
    "used": 1150.82,
    "timestamp": 1763360198.7584505
  },
  "ljq_email": {
    "quota": 1224.33,
    "used": 100.43,
    "timestamp": 1763360222.020589
  },
  "zc_email": {
    "quota": 1070.42,
    "used": 254.58,
    "timestamp": 1763360243.2170134
  },
  "zj_email": {
    "quota": 275.0,
    "used": 0.0,
    "timestamp": 1763360816.9691842
  },
  "fks_email": {
    "quota": 275.0,
    "used": 0.0,
    "timestamp": 1763360839.5925217
  },
  "dxh_email": {
    "quota": 275.0,
    "used": 0.0,
    "timestamp": 1763360862.7570746
  },
  "zhb_email": {
    "quota": 275.0,
    "used": 0.0,
    "timestamp": 1763360885.5436754
  }
}