{
  "dctx_email": {
    "quota": 998.45,
    "used": 1151.55,
    "timestamp": 1765887633.3850331
  },
  "ljq_email": {
    "quota": 328.06,
    "used": 1722.03,
    "timestamp": 1765887655.8240645
  },
  "zc_email": {
    "quota": 445.14,
    "used": 1591.82,
    "timestamp": 1765887678.2924116
  },
  "zj_email": {
    "quota": 1000.0,
    "used": 0.0,
    "timestamp": 1765887746.9395692
  },
  "fks_email": {
    "quota": 1000.0,
    "used": 0.0,
    "timestamp": 1765887768.8190415
  },
  "dxh_email": {
    "quota": 1000.0,
    "used": 0.0,
    "timestamp": 1765887792.3230317
  },
  "zhb_email": {
    "quota": 1000.0,
    "used": 0.0,
    "timestamp": 1765887816.7485895
  },
  "linuxdo_84404_cookies": {
    "quota": 572.62,
    "used": 1152.38,
    "timestamp": 1765887687.8710427
  },
  "linux_chuang_cookies": {
    "quota": 1472.68,
    "used": 2.32,
    "timestamp": 1765887698.120784
  },
  "linux_bwj_cookies": {
    "quota": 1450.0,
    "used": 0.0,
    "timestamp": 1765887707.0659053
  },
  "linux_devbai_cookies": {
    "quota": 1450.0,
    "used": 0.0,
    "timestamp": 1765887716.5311449
  },
  "linux_Yeahnet_cookies": {
    "quota": 1450.0,
    "used": 0.0,
    "timestamp": 1765887725.0655096
  }
}