{
  "dctx_email": {
    "quota": 922.3,
    "used": 1302.7,
    "timestamp": 1766105207.5619924
  },
  "ljq_email": {
    "quota": 403.06,
    "used": 1722.03,
    "timestamp": 1766105229.3739488
  },
  "zc_email": {
    "quota": 25.22,
    "used": 2086.74,
    "timestamp": 1766105250.329227
  },
  "zj_email": {
    "quota": 1075.0,
    "used": 0.0,
    "timestamp": 1766105311.7302208
  },
  "fks_email": {
    "quota": 1075.0,
    "used": 0.0,
    "timestamp": 1766105333.1808887
  },
  "dxh_email": {
    "quota": 1075.0,
    "used": 0.0,
    "timestamp": 1766105354.9481933
  },
  "zhb_email": {
    "quota": 1075.0,
    "used": 0.0,
    "timestamp": 1766105376.4790552
  },
  "linuxdo_84404_cookies": {
    "quota": 647.62,
    "used": 1152.38,
    "timestamp": 1766105258.1022766
  },
  "linux_chuang_cookies": {
    "quota": 1547.68,
    "used": 2.32,
    "timestamp": 1766105265.9330957
  },
  "linux_bwj_cookies": {
    "quota": 1525.0,
    "used": 0.0,
    "timestamp": 1766105273.8656707
  },
  "linux_devbai_cookies": {
    "quota": 1525.0,
    "used": 0.0,
    "timestamp": 1766105282.8199568
  },
  "linux_Yeahnet_cookies": {
    "quota": 1525.0,
    "used": 0.0,
    "timestamp": 1766105290.5733962
  }
}