{
  "dctx_email": {
    "quota": 766.54,
    "used": 3108.75,
    "timestamp": 1771808471.2029052
  },
  "ljq_email": {
    "quota": 774.03,
    "used": 3001.06,
    "timestamp": 1771808492.9146192
  },
  "zc_email": {
    "quota": 1541.13,
    "used": 2233.87,
    "timestamp": 1771808516.3524938
  },
  "zj_email": {
    "quota": 2725.0,
    "used": 0.0,
    "timestamp": 1771808585.074501
  },
  "fks_email": {
    "quota": 2725.0,
    "used": 0.0,
    "timestamp": 1771808607.2781386
  },
  "dxh_email": {
    "quota": 2725.0,
    "used": 0.0,
    "timestamp": 1771808629.593097
  },
  "zhb_email": {
    "quota": 2725.0,
    "used": 0.0,
    "timestamp": 1771808652.5324454
  },
  "linuxdo_84404_cookies": {
    "quota": 243.53,
    "used": 3006.47,
    "timestamp": 1771808526.173076
  },
  "linux_chuang_cookies": {
    "quota": 2850.44,
    "used": 199.56,
    "timestamp": 1771808534.4139917
  },
  "linux_bwj_cookies": {
    "quota": 1025.92,
    "used": 1849.08,
    "timestamp": 1771808544.1802514
  },
  "linux_devbai_cookies": {
    "quota": 1110.41,
    "used": 1914.59,
    "timestamp": 1771808552.6183681
  },
  "linux_Yeahnet_cookies": {
    "quota": 1238.26,
    "used": 1786.74,
    "timestamp": 1771808562.2596536
  }
}