{
  "dctx_email": {
    "quota": 661.37,
    "used": 2113.63,
    "timestamp": 1768025733.8852897
  },
  "ljq_email": {
    "quota": 953.06,
    "used": 1722.03,
    "timestamp": 1768025755.7577646
  },
  "zc_email": {
    "quota": 428.26,
    "used": 2233.7,
    "timestamp": 1768025777.0480142
  },
  "zj_email": {
    "quota": 1625.0,
    "used": 0.0,
    "timestamp": 1768025839.740125
  },
  "fks_email": {
    "quota": 1625.0,
    "used": 0.0,
    "timestamp": 1768025863.0258148
  },
  "dxh_email": {
    "quota": 1625.0,
    "used": 0.0,
    "timestamp": 1768025885.3148723
  },
  "zhb_email": {
    "quota": 1625.0,
    "used": 0.0,
    "timestamp": 1768025906.7883186
  },
  "linuxdo_84404_cookies": {
    "quota": 1197.62,
    "used": 1152.38,
    "timestamp": 1768025786.2072966
  },
  "linux_chuang_cookies": {
    "quota": 2058.99,
    "used": 41.01,
    "timestamp": 1768025793.989005
  },
  "linux_bwj_cookies": {
    "quota": 225.04,
    "used": 1849.08,
    "timestamp": 1768025801.9294825
  },
  "linux_devbai_cookies": {
    "quota": 160.41,
    "used": 1914.59,
    "timestamp": 1768025809.4212072
  },
  "linux_Yeahnet_cookies": {
    "quota": 1580.0,
    "used": 495.0,
    "timestamp": 1768025818.3495948
  }
}