{
  "dctx_email": {
    "quota": 536.37,
    "used": 2113.63,
    "timestamp": 1767637019.8237643
  },
  "ljq_email": {
    "quota": 828.06,
    "used": 1722.03,
    "timestamp": 1767637041.6486604
  },
  "zc_email": {
    "quota": 320.56,
    "used": 2216.4,
    "timestamp": 1767637065.7121556
  },
  "zj_email": {
    "quota": 1500.0,
    "used": 0.0,
    "timestamp": 1767637130.1963975
  },
  "fks_email": {
    "quota": 1500.0,
    "used": 0.0,
    "timestamp": 1767637152.8214152
  },
  "dxh_email": {
    "quota": 1500.0,
    "used": 0.0,
    "timestamp": 1767637175.0037081
  },
  "zhb_email": {
    "quota": 1500.0,
    "used": 0.0,
    "timestamp": 1767637196.676196
  },
  "linuxdo_84404_cookies": {
    "quota": 1072.62,
    "used": 1152.38,
    "timestamp": 1767637074.515102
  },
  "linux_chuang_cookies": {
    "quota": 1933.99,
    "used": 41.01,
    "timestamp": 1767637081.9079907
  },
  "linux_bwj_cookies": {
    "quota": 100.04,
    "used": 1849.08,
    "timestamp": 1767637090.0191374
  },
  "linux_devbai_cookies": {
    "quota": 944.86,
    "used": 1005.14,
    "timestamp": 1767637101.0837758
  },
  "linux_Yeahnet_cookies": {
    "quota": 1950.0,
    "used": 0.0,
    "timestamp": 1767637109.1541522
  }
}