{
  "dctx_email": {
    "quota": 1087.66,
    "used": 2287.34,
    "timestamp": 1770143965.5184264
  },
  "ljq_email": {
    "quota": 1553.06,
    "used": 1722.03,
    "timestamp": 1770143988.0535295
  },
  "zc_email": {
    "quota": 1028.26,
    "used": 2233.7,
    "timestamp": 1770144010.8174934
  },
  "zj_email": {
    "quota": 2225.0,
    "used": 0.0,
    "timestamp": 1770144080.9053166
  },
  "fks_email": {
    "quota": 2225.0,
    "used": 0.0,
    "timestamp": 1770144103.1109135
  },
  "dxh_email": {
    "quota": 2225.0,
    "used": 0.0,
    "timestamp": 1770144125.9896345
  },
  "zhb_email": {
    "quota": 2225.0,
    "used": 0.0,
    "timestamp": 1770144149.797668
  },
  "linuxdo_84404_cookies": {
    "quota": 1343.12,
    "used": 1506.88,
    "timestamp": 1770144019.8534536
  },
  "linux_chuang_cookies": {
    "quota": 2350.44,
    "used": 199.56,
    "timestamp": 1770144030.1114516
  },
  "linux_bwj_cookies": {
    "quota": 650.04,
    "used": 1849.08,
    "timestamp": 1770144040.0142994
  },
  "linux_devbai_cookies": {
    "quota": 610.41,
    "used": 1914.59,
    "timestamp": 1770144049.9406972
  },
  "linux_Yeahnet_cookies": {
    "quota": 738.26,
    "used": 1786.74,
    "timestamp": 1770144058.9146638
  }
}