{
  "dctx_email": {
    "quota": 691.54,
    "used": 3108.75,
    "timestamp": 1771590575.175753
  },
  "ljq_email": {
    "quota": 831.04,
    "used": 2869.05,
    "timestamp": 1771590598.805356
  },
  "zc_email": {
    "quota": 1466.3,
    "used": 2233.7,
    "timestamp": 1771590620.1832507
  },
  "zj_email": {
    "quota": 2650.0,
    "used": 0.0,
    "timestamp": 1771590685.0555952
  },
  "fks_email": {
    "quota": 2650.0,
    "used": 0.0,
    "timestamp": 1771590708.617841
  },
  "dxh_email": {
    "quota": 2650.0,
    "used": 0.0,
    "timestamp": 1771590732.1753476
  },
  "zhb_email": {
    "quota": 2650.0,
    "used": 0.0,
    "timestamp": 1771590756.2236004
  },
  "linuxdo_84404_cookies": {
    "quota": 168.69,
    "used": 3006.31,
    "timestamp": 1771590628.6200225
  },
  "linux_chuang_cookies": {
    "quota": 2775.44,
    "used": 199.56,
    "timestamp": 1771590637.367223
  },
  "linux_bwj_cookies": {
    "quota": 950.92,
    "used": 1849.08,
    "timestamp": 1771590645.5078347
  },
  "linux_devbai_cookies": {
    "quota": 1035.41,
    "used": 1914.59,
    "timestamp": 1771590654.0313752
  },
  "linux_Yeahnet_cookies": {
    "quota": 1163.26,
    "used": 1786.74,
    "timestamp": 1771590661.7338893
  }
}