{
  "dctx_email": {
    "quota": 561.37,
    "used": 2113.63,
    "timestamp": 1767660476.120662
  },
  "ljq_email": {
    "quota": 853.06,
    "used": 1722.03,
    "timestamp": 1767660497.4785411
  },
  "zc_email": {
    "quota": 345.56,
    "used": 2216.4,
    "timestamp": 1767660519.7949138
  },
  "zj_email": {
    "quota": 1525.0,
    "used": 0.0,
    "timestamp": 1767660583.4687817
  },
  "fks_email": {
    "quota": 1525.0,
    "used": 0.0,
    "timestamp": 1767660605.7101645
  },
  "dxh_email": {
    "quota": 1525.0,
    "used": 0.0,
    "timestamp": 1767660627.768735
  },
  "zhb_email": {
    "quota": 1525.0,
    "used": 0.0,
    "timestamp": 1767660650.1698153
  },
  "linuxdo_84404_cookies": {
    "quota": 1097.62,
    "used": 1152.38,
    "timestamp": 1767660528.5348032
  },
  "linux_chuang_cookies": {
    "quota": 1958.99,
    "used": 41.01,
    "timestamp": 1767660537.1485987
  },
  "linux_bwj_cookies": {
    "quota": 125.04,
    "used": 1849.08,
    "timestamp": 1767660544.5278327
  },
  "linux_devbai_cookies": {
    "quota": 969.86,
    "used": 1005.14,
    "timestamp": 1767660553.1912003
  },
  "linux_Yeahnet_cookies": {
    "quota": 1975.0,
    "used": 0.0,
    "timestamp": 1767660560.8688529
  }
}