{
  "dctx_email": {
    "quota": 661.37,
    "used": 2113.63,
    "timestamp": 1768006012.4287486
  },
  "ljq_email": {
    "quota": 953.06,
    "used": 1722.03,
    "timestamp": 1768006034.0838287
  },
  "zc_email": {
    "quota": 428.26,
    "used": 2233.7,
    "timestamp": 1768006056.3598976
  },
  "zj_email": {
    "quota": 1625.0,
    "used": 0.0,
    "timestamp": 1768006122.0712907
  },
  "fks_email": {
    "quota": 1625.0,
    "used": 0.0,
    "timestamp": 1768006145.0136747
  },
  "dxh_email": {
    "quota": 1625.0,
    "used": 0.0,
    "timestamp": 1768006167.779946
  },
  "zhb_email": {
    "quota": 1625.0,
    "used": 0.0,
    "timestamp": 1768006190.5039952
  },
  "linuxdo_84404_cookies": {
    "quota": 1197.62,
    "used": 1152.38,
    "timestamp": 1768006065.3555815
  },
  "linux_chuang_cookies": {
    "quota": 2058.99,
    "used": 41.01,
    "timestamp": 1768006073.9410114
  },
  "linux_bwj_cookies": {
    "quota": 225.04,
    "used": 1849.08,
    "timestamp": 1768006082.6131318
  },
  "linux_devbai_cookies": {
    "quota": 160.41,
    "used": 1914.59,
    "timestamp": 1768006090.496505
  },
  "linux_Yeahnet_cookies": {
    "quota": 1945.49,
    "used": 129.51,
    "timestamp": 1768006099.3246067
  }
}