{
  "dctx_email": {
    "quota": 636.37,
    "used": 2113.63,
    "timestamp": 1767919696.6706882
  },
  "ljq_email": {
    "quota": 928.06,
    "used": 1722.03,
    "timestamp": 1767919719.6258008
  },
  "zc_email": {
    "quota": 408.22,
    "used": 2228.74,
    "timestamp": 1767919740.9870715
  },
  "zj_email": {
    "quota": 1600.0,
    "used": 0.0,
    "timestamp": 1767919806.47361
  },
  "fks_email": {
    "quota": 1600.0,
    "used": 0.0,
    "timestamp": 1767919827.1526132
  },
  "dxh_email": {
    "quota": 1600.0,
    "used": 0.0,
    "timestamp": 1767919850.395363
  },
  "zhb_email": {
    "quota": 1600.0,
    "used": 0.0,
    "timestamp": 1767919871.9421556
  },
  "linuxdo_84404_cookies": {
    "quota": 1172.62,
    "used": 1152.38,
    "timestamp": 1767919748.9036334
  },
  "linux_chuang_cookies": {
    "quota": 2033.99,
    "used": 41.01,
    "timestamp": 1767919757.0766597
  },
  "linux_bwj_cookies": {
    "quota": 200.04,
    "used": 1849.08,
    "timestamp": 1767919766.0353878
  },
  "linux_devbai_cookies": {
    "quota": 153.14,
    "used": 1896.86,
    "timestamp": 1767919774.8951526
  },
  "linux_Yeahnet_cookies": {
    "quota": 2050.0,
    "used": 0.0,
    "timestamp": 1767919784.0765188
  }
}