{
  "dctx_email": {
    "quota": 841.54,
    "used": 3108.75,
    "timestamp": 1772109270.6865494
  },
  "ljq_email": {
    "quota": 847.92,
    "used": 3002.16,
    "timestamp": 1772109292.456426
  },
  "zc_email": {
    "quota": 1616.13,
    "used": 2233.87,
    "timestamp": 1772109315.559861
  },
  "zj_email": {
    "quota": 2800.0,
    "used": 0.0,
    "timestamp": 1772109378.0926993
  },
  "fks_email": {
    "quota": 2800.0,
    "used": 0.0,
    "timestamp": 1772109399.7723367
  },
  "dxh_email": {
    "quota": 2800.0,
    "used": 0.0,
    "timestamp": 1772109422.0125172
  },
  "zhb_email": {
    "quota": 2800.0,
    "used": 0.0,
    "timestamp": 1772109454.4390817
  },
  "linuxdo_84404_cookies": {
    "quota": 318.53,
    "used": 3006.47,
    "timestamp": 1772109323.7832808
  },
  "linux_chuang_cookies": {
    "quota": 2925.44,
    "used": 199.56,
    "timestamp": 1772109331.6257522
  },
  "linux_bwj_cookies": {
    "quota": 1019.49,
    "used": 1930.51,
    "timestamp": 1772109340.019022
  },
  "linux_devbai_cookies": {
    "quota": 1185.41,
    "used": 1914.59,
    "timestamp": 1772109349.0537927
  },
  "linux_Yeahnet_cookies": {
    "quota": 1313.26,
    "used": 1786.74,
    "timestamp": 1772109357.2719207
  }
}